timestamp,index,name,utilization.gpu,memory.used,power.draw,temperature.gpu,clocks.sm,clocks.memn2026/08/11 13:20:51.006, 0, NVIDIA GeForce RTX 4090, 0 %, 1 MiB, 18.71 W, 28, 210 MHz, 405 MHz
2026/08/11 13:20:56.014, 0, NVIDIA GeForce RTX 4090, 0 %, 1 MiB, 39.31 W, 28, 390 MHz, 810 MHz
2026/08/11 13:21:01.014, 0, NVIDIA GeForce RTX 4090, 0 %, 1 MiB, 18.60 W, 28, 210 MHz, 405 MHz
2026/08/11 13:21:06.015, 0, NVIDIA GeForce RTX 4090, 0 %, 1 MiB, 18.81 W, 28, 210 MHz, 405 MHz
2026/08/11 13:21:11.015, 0, NVIDIA GeForce RTX 4090, 0 %, 1 MiB, 19.01 W, 28, 210 MHz, 405 MHz
2026/08/11 13:21:16.016, 0, NVIDIA GeForce RTX 4090, 0 %, 1 MiB, 19.12 W, 28, 210 MHz, 405 MHz
2026/08/11 13:21:21.017, 0, NVIDIA GeForce RTX 4090, 0 %, 1 MiB, 19.33 W, 28, 210 MHz, 405 MHz
2026/08/11 13:21:26.017, 0, NVIDIA GeForce RTX 4090, 0 %, 1 MiB, 19.02 W, 28, 210 MHz, 405 MHz
2026/08/11 13:21:31.018, 0, NVIDIA GeForce RTX 4090, 0 %, 1 MiB, 19.34 W, 27, 210 MHz, 405 MHz
2026/08/11 13:21:36.019, 0, NVIDIA GeForce RTX 4090, 0 %, 1 MiB, 22.52 W, 28, 2520 MHz, 10501 MHz
2026/08/11 13:21:41.019, 0, NVIDIA GeForce RTX 4090, 0 %, 1 MiB, 21.16 W, 28, 210 MHz, 405 MHz
2026/08/11 13:21:46.021, 0, NVIDIA GeForce RTX 4090, 0 %, 1 MiB, 19.60 W, 28, 210 MHz, 405 MHz
2026/08/11 13:21:51.022, 0, NVIDIA GeForce RTX 4090, 0 %, 1 MiB, 19.25 W, 28, 210 MHz, 405 MHz
2026/08/11 13:21:56.022, 0, NVIDIA GeForce RTX 4090, 0 %, 1 MiB, 19.17 W, 28, 210 MHz, 405 MHz
2026/08/11 13:22:01.023, 0, NVIDIA GeForce RTX 4090, 0 %, 1 MiB, 19.17 W, 27, 210 MHz, 405 MHz
2026/08/11 13:22:06.024, 0, NVIDIA GeForce RTX 4090, 7 %, 1 MiB, 62.38 W, 29, 2520 MHz, 10501 MHz
2026/08/11 13:22:11.024, 0, NVIDIA GeForce RTX 4090, 0 %, 1 MiB, 19.48 W, 28, 210 MHz, 405 MHz
2026/08/11 13:22:16.025, 0, NVIDIA GeForce RTX 4090, 0 %, 1 MiB, 19.45 W, 28, 210 MHz, 405 MHz
2026/08/11 13:22:21.026, 0, NVIDIA GeForce RTX 4090, 0 %, 1 MiB, 19.20 W, 28, 210 MHz, 405 MHz
2026/08/11 13:22:26.026, 0, NVIDIA GeForce RTX 4090, 0 %, 1 MiB, 19.26 W, 28, 210 MHz, 405 MHz
2026/08/11 13:22:31.027, 0, NVIDIA GeForce RTX 4090, 0 %, 1 MiB, 19.61 W, 28, 210 MHz, 405 MHz
2026/08/11 13:22:36.028, 0, NVIDIA GeForce RTX 4090, 0 %, 1 MiB, 19.02 W, 28, 210 MHz, 405 MHz
2026/08/11 13:22:41.028, 0, NVIDIA GeForce RTX 4090, 0 %, 1 MiB, 19.12 W, 28, 210 MHz, 405 MHz
2026/08/11 13:22:46.029, 0, NVIDIA GeForce RTX 4090, 0 %, 1 MiB, 22.38 W, 28, 210 MHz, 405 MHz
2026/08/11 13:22:51.030, 0, NVIDIA GeForce RTX 4090, 0 %, 1 MiB, 19.31 W, 28, 210 MHz, 405 MHz
2026/08/11 13:22:56.031, 0, NVIDIA GeForce RTX 4090, 0 %, 1 MiB, 19.70 W, 28, 210 MHz, 405 MHz
2026/08/11 13:23:01.032, 0, NVIDIA GeForce RTX 4090, 0 %, 2252 MiB, 59.90 W, 29, 2520 MHz, 10251 MHz
2026/08/11 13:23:06.032, 0, NVIDIA GeForce RTX 4090, 5 %, 3564 MiB, 59.59 W, 29, 2520 MHz, 10251 MHz
2026/08/11 13:23:11.033, 0, NVIDIA GeForce RTX 4090, 2 %, 4812 MiB, 59.61 W, 30, 2520 MHz, 10251 MHz
2026/08/11 13:23:16.034, 0, NVIDIA GeForce RTX 4090, 0 %, 5900 MiB, 59.49 W, 30, 2520 MHz, 10251 MHz
2026/08/11 13:23:21.034, 0, NVIDIA GeForce RTX 4090, 1 %, 6828 MiB, 60.01 W, 30, 2520 MHz, 10251 MHz
2026/08/11 13:23:26.035, 0, NVIDIA GeForce RTX 4090, 0 %, 7948 MiB, 60.12 W, 30, 2520 MHz, 10251 MHz
2026/08/11 13:23:31.036, 0, NVIDIA GeForce RTX 4090, 3 %, 9068 MiB, 60.32 W, 30, 2520 MHz, 10251 MHz
2026/08/11 13:23:36.036, 0, NVIDIA GeForce RTX 4090, 3 %, 10060 MiB, 60.04 W, 30, 2520 MHz, 10251 MHz
2026/08/11 13:23:41.037, 0, NVIDIA GeForce RTX 4090, 3 %, 11052 MiB, 60.32 W, 31, 2520 MHz, 10251 MHz
2026/08/11 13:23:46.038, 0, NVIDIA GeForce RTX 4090, 2 %, 12044 MiB, 59.65 W, 31, 2520 MHz, 10251 MHz
2026/08/11 13:23:51.038, 0, NVIDIA GeForce RTX 4090, 3 %, 13100 MiB, 60.18 W, 31, 2520 MHz, 10251 MHz
2026/08/11 13:23:56.039, 0, NVIDIA GeForce RTX 4090, 0 %, 14188 MiB, 59.86 W, 31, 2520 MHz, 10251 MHz
2026/08/11 13:24:01.040, 0, NVIDIA GeForce RTX 4090, 0 %, 15308 MiB, 60.07 W, 31, 2520 MHz, 10251 MHz
2026/08/11 13:24:06.040, 0, NVIDIA GeForce RTX 4090, 3 %, 16300 MiB, 59.97 W, 31, 2520 MHz, 10251 MHz
2026/08/11 13:24:11.041, 0, NVIDIA GeForce RTX 4090, 1 %, 17836 MiB, 59.65 W, 31, 2520 MHz, 10251 MHz
2026/08/11 13:24:16.041, 0, NVIDIA GeForce RTX 4090, 99 %, 17864 MiB, 265.78 W, 42, 2760 MHz, 10251 MHz
2026/08/11 13:24:21.042, 0, NVIDIA GeForce RTX 4090, 100 %, 17864 MiB, 255.01 W, 42, 2760 MHz, 10251 MHz
2026/08/11 13:24:26.043, 0, NVIDIA GeForce RTX 4090, 97 %, 17864 MiB, 271.49 W, 45, 2760 MHz, 10251 MHz
2026/08/11 13:24:31.043, 0, NVIDIA GeForce RTX 4090, 100 %, 17864 MiB, 253.05 W, 45, 2760 MHz, 10251 MHz
2026/08/11 13:24:36.044, 0, NVIDIA GeForce RTX 4090, 99 %, 17896 MiB, 275.83 W, 45, 2760 MHz, 10251 MHz
2026/08/11 13:24:41.044, 0, NVIDIA GeForce RTX 4090, 100 %, 17896 MiB, 253.24 W, 45, 2760 MHz, 10251 MHz
2026/08/11 13:24:46.045, 0, NVIDIA GeForce RTX 4090, 99 %, 17896 MiB, 270.14 W, 47, 2760 MHz, 10251 MHz
2026/08/11 13:24:51.046, 0, NVIDIA GeForce RTX 4090, 89 %, 17864 MiB, 267.35 W, 48, 2760 MHz, 10251 MHz
2026/08/11 13:24:56.046, 0, NVIDIA GeForce RTX 4090, 100 %, 17864 MiB, 258.82 W, 48, 2745 MHz, 10251 MHz
2026/08/11 13:25:01.047, 0, NVIDIA GeForce RTX 4090, 99 %, 17864 MiB, 271.00 W, 48, 2745 MHz, 10251 MHz
2026/08/11 13:25:06.047, 0, NVIDIA GeForce RTX 4090, 100 %, 17864 MiB, 258.13 W, 50, 2745 MHz, 10251 MHz
2026/08/11 13:25:11.048, 0, NVIDIA GeForce RTX 4090, 99 %, 17864 MiB, 277.69 W, 50, 2745 MHz, 10251 MHz
2026/08/11 13:25:16.048, 0, NVIDIA GeForce RTX 4090, 100 %, 17896 MiB, 256.70 W, 50, 2745 MHz, 10251 MHz
2026/08/11 13:25:21.049, 0, NVIDIA GeForce RTX 4090, 100 %, 17896 MiB, 254.18 W, 49, 2745 MHz, 10251 MHz
2026/08/11 13:25:26.049, 0, NVIDIA GeForce RTX 4090, 99 %, 17896 MiB, 271.39 W, 51, 2745 MHz, 10251 MHz
2026/08/11 13:25:31.050, 0, NVIDIA GeForce RTX 4090, 99 %, 17864 MiB, 276.30 W, 51, 2745 MHz, 10251 MHz
2026/08/11 13:25:36.051, 0, NVIDIA GeForce RTX 4090, 99 %, 17864 MiB, 276.76 W, 52, 2745 MHz, 10251 MHz
2026/08/11 13:25:41.051, 0, NVIDIA GeForce RTX 4090, 100 %, 17864 MiB, 268.50 W, 53, 2745 MHz, 10251 MHz
2026/08/11 13:25:46.052, 0, NVIDIA GeForce RTX 4090, 100 %, 17864 MiB, 258.43 W, 52, 2745 MHz, 10251 MHz
2026/08/11 13:25:51.052, 0, NVIDIA GeForce RTX 4090, 100 %, 17864 MiB, 258.23 W, 52, 2745 MHz, 10251 MHz
2026/08/11 13:25:56.053, 0, NVIDIA GeForce RTX 4090, 100 %, 17864 MiB, 266.30 W, 52, 2745 MHz, 10251 MHz
2026/08/11 13:26:01.054, 0, NVIDIA GeForce RTX 4090, 99 %, 17864 MiB, 279.70 W, 53, 2745 MHz, 10251 MHz
2026/08/11 13:26:06.055, 0, NVIDIA GeForce RTX 4090, 100 %, 17896 MiB, 256.92 W, 53, 2745 MHz, 10251 MHz
2026/08/11 13:26:11.055, 0, NVIDIA GeForce RTX 4090, 100 %, 17896 MiB, 256.95 W, 53, 2745 MHz, 10251 MHz
2026/08/11 13:26:16.056, 0, NVIDIA GeForce RTX 4090, 100 %, 17896 MiB, 256.64 W, 53, 2745 MHz, 10251 MHz
2026/08/11 13:26:21.056, 0, NVIDIA GeForce RTX 4090, 100 %, 17896 MiB, 256.77 W, 53, 2745 MHz, 10251 MHz
2026/08/11 13:26:26.057, 0, NVIDIA GeForce RTX 4090, 99 %, 17864 MiB, 279.10 W, 54, 2745 MHz, 10251 MHz
2026/08/11 13:26:31.057, 0, NVIDIA GeForce RTX 4090, 100 %, 17864 MiB, 267.04 W, 55, 2745 MHz, 10251 MHz
2026/08/11 13:26:36.058, 0, NVIDIA GeForce RTX 4090, 100 %, 17864 MiB, 260.67 W, 54, 2745 MHz, 10251 MHz
2026/08/11 13:26:41.059, 0, NVIDIA GeForce RTX 4090, 99 %, 17864 MiB, 282.30 W, 55, 2745 MHz, 10251 MHz
2026/08/11 13:26:46.059, 0, NVIDIA GeForce RTX 4090, 84 %, 260 MiB, 82.76 W, 48, 2745 MHz, 10501 MHz
2026/08/11 13:26:51.060, 0, NVIDIA GeForce RTX 4090, 0 %, 2188 MiB, 64.21 W, 45, 2520 MHz, 10251 MHz
2026/08/11 13:26:56.060, 0, NVIDIA GeForce RTX 4090, 2 %, 3596 MiB, 63.46 W, 44, 2520 MHz, 10251 MHz
2026/08/11 13:27:01.061, 0, NVIDIA GeForce RTX 4090, 0 %, 4812 MiB, 62.51 W, 43, 2520 MHz, 10251 MHz
2026/08/11 13:27:06.062, 0, NVIDIA GeForce RTX 4090, 3 %, 5900 MiB, 62.12 W, 42, 2520 MHz, 10251 MHz
2026/08/11 13:27:11.062, 0, NVIDIA GeForce RTX 4090, 0 %, 7020 MiB, 61.78 W, 41, 2520 MHz, 10251 MHz
2026/08/11 13:27:16.063, 0, NVIDIA GeForce RTX 4090, 3 %, 8140 MiB, 61.51 W, 40, 2520 MHz, 10251 MHz
2026/08/11 13:27:21.064, 0, NVIDIA GeForce RTX 4090, 3 %, 9260 MiB, 61.00 W, 40, 2520 MHz, 10251 MHz
2026/08/11 13:27:26.064, 0, NVIDIA GeForce RTX 4090, 0 %, 10284 MiB, 60.42 W, 39, 2520 MHz, 10251 MHz
2026/08/11 13:27:31.065, 0, NVIDIA GeForce RTX 4090, 0 %, 11340 MiB, 60.42 W, 38, 2520 MHz, 10251 MHz
2026/08/11 13:27:36.065, 0, NVIDIA GeForce RTX 4090, 0 %, 12428 MiB, 60.46 W, 38, 2520 MHz, 10251 MHz
2026/08/11 13:27:41.066, 0, NVIDIA GeForce RTX 4090, 0 %, 13484 MiB, 60.23 W, 37, 2520 MHz, 10251 MHz
2026/08/11 13:27:46.067, 0, NVIDIA GeForce RTX 4090, 0 %, 14540 MiB, 60.20 W, 37, 2520 MHz, 10251 MHz
2026/08/11 13:27:51.067, 0, NVIDIA GeForce RTX 4090, 0 %, 15596 MiB, 60.27 W, 37, 2520 MHz, 10251 MHz
2026/08/11 13:27:56.068, 0, NVIDIA GeForce RTX 4090, 3 %, 16620 MiB, 59.84 W, 36, 2520 MHz, 10251 MHz
2026/08/11 13:28:01.068, 0, NVIDIA GeForce RTX 4090, 7 %, 17740 MiB, 59.90 W, 36, 2520 MHz, 10251 MHz
2026/08/11 13:28:06.069, 0, NVIDIA GeForce RTX 4090, 0 %, 18924 MiB, 60.20 W, 36, 2520 MHz, 10251 MHz
2026/08/11 13:28:11.069, 0, NVIDIA GeForce RTX 4090, 100 %, 20356 MiB, 256.41 W, 43, 2760 MHz, 10251 MHz
2026/08/11 13:28:16.070, 0, NVIDIA GeForce RTX 4090, 100 %, 19844 MiB, 256.42 W, 47, 2760 MHz, 10251 MHz
2026/08/11 13:28:21.071, 0, NVIDIA GeForce RTX 4090, 100 %, 19876 MiB, 248.04 W, 46, 2760 MHz, 10251 MHz
2026/08/11 13:28:26.071, 0, NVIDIA GeForce RTX 4090, 100 %, 19844 MiB, 255.07 W, 46, 2760 MHz, 10251 MHz
2026/08/11 13:28:31.072, 0, NVIDIA GeForce RTX 4090, 1 %, 19844 MiB, 140.49 W, 45, 2760 MHz, 10251 MHz
2026/08/11 13:28:36.073, 0, NVIDIA GeForce RTX 4090, 100 %, 22116 MiB, 255.10 W, 48, 2745 MHz, 10251 MHz
2026/08/11 13:28:41.073, 0, NVIDIA GeForce RTX 4090, 100 %, 22116 MiB, 252.91 W, 51, 2745 MHz, 10251 MHz
2026/08/11 13:28:46.074, 0, NVIDIA GeForce RTX 4090, 96 %, 19876 MiB, 289.51 W, 52, 2745 MHz, 10251 MHz
2026/08/11 13:28:51.075, 0, NVIDIA GeForce RTX 4090, 100 %, 19876 MiB, 275.21 W, 52, 2745 MHz, 10251 MHz
2026/08/11 13:28:56.075, 0, NVIDIA GeForce RTX 4090, 100 %, 19876 MiB, 253.48 W, 50, 2745 MHz, 10251 MHz
2026/08/11 13:29:01.076, 0, NVIDIA GeForce RTX 4090, 100 %, 19876 MiB, 314.22 W, 54, 2745 MHz, 10251 MHz
2026/08/11 13:29:06.077, 0, NVIDIA GeForce RTX 4090, 97 %, 19876 MiB, 302.56 W, 52, 2745 MHz, 10251 MHz
2026/08/11 13:29:11.077, 0, NVIDIA GeForce RTX 4090, 100 %, 19876 MiB, 264.72 W, 52, 2745 MHz, 10251 MHz
2026/08/11 13:29:16.078, 0, NVIDIA GeForce RTX 4090, 100 %, 19844 MiB, 258.05 W, 52, 2745 MHz, 10251 MHz
2026/08/11 13:29:21.078, 0, NVIDIA GeForce RTX 4090, 100 %, 19844 MiB, 276.83 W, 52, 2745 MHz, 10251 MHz
2026/08/11 13:29:26.079, 0, NVIDIA GeForce RTX 4090, 100 %, 19876 MiB, 298.44 W, 55, 2745 MHz, 10251 MHz
2026/08/11 13:29:31.080, 0, NVIDIA GeForce RTX 4090, 100 %, 19876 MiB, 252.49 W, 53, 2745 MHz, 10251 MHz
2026/08/11 13:29:36.080, 0, NVIDIA GeForce RTX 4090, 100 %, 19876 MiB, 256.09 W, 53, 2745 MHz, 10251 MHz
2026/08/11 13:29:41.081, 0, NVIDIA GeForce RTX 4090, 100 %, 19876 MiB, 307.02 W, 57, 2745 MHz, 10251 MHz
2026/08/11 13:29:46.081, 0, NVIDIA GeForce RTX 4090, 100 %, 22116 MiB, 255.87 W, 54, 2745 MHz, 10251 MHz
2026/08/11 13:29:51.082, 0, NVIDIA GeForce RTX 4090, 100 %, 19876 MiB, 286.64 W, 54, 2745 MHz, 10251 MHz
2026/08/11 13:29:56.082, 0, NVIDIA GeForce RTX 4090, 0 %, 1 MiB, 71.63 W, 46, 600 MHz, 5001 MHz
2026/08/11 13:30:01.083, 0, NVIDIA GeForce RTX 4090, 3 %, 2604 MiB, 64.10 W, 44, 2520 MHz, 10251 MHz
2026/08/11 13:30:06.083, 0, NVIDIA GeForce RTX 4090, 0 %, 4044 MiB, 63.17 W, 43, 2520 MHz, 10251 MHz
2026/08/11 13:30:11.084, 0, NVIDIA GeForce RTX 4090, 0 %, 5164 MiB, 62.39 W, 42, 2520 MHz, 10251 MHz
2026/08/11 13:30:16.085, 0, NVIDIA GeForce RTX 4090, 3 %, 6316 MiB, 62.72 W, 41, 2520 MHz, 10251 MHz
2026/08/11 13:30:21.086, 0, NVIDIA GeForce RTX 4090, 0 %, 7436 MiB, 61.93 W, 41, 2520 MHz, 10251 MHz
2026/08/11 13:30:26.086, 0, NVIDIA GeForce RTX 4090, 0 %, 8556 MiB, 61.65 W, 40, 2520 MHz, 10251 MHz
2026/08/11 13:30:31.087, 0, NVIDIA GeForce RTX 4090, 1 %, 9644 MiB, 61.23 W, 39, 2520 MHz, 10251 MHz
2026/08/11 13:30:36.087, 0, NVIDIA GeForce RTX 4090, 3 %, 10764 MiB, 60.42 W, 39, 2520 MHz, 10251 MHz
2026/08/11 13:30:41.088, 0, NVIDIA GeForce RTX 4090, 2 %, 11756 MiB, 60.87 W, 38, 2520 MHz, 10251 MHz
2026/08/11 13:30:46.089, 0, NVIDIA GeForce RTX 4090, 4 %, 12748 MiB, 60.41 W, 38, 2520 MHz, 10251 MHz
2026/08/11 13:30:51.091, 0, NVIDIA GeForce RTX 4090, 3 %, 13772 MiB, 59.90 W, 37, 2520 MHz, 10251 MHz
2026/08/11 13:30:56.092, 0, NVIDIA GeForce RTX 4090, 3 %, 14892 MiB, 60.18 W, 37, 2520 MHz, 10251 MHz
2026/08/11 13:31:01.092, 0, NVIDIA GeForce RTX 4090, 3 %, 15948 MiB, 59.92 W, 36, 2520 MHz, 10251 MHz
2026/08/11 13:31:06.093, 0, NVIDIA GeForce RTX 4090, 0 %, 16972 MiB, 59.56 W, 36, 2520 MHz, 10251 MHz
2026/08/11 13:31:11.093, 0, NVIDIA GeForce RTX 4090, 0 %, 18124 MiB, 59.09 W, 36, 2520 MHz, 10251 MHz
2026/08/11 13:31:16.094, 0, NVIDIA GeForce RTX 4090, 0 %, 19244 MiB, 59.48 W, 35, 2520 MHz, 10251 MHz
2026/08/11 13:31:21.094, 0, NVIDIA GeForce RTX 4090, 100 %, 22116 MiB, 254.61 W, 44, 2760 MHz, 10251 MHz
2026/08/11 13:31:26.095, 0, NVIDIA GeForce RTX 4090, 100 %, 19844 MiB, 264.82 W, 45, 2760 MHz, 10251 MHz
2026/08/11 13:31:31.095, 0, NVIDIA GeForce RTX 4090, 100 %, 19844 MiB, 251.57 W, 46, 2760 MHz, 10251 MHz
2026/08/11 13:31:36.096, 0, NVIDIA GeForce RTX 4090, 100 %, 19844 MiB, 252.20 W, 46, 2760 MHz, 10251 MHz
2026/08/11 13:31:41.096, 0, NVIDIA GeForce RTX 4090, 100 %, 19876 MiB, 327.46 W, 50, 2745 MHz, 10251 MHz
2026/08/11 13:31:46.097, 0, NVIDIA GeForce RTX 4090, 100 %, 22116 MiB, 268.92 W, 48, 2745 MHz, 10251 MHz
2026/08/11 13:31:51.098, 0, NVIDIA GeForce RTX 4090, 100 %, 22116 MiB, 255.54 W, 49, 2745 MHz, 10251 MHz
2026/08/11 13:31:56.099, 0, NVIDIA GeForce RTX 4090, 100 %, 20164 MiB, 266.70 W, 52, 2745 MHz, 10251 MHz
2026/08/11 13:32:01.099, 0, NVIDIA GeForce RTX 4090, 100 %, 22116 MiB, 254.26 W, 50, 2745 MHz, 10251 MHz
2026/08/11 13:32:06.100, 0, NVIDIA GeForce RTX 4090, 100 %, 19876 MiB, 256.01 W, 50, 2745 MHz, 10251 MHz
2026/08/11 13:32:11.100, 0, NVIDIA GeForce RTX 4090, 86 %, 21796 MiB, 298.01 W, 54, 2745 MHz, 10251 MHz
2026/08/11 13:32:16.101, 0, NVIDIA GeForce RTX 4090, 100 %, 19876 MiB, 317.18 W, 52, 2745 MHz, 10251 MHz
2026/08/11 13:32:21.102, 0, NVIDIA GeForce RTX 4090, 84 %, 19876 MiB, 277.81 W, 52, 2745 MHz, 10251 MHz
2026/08/11 13:32:26.103, 0, NVIDIA GeForce RTX 4090, 100 %, 19844 MiB, 254.09 W, 54, 2745 MHz, 10251 MHz
2026/08/11 13:32:31.103, 0, NVIDIA GeForce RTX 4090, 1 %, 19876 MiB, 165.39 W, 50, 2745 MHz, 10251 MHz
2026/08/11 13:32:36.104, 0, NVIDIA GeForce RTX 4090, 100 %, 19876 MiB, 257.95 W, 52, 2745 MHz, 10251 MHz
2026/08/11 13:32:41.105, 0, NVIDIA GeForce RTX 4090, 100 %, 19876 MiB, 254.42 W, 52, 2745 MHz, 10251 MHz
2026/08/11 13:32:46.105, 0, NVIDIA GeForce RTX 4090, 100 %, 19876 MiB, 297.48 W, 55, 2745 MHz, 10251 MHz
2026/08/11 13:32:51.106, 0, NVIDIA GeForce RTX 4090, 100 %, 22116 MiB, 269.13 W, 56, 2745 MHz, 10251 MHz
2026/08/11 13:32:56.106, 0, NVIDIA GeForce RTX 4090, 83 %, 19876 MiB, 282.16 W, 53, 2745 MHz, 10251 MHz
2026/08/11 13:33:01.107, 0, NVIDIA GeForce RTX 4090, 100 %, 22116 MiB, 289.50 W, 56, 2745 MHz, 10251 MHz
2026/08/11 13:33:06.107, 0, NVIDIA GeForce RTX 4090, 0 %, 1 MiB, 31.25 W, 44, 315 MHz, 405 MHz
2026/08/11 13:33:11.108, 0, NVIDIA GeForce RTX 4090, 0 %, 1 MiB, 21.80 W, 42, 210 MHz, 405 MHz
2026/08/11 13:33:16.109, 0, NVIDIA GeForce RTX 4090, 0 %, 1 MiB, 21.61 W, 41, 210 MHz, 405 MHz
2026/08/11 13:33:21.110, 0, NVIDIA GeForce RTX 4090, 0 %, 1 MiB, 21.56 W, 40, 210 MHz, 405 MHz
2026/08/11 13:33:26.111, 0, NVIDIA GeForce RTX 4090, 0 %, 1 MiB, 21.38 W, 39, 210 MHz, 405 MHz
2026/08/11 13:33:31.112, 0, NVIDIA GeForce RTX 4090, 0 %, 1 MiB, 21.19 W, 38, 210 MHz, 405 MHz
2026/08/11 13:33:36.112, 0, NVIDIA GeForce RTX 4090, 0 %, 1 MiB, 20.41 W, 37, 210 MHz, 405 MHz
2026/08/11 13:33:41.113, 0, NVIDIA GeForce RTX 4090, 0 %, 1 MiB, 20.56 W, 36, 210 MHz, 405 MHz
2026/08/11 13:33:46.114, 0, NVIDIA GeForce RTX 4090, 0 %, 1 MiB, 20.27 W, 36, 210 MHz, 405 MHz
2026/08/11 13:33:51.115, 0, NVIDIA GeForce RTX 4090, 0 %, 1 MiB, 20.15 W, 35, 210 MHz, 405 MHz
2026/08/11 13:33:56.115, 0, NVIDIA GeForce RTX 4090, 0 %, 1 MiB, 20.67 W, 35, 210 MHz, 405 MHz
2026/08/11 13:34:01.116, 0, NVIDIA GeForce RTX 4090, 0 %, 1 MiB, 20.33 W, 34, 210 MHz, 405 MHz
2026/08/11 13:34:06.117, 0, NVIDIA GeForce RTX 4090, 0 %, 1 MiB, 20.18 W, 34, 210 MHz, 405 MHz
2026/08/11 13:34:11.117, 0, NVIDIA GeForce RTX 4090, 0 %, 1 MiB, 19.75 W, 33, 210 MHz, 405 MHz
2026/08/11 13:34:16.118, 0, NVIDIA GeForce RTX 4090, 0 %, 1 MiB, 19.88 W, 33, 210 MHz, 405 MHz
2026/08/11 13:34:21.119, 0, NVIDIA GeForce RTX 4090, 0 %, 1 MiB, 20.07 W, 32, 210 MHz, 405 MHz
2026/08/11 13:34:26.119, 0, NVIDIA GeForce RTX 4090, 0 %, 1 MiB, 19.95 W, 32, 210 MHz, 405 MHz
2026/08/11 13:34:31.120, 0, NVIDIA GeForce RTX 4090, 0 %, 1 MiB, 19.86 W, 32, 210 MHz, 405 MHz
2026/08/11 13:34:36.121, 0, NVIDIA GeForce RTX 4090, 0 %, 1 MiB, 19.85 W, 31, 210 MHz, 405 MHz
2026/08/11 13:34:41.121, 0, NVIDIA GeForce RTX 4090, 0 %, 1 MiB, 19.75 W, 31, 210 MHz, 405 MHz
2026/08/11 13:34:46.122, 0, NVIDIA GeForce RTX 4090, 0 %, 1 MiB, 19.90 W, 31, 210 MHz, 405 MHz
2026/08/11 13:34:51.122, 0, NVIDIA GeForce RTX 4090, 0 %, 1 MiB, 19.85 W, 31, 210 MHz, 405 MHz
2026/08/11 13:34:56.123, 0, NVIDIA GeForce RTX 4090, 0 %, 1 MiB, 19.58 W, 30, 210 MHz, 405 MHz
2026/08/11 13:35:01.123, 0, NVIDIA GeForce RTX 4090, 0 %, 1 MiB, 19.81 W, 30, 210 MHz, 405 MHz
2026/08/11 13:35:06.124, 0, NVIDIA GeForce RTX 4090, 0 %, 1 MiB, 19.69 W, 30, 210 MHz, 405 MHz
2026/08/11 13:35:11.125, 0, NVIDIA GeForce RTX 4090, 0 %, 1 MiB, 19.79 W, 30, 210 MHz, 405 MHz
2026/08/11 13:35:16.125, 0, NVIDIA GeForce RTX 4090, 0 %, 1 MiB, 19.85 W, 30, 210 MHz, 405 MHz
2026/08/11 13:35:21.126, 0, NVIDIA GeForce RTX 4090, 0 %, 1 MiB, 19.86 W, 29, 210 MHz, 405 MHz
2026/08/11 13:35:26.126, 0, NVIDIA GeForce RTX 4090, 0 %, 1 MiB, 19.53 W, 29, 210 MHz, 405 MHz
2026/08/11 13:35:31.127, 0, NVIDIA GeForce RTX 4090, 0 %, 1 MiB, 19.51 W, 29, 210 MHz, 405 MHz
2026/08/11 13:35:36.127, 0, NVIDIA GeForce RTX 4090, 0 %, 1 MiB, 19.64 W, 29, 210 MHz, 405 MHz
2026/08/11 13:35:41.128, 0, NVIDIA GeForce RTX 4090, 0 %, 1 MiB, 19.38 W, 29, 210 MHz, 405 MHz
2026/08/11 13:35:46.129, 0, NVIDIA GeForce RTX 4090, 0 %, 1 MiB, 19.77 W, 29, 210 MHz, 405 MHz
2026/08/11 13:35:51.130, 0, NVIDIA GeForce RTX 4090, 0 %, 1 MiB, 19.30 W, 29, 210 MHz, 405 MHz
2026/08/11 13:35:56.130, 0, NVIDIA GeForce RTX 4090, 0 %, 1 MiB, 19.26 W, 29, 210 MHz, 405 MHz
2026/08/11 13:36:01.131, 0, NVIDIA GeForce RTX 4090, 0 %, 1 MiB, 18.73 W, 29, 210 MHz, 405 MHz
2026/08/11 13:36:06.131, 0, NVIDIA GeForce RTX 4090, 0 %, 1 MiB, 19.34 W, 29, 210 MHz, 405 MHz
2026/08/11 13:36:11.132, 0, NVIDIA GeForce RTX 4090, 0 %, 1 MiB, 19.10 W, 28, 210 MHz, 405 MHz
2026/08/11 13:36:16.133, 0, NVIDIA GeForce RTX 4090, 0 %, 1 MiB, 19.35 W, 28, 210 MHz, 405 MHz
2026/08/11 13:36:21.133, 0, NVIDIA GeForce RTX 4090, 0 %, 2508 MiB, 58.49 W, 30, 2520 MHz, 10251 MHz
2026/08/11 13:36:26.134, 0, NVIDIA GeForce RTX 4090, 2 %, 3884 MiB, 58.14 W, 30, 2520 MHz, 10251 MHz
2026/08/11 13:36:31.135, 0, NVIDIA GeForce RTX 4090, 0 %, 4940 MiB, 58.50 W, 30, 2520 MHz, 10251 MHz
2026/08/11 13:36:36.136, 0, NVIDIA GeForce RTX 4090, 0 %, 5996 MiB, 57.91 W, 30, 2520 MHz, 10251 MHz
2026/08/11 13:36:41.136, 0, NVIDIA GeForce RTX 4090, 3 %, 7020 MiB, 58.39 W, 31, 2520 MHz, 10251 MHz
2026/08/11 13:36:46.137, 0, NVIDIA GeForce RTX 4090, 3 %, 8204 MiB, 57.86 W, 31, 2520 MHz, 10251 MHz
2026/08/11 13:36:51.137, 0, NVIDIA GeForce RTX 4090, 0 %, 9260 MiB, 58.16 W, 31, 2520 MHz, 10251 MHz
2026/08/11 13:36:56.138, 0, NVIDIA GeForce RTX 4090, 0 %, 10284 MiB, 58.03 W, 31, 2520 MHz, 10251 MHz
2026/08/11 13:37:01.139, 0, NVIDIA GeForce RTX 4090, 0 %, 11340 MiB, 58.31 W, 31, 2520 MHz, 10251 MHz
2026/08/11 13:37:06.139, 0, NVIDIA GeForce RTX 4090, 0 %, 12364 MiB, 58.22 W, 31, 2520 MHz, 10251 MHz
2026/08/11 13:37:11.140, 0, NVIDIA GeForce RTX 4090, 0 %, 13452 MiB, 58.23 W, 31, 2520 MHz, 10251 MHz
2026/08/11 13:37:16.141, 0, NVIDIA GeForce RTX 4090, 0 %, 14540 MiB, 58.13 W, 31, 2520 MHz, 10251 MHz
2026/08/11 13:37:21.141, 0, NVIDIA GeForce RTX 4090, 0 %, 15596 MiB, 58.06 W, 31, 2520 MHz, 10251 MHz
2026/08/11 13:37:26.142, 0, NVIDIA GeForce RTX 4090, 0 %, 16716 MiB, 58.18 W, 32, 2520 MHz, 10251 MHz
2026/08/11 13:37:31.143, 0, NVIDIA GeForce RTX 4090, 100 %, 17864 MiB, 249.77 W, 39, 2775 MHz, 10251 MHz
2026/08/11 13:37:36.143, 0, NVIDIA GeForce RTX 4090, 100 %, 17864 MiB, 251.76 W, 41, 2760 MHz, 10251 MHz
2026/08/11 13:37:41.144, 0, NVIDIA GeForce RTX 4090, 100 %, 17864 MiB, 250.74 W, 42, 2760 MHz, 10251 MHz
2026/08/11 13:37:46.145, 0, NVIDIA GeForce RTX 4090, 100 %, 17864 MiB, 256.09 W, 43, 2760 MHz, 10251 MHz
2026/08/11 13:37:51.146, 0, NVIDIA GeForce RTX 4090, 0 %, 396 MiB, 31.01 W, 35, 2520 MHz, 10501 MHz
2026/08/11 13:37:56.146, 0, NVIDIA GeForce RTX 4090, 0 %, 3084 MiB, 59.55 W, 35, 2520 MHz, 10251 MHz
2026/08/11 13:38:01.147, 0, NVIDIA GeForce RTX 4090, 0 %, 4396 MiB, 59.57 W, 35, 2520 MHz, 10251 MHz
2026/08/11 13:38:06.148, 0, NVIDIA GeForce RTX 4090, 0 %, 5516 MiB, 59.51 W, 34, 2520 MHz, 10251 MHz
2026/08/11 13:38:11.148, 0, NVIDIA GeForce RTX 4090, 3 %, 6668 MiB, 60.02 W, 34, 2520 MHz, 10251 MHz
2026/08/11 13:38:16.149, 0, NVIDIA GeForce RTX 4090, 1 %, 7788 MiB, 58.89 W, 34, 2520 MHz, 10251 MHz
2026/08/11 13:38:21.150, 0, NVIDIA GeForce RTX 4090, 0 %, 8876 MiB, 58.98 W, 34, 2520 MHz, 10251 MHz
2026/08/11 13:38:26.151, 0, NVIDIA GeForce RTX 4090, 3 %, 10060 MiB, 59.28 W, 34, 2520 MHz, 10251 MHz
2026/08/11 13:38:31.151, 0, NVIDIA GeForce RTX 4090, 0 %, 11116 MiB, 59.85 W, 33, 2520 MHz, 10251 MHz
2026/08/11 13:38:36.152, 0, NVIDIA GeForce RTX 4090, 1 %, 12236 MiB, 59.49 W, 33, 2520 MHz, 10251 MHz
2026/08/11 13:38:41.153, 0, NVIDIA GeForce RTX 4090, 0 %, 13324 MiB, 59.59 W, 33, 2520 MHz, 10251 MHz
2026/08/11 13:38:46.153, 0, NVIDIA GeForce RTX 4090, 3 %, 14412 MiB, 59.74 W, 33, 2520 MHz, 10251 MHz
2026/08/11 13:38:51.154, 0, NVIDIA GeForce RTX 4090, 2 %, 15500 MiB, 59.75 W, 33, 2520 MHz, 10251 MHz
2026/08/11 13:38:56.155, 0, NVIDIA GeForce RTX 4090, 0 %, 16620 MiB, 60.12 W, 33, 2520 MHz, 10251 MHz
2026/08/11 13:39:01.155, 0, NVIDIA GeForce RTX 4090, 4 %, 17772 MiB, 59.58 W, 33, 2520 MHz, 10251 MHz
2026/08/11 13:39:06.156, 0, NVIDIA GeForce RTX 4090, 4 %, 18924 MiB, 59.33 W, 33, 2520 MHz, 10251 MHz
2026/08/11 13:39:11.157, 0, NVIDIA GeForce RTX 4090, 85 %, 19844 MiB, 244.75 W, 41, 2760 MHz, 10251 MHz
2026/08/11 13:39:16.158, 0, NVIDIA GeForce RTX 4090, 100 %, 19844 MiB, 252.32 W, 42, 2760 MHz, 10251 MHz
2026/08/11 13:39:21.158, 0, NVIDIA GeForce RTX 4090, 100 %, 19844 MiB, 252.59 W, 43, 2760 MHz, 10251 MHz
2026/08/11 13:39:26.159, 0, NVIDIA GeForce RTX 4090, 0 %, 280 MiB, 79.56 W, 38, 2760 MHz, 10501 MHz
2026/08/11 13:39:31.160, 0, NVIDIA GeForce RTX 4090, 0 %, 1 MiB, 33.32 W, 35, 225 MHz, 810 MHz
2026/08/11 13:39:36.160, 0, NVIDIA GeForce RTX 4090, 0 %, 1 MiB, 20.98 W, 34, 210 MHz, 405 MHz
2026/08/11 13:39:41.161, 0, NVIDIA GeForce RTX 4090, 0 %, 1 MiB, 20.37 W, 34, 210 MHz, 405 MHz
2026/08/11 13:39:46.162, 0, NVIDIA GeForce RTX 4090, 0 %, 1 MiB, 20.61 W, 33, 210 MHz, 405 MHz
2026/08/11 13:39:51.163, 0, NVIDIA GeForce RTX 4090, 0 %, 1 MiB, 20.61 W, 33, 210 MHz, 405 MHz
2026/08/11 13:39:56.163, 0, NVIDIA GeForce RTX 4090, 0 %, 1 MiB, 19.67 W, 32, 210 MHz, 405 MHz
2026/08/11 13:40:01.164, 0, NVIDIA GeForce RTX 4090, 0 %, 1 MiB, 19.56 W, 32, 210 MHz, 405 MHz
2026/08/11 13:40:06.164, 0, NVIDIA GeForce RTX 4090, 0 %, 1 MiB, 19.70 W, 32, 210 MHz, 405 MHz
2026/08/11 13:40:11.165, 0, NVIDIA GeForce RTX 4090, 0 %, 1 MiB, 19.67 W, 31, 210 MHz, 405 MHz
2026/08/11 13:40:16.165, 0, NVIDIA GeForce RTX 4090, 0 %, 1 MiB, 19.67 W, 31, 210 MHz, 405 MHz
2026/08/11 13:40:21.166, 0, NVIDIA GeForce RTX 4090, 0 %, 1 MiB, 19.49 W, 31, 210 MHz, 405 MHz
2026/08/11 13:40:26.167, 0, NVIDIA GeForce RTX 4090, 0 %, 1 MiB, 19.94 W, 31, 210 MHz, 405 MHz
2026/08/11 13:40:31.167, 0, NVIDIA GeForce RTX 4090, 0 %, 1 MiB, 19.39 W, 30, 210 MHz, 405 MHz
2026/08/11 13:40:36.168, 0, NVIDIA GeForce RTX 4090, 0 %, 1 MiB, 19.68 W, 30, 210 MHz, 405 MHz
2026/08/11 13:40:41.169, 0, NVIDIA GeForce RTX 4090, 0 %, 1 MiB, 20.04 W, 30, 210 MHz, 405 MHz
2026/08/11 13:40:46.169, 0, NVIDIA GeForce RTX 4090, 0 %, 1 MiB, 19.83 W, 30, 210 MHz, 405 MHz
2026/08/11 13:40:51.170, 0, NVIDIA GeForce RTX 4090, 1 %, 2572 MiB, 59.28 W, 31, 2520 MHz, 10251 MHz
2026/08/11 13:40:56.171, 0, NVIDIA GeForce RTX 4090, 2 %, 3948 MiB, 58.77 W, 31, 2520 MHz, 10251 MHz
2026/08/11 13:41:01.172, 0, NVIDIA GeForce RTX 4090, 2 %, 5100 MiB, 58.69 W, 31, 2520 MHz, 10251 MHz
2026/08/11 13:41:06.172, 0, NVIDIA GeForce RTX 4090, 3 %, 6284 MiB, 58.92 W, 32, 2520 MHz, 10251 MHz
2026/08/11 13:41:11.173, 0, NVIDIA GeForce RTX 4090, 0 %, 7372 MiB, 59.06 W, 32, 2520 MHz, 10251 MHz
2026/08/11 13:41:16.174, 0, NVIDIA GeForce RTX 4090, 0 %, 8492 MiB, 59.08 W, 32, 2520 MHz, 10251 MHz
2026/08/11 13:41:21.174, 0, NVIDIA GeForce RTX 4090, 1 %, 9580 MiB, 59.03 W, 32, 2520 MHz, 10251 MHz
2026/08/11 13:41:26.175, 0, NVIDIA GeForce RTX 4090, 2 %, 10700 MiB, 59.11 W, 32, 2520 MHz, 10251 MHz
2026/08/11 13:41:31.176, 0, NVIDIA GeForce RTX 4090, 3 %, 11724 MiB, 58.91 W, 32, 2520 MHz, 10251 MHz
2026/08/11 13:41:36.176, 0, NVIDIA GeForce RTX 4090, 2 %, 12844 MiB, 59.18 W, 32, 2520 MHz, 10251 MHz
2026/08/11 13:41:41.177, 0, NVIDIA GeForce RTX 4090, 0 %, 13900 MiB, 59.01 W, 32, 2520 MHz, 10251 MHz
2026/08/11 13:41:46.177, 0, NVIDIA GeForce RTX 4090, 0 %, 14956 MiB, 59.52 W, 32, 2520 MHz, 10251 MHz
2026/08/11 13:41:51.178, 0, NVIDIA GeForce RTX 4090, 0 %, 16012 MiB, 59.26 W, 32, 2520 MHz, 10251 MHz
2026/08/11 13:41:56.179, 0, NVIDIA GeForce RTX 4090, 0 %, 17036 MiB, 59.16 W, 32, 2520 MHz, 10251 MHz
2026/08/11 13:42:01.179, 0, NVIDIA GeForce RTX 4090, 100 %, 17964 MiB, 171.58 W, 35, 2775 MHz, 10251 MHz
2026/08/11 13:42:06.181, 0, NVIDIA GeForce RTX 4090, 0 %, 1 MiB, 57.25 W, 33, 555 MHz, 5001 MHz
2026/08/11 13:42:11.181, 0, NVIDIA GeForce RTX 4090, 3 %, 2732 MiB, 59.41 W, 33, 2520 MHz, 10251 MHz
2026/08/11 13:42:16.182, 0, NVIDIA GeForce RTX 4090, 5 %, 4172 MiB, 59.62 W, 33, 2520 MHz, 10251 MHz
2026/08/11 13:42:21.182, 0, NVIDIA GeForce RTX 4090, 0 %, 5292 MiB, 58.86 W, 33, 2520 MHz, 10251 MHz
2026/08/11 13:42:26.184, 0, NVIDIA GeForce RTX 4090, 0 %, 6412 MiB, 59.72 W, 33, 2520 MHz, 10251 MHz
2026/08/11 13:42:31.184, 0, NVIDIA GeForce RTX 4090, 0 %, 7436 MiB, 60.18 W, 33, 2520 MHz, 10251 MHz
2026/08/11 13:42:36.185, 0, NVIDIA GeForce RTX 4090, 0 %, 8556 MiB, 59.65 W, 33, 2520 MHz, 10251 MHz
2026/08/11 13:42:41.186, 0, NVIDIA GeForce RTX 4090, 3 %, 9708 MiB, 59.24 W, 33, 2520 MHz, 10251 MHz
2026/08/11 13:42:46.186, 0, NVIDIA GeForce RTX 4090, 0 %, 10828 MiB, 59.54 W, 33, 2520 MHz, 10251 MHz
2026/08/11 13:42:51.187, 0, NVIDIA GeForce RTX 4090, 0 %, 11980 MiB, 59.75 W, 33, 2520 MHz, 10251 MHz
2026/08/11 13:42:56.188, 0, NVIDIA GeForce RTX 4090, 2 %, 13100 MiB, 59.58 W, 33, 2520 MHz, 10251 MHz
2026/08/11 13:43:01.188, 0, NVIDIA GeForce RTX 4090, 0 %, 14188 MiB, 59.68 W, 33, 2520 MHz, 10251 MHz
2026/08/11 13:43:06.189, 0, NVIDIA GeForce RTX 4090, 0 %, 15340 MiB, 59.57 W, 33, 2520 MHz, 10251 MHz
2026/08/11 13:43:11.189, 0, NVIDIA GeForce RTX 4090, 2 %, 16460 MiB, 59.45 W, 33, 2520 MHz, 10251 MHz
2026/08/11 13:43:16.190, 0, NVIDIA GeForce RTX 4090, 0 %, 17612 MiB, 59.95 W, 33, 2520 MHz, 10251 MHz
2026/08/11 13:43:21.191, 0, NVIDIA GeForce RTX 4090, 4 %, 18828 MiB, 59.42 W, 33, 2520 MHz, 10251 MHz
2026/08/11 13:43:26.192, 0, NVIDIA GeForce RTX 4090, 100 %, 19916 MiB, 248.13 W, 41, 2775 MHz, 10251 MHz
2026/08/11 13:43:31.193, 0, NVIDIA GeForce RTX 4090, 100 %, 19916 MiB, 236.48 W, 42, 2760 MHz, 10251 MHz
2026/08/11 13:43:36.193, 0, NVIDIA GeForce RTX 4090, 100 %, 19916 MiB, 227.15 W, 42, 2760 MHz, 10251 MHz
2026/08/11 13:43:41.194, 0, NVIDIA GeForce RTX 4090, 100 %, 19916 MiB, 219.38 W, 43, 2760 MHz, 10251 MHz
2026/08/11 13:43:46.195, 0, NVIDIA GeForce RTX 4090, 100 %, 19940 MiB, 249.15 W, 45, 2760 MHz, 10251 MHz
2026/08/11 13:43:51.195, 0, NVIDIA GeForce RTX 4090, 100 %, 19940 MiB, 237.66 W, 45, 2760 MHz, 10251 MHz
2026/08/11 13:43:56.196, 0, NVIDIA GeForce RTX 4090, 100 %, 19940 MiB, 228.44 W, 45, 2760 MHz, 10251 MHz
2026/08/11 13:44:01.196, 0, NVIDIA GeForce RTX 4090, 100 %, 19940 MiB, 220.08 W, 45, 2760 MHz, 10251 MHz
2026/08/11 13:44:06.197, 0, NVIDIA GeForce RTX 4090, 100 %, 19940 MiB, 249.77 W, 47, 2760 MHz, 10251 MHz
2026/08/11 13:44:11.201, 0, NVIDIA GeForce RTX 4090, 100 %, 19940 MiB, 237.78 W, 47, 2760 MHz, 10251 MHz
2026/08/11 13:44:16.201, 0, NVIDIA GeForce RTX 4090, 100 %, 19940 MiB, 228.43 W, 47, 2760 MHz, 10251 MHz
2026/08/11 13:44:21.202, 0, NVIDIA GeForce RTX 4090, 100 %, 19940 MiB, 220.46 W, 47, 2760 MHz, 10251 MHz
2026/08/11 13:44:26.202, 0, NVIDIA GeForce RTX 4090, 100 %, 19940 MiB, 250.16 W, 48, 2760 MHz, 10251 MHz
2026/08/11 13:44:31.203, 0, NVIDIA GeForce RTX 4090, 100 %, 19940 MiB, 238.35 W, 48, 2760 MHz, 10251 MHz
2026/08/11 13:44:36.203, 0, NVIDIA GeForce RTX 4090, 100 %, 19940 MiB, 228.78 W, 49, 2760 MHz, 10251 MHz
2026/08/11 13:44:41.204, 0, NVIDIA GeForce RTX 4090, 100 %, 19940 MiB, 221.21 W, 48, 2760 MHz, 10251 MHz
2026/08/11 13:44:46.205, 0, NVIDIA GeForce RTX 4090, 100 %, 19940 MiB, 251.03 W, 50, 2760 MHz, 10251 MHz
2026/08/11 13:44:51.205, 0, NVIDIA GeForce RTX 4090, 100 %, 19940 MiB, 238.79 W, 50, 2760 MHz, 10251 MHz
2026/08/11 13:44:56.206, 0, NVIDIA GeForce RTX 4090, 100 %, 19940 MiB, 229.32 W, 49, 2760 MHz, 10251 MHz
2026/08/11 13:45:01.207, 0, NVIDIA GeForce RTX 4090, 100 %, 19940 MiB, 222.00 W, 49, 2760 MHz, 10251 MHz
2026/08/11 13:45:06.207, 0, NVIDIA GeForce RTX 4090, 100 %, 19940 MiB, 251.03 W, 51, 2760 MHz, 10251 MHz
2026/08/11 13:45:11.208, 0, NVIDIA GeForce RTX 4090, 100 %, 19940 MiB, 238.96 W, 50, 2760 MHz, 10251 MHz
2026/08/11 13:45:16.209, 0, NVIDIA GeForce RTX 4090, 100 %, 19940 MiB, 229.58 W, 50, 2760 MHz, 10251 MHz
2026/08/11 13:45:21.209, 0, NVIDIA GeForce RTX 4090, 100 %, 19940 MiB, 221.76 W, 50, 2760 MHz, 10251 MHz
2026/08/11 13:45:26.210, 0, NVIDIA GeForce RTX 4090, 0 %, 1 MiB, 56.61 W, 43, 570 MHz, 5001 MHz
2026/08/11 13:45:31.210, 0, NVIDIA GeForce RTX 4090, 0 %, 1 MiB, 26.94 W, 41, 210 MHz, 405 MHz
2026/08/11 13:45:36.211, 0, NVIDIA GeForce RTX 4090, 0 %, 1 MiB, 21.17 W, 39, 210 MHz, 405 MHz
2026/08/11 13:45:41.212, 0, NVIDIA GeForce RTX 4090, 0 %, 1 MiB, 20.60 W, 38, 210 MHz, 405 MHz
2026/08/11 13:45:46.212, 0, NVIDIA GeForce RTX 4090, 0 %, 1 MiB, 20.84 W, 37, 210 MHz, 405 MHz
2026/08/11 13:45:51.213, 0, NVIDIA GeForce RTX 4090, 0 %, 1 MiB, 20.77 W, 36, 210 MHz, 405 MHz
2026/08/11 13:45:56.213, 0, NVIDIA GeForce RTX 4090, 0 %, 1 MiB, 20.14 W, 36, 210 MHz, 405 MHz
2026/08/11 13:46:01.214, 0, NVIDIA GeForce RTX 4090, 0 %, 1 MiB, 20.55 W, 35, 210 MHz, 405 MHz
2026/08/11 13:46:06.215, 0, NVIDIA GeForce RTX 4090, 0 %, 1 MiB, 20.13 W, 35, 210 MHz, 405 MHz
2026/08/11 13:46:11.215, 0, NVIDIA GeForce RTX 4090, 0 %, 1 MiB, 19.99 W, 34, 210 MHz, 405 MHz
2026/08/11 13:46:16.216, 0, NVIDIA GeForce RTX 4090, 0 %, 1 MiB, 19.76 W, 34, 210 MHz, 405 MHz
2026/08/11 13:46:21.217, 0, NVIDIA GeForce RTX 4090, 0 %, 1 MiB, 19.98 W, 33, 210 MHz, 405 MHz
2026/08/11 13:46:26.217, 0, NVIDIA GeForce RTX 4090, 0 %, 1 MiB, 19.73 W, 33, 210 MHz, 405 MHz
2026/08/11 13:46:31.218, 0, NVIDIA GeForce RTX 4090, 0 %, 1 MiB, 20.17 W, 32, 210 MHz, 405 MHz
2026/08/11 13:46:36.219, 0, NVIDIA GeForce RTX 4090, 0 %, 1 MiB, 19.69 W, 32, 210 MHz, 405 MHz
2026/08/11 13:46:41.224, 0, NVIDIA GeForce RTX 4090, 0 %, 1 MiB, 19.38 W, 32, 210 MHz, 405 MHz
2026/08/11 13:46:46.224, 0, NVIDIA GeForce RTX 4090, 0 %, 1 MiB, 19.37 W, 31, 210 MHz, 405 MHz
2026/08/11 13:46:51.225, 0, NVIDIA GeForce RTX 4090, 0 %, 1 MiB, 19.29 W, 31, 210 MHz, 405 MHz
2026/08/11 13:46:56.226, 0, NVIDIA GeForce RTX 4090, 0 %, 1 MiB, 19.16 W, 31, 210 MHz, 405 MHz
2026/08/11 13:47:01.226, 0, NVIDIA GeForce RTX 4090, 0 %, 1 MiB, 19.39 W, 31, 210 MHz, 405 MHz
2026/08/11 13:47:06.227, 0, NVIDIA GeForce RTX 4090, 0 %, 1 MiB, 19.20 W, 30, 210 MHz, 405 MHz
2026/08/11 13:47:11.227, 0, NVIDIA GeForce RTX 4090, 0 %, 1 MiB, 19.19 W, 30, 210 MHz, 405 MHz
2026/08/11 13:47:16.228, 0, NVIDIA GeForce RTX 4090, 0 %, 1 MiB, 19.21 W, 30, 210 MHz, 405 MHz
2026/08/11 13:47:21.229, 0, NVIDIA GeForce RTX 4090, 0 %, 1 MiB, 18.67 W, 30, 210 MHz, 405 MHz
2026/08/11 13:47:26.229, 0, NVIDIA GeForce RTX 4090, 0 %, 1 MiB, 19.04 W, 30, 210 MHz, 405 MHz
2026/08/11 13:47:31.230, 0, NVIDIA GeForce RTX 4090, 0 %, 1 MiB, 19.45 W, 30, 210 MHz, 405 MHz
2026/08/11 13:47:36.231, 0, NVIDIA GeForce RTX 4090, 0 %, 1 MiB, 19.09 W, 29, 210 MHz, 405 MHz
2026/08/11 13:47:41.231, 0, NVIDIA GeForce RTX 4090, 0 %, 1 MiB, 19.17 W, 29, 210 MHz, 405 MHz
2026/08/11 13:47:46.232, 0, NVIDIA GeForce RTX 4090, 0 %, 1 MiB, 19.07 W, 29, 210 MHz, 405 MHz
2026/08/11 13:47:51.233, 0, NVIDIA GeForce RTX 4090, 0 %, 1 MiB, 18.87 W, 29, 210 MHz, 405 MHz
2026/08/11 13:47:56.233, 0, NVIDIA GeForce RTX 4090, 0 %, 1 MiB, 19.38 W, 29, 210 MHz, 405 MHz
2026/08/11 13:48:01.234, 0, NVIDIA GeForce RTX 4090, 0 %, 1 MiB, 19.25 W, 29, 210 MHz, 405 MHz
2026/08/11 13:48:06.235, 0, NVIDIA GeForce RTX 4090, 0 %, 1 MiB, 19.13 W, 29, 210 MHz, 405 MHz
2026/08/11 13:48:11.235, 0, NVIDIA GeForce RTX 4090, 0 %, 1 MiB, 18.93 W, 29, 210 MHz, 405 MHz
2026/08/11 13:48:16.236, 0, NVIDIA GeForce RTX 4090, 0 %, 1 MiB, 19.27 W, 29, 210 MHz, 405 MHz
2026/08/11 13:48:21.236, 0, NVIDIA GeForce RTX 4090, 0 %, 1 MiB, 19.45 W, 29, 210 MHz, 405 MHz
2026/08/11 13:48:26.237, 0, NVIDIA GeForce RTX 4090, 0 %, 1 MiB, 19.51 W, 29, 210 MHz, 405 MHz
2026/08/11 13:48:31.238, 0, NVIDIA GeForce RTX 4090, 0 %, 1 MiB, 19.00 W, 28, 210 MHz, 405 MHz
2026/08/11 13:48:36.238, 0, NVIDIA GeForce RTX 4090, 2 %, 2508 MiB, 58.35 W, 30, 2520 MHz, 10251 MHz
2026/08/11 13:48:41.239, 0, NVIDIA GeForce RTX 4090, 0 %, 3948 MiB, 58.10 W, 30, 2520 MHz, 10251 MHz
2026/08/11 13:48:46.240, 0, NVIDIA GeForce RTX 4090, 1 %, 4940 MiB, 58.40 W, 30, 2520 MHz, 10251 MHz
2026/08/11 13:48:51.240, 0, NVIDIA GeForce RTX 4090, 2 %, 6092 MiB, 58.18 W, 30, 2520 MHz, 10251 MHz
2026/08/11 13:48:56.241, 0, NVIDIA GeForce RTX 4090, 0 %, 7020 MiB, 58.07 W, 31, 2520 MHz, 10251 MHz
2026/08/11 13:49:01.242, 0, NVIDIA GeForce RTX 4090, 0 %, 8076 MiB, 58.08 W, 31, 2520 MHz, 10251 MHz
2026/08/11 13:49:06.242, 0, NVIDIA GeForce RTX 4090, 0 %, 9132 MiB, 57.93 W, 31, 2520 MHz, 10251 MHz
2026/08/11 13:49:11.243, 0, NVIDIA GeForce RTX 4090, 2 %, 10284 MiB, 58.49 W, 31, 2520 MHz, 10251 MHz
2026/08/11 13:49:16.244, 0, NVIDIA GeForce RTX 4090, 0 %, 11340 MiB, 58.28 W, 31, 2520 MHz, 10251 MHz
2026/08/11 13:49:21.244, 0, NVIDIA GeForce RTX 4090, 0 %, 12492 MiB, 58.54 W, 31, 2520 MHz, 10251 MHz
2026/08/11 13:49:26.245, 0, NVIDIA GeForce RTX 4090, 0 %, 13548 MiB, 58.42 W, 31, 2520 MHz, 10251 MHz
2026/08/11 13:49:31.245, 0, NVIDIA GeForce RTX 4090, 0 %, 14604 MiB, 58.14 W, 32, 2520 MHz, 10251 MHz
2026/08/11 13:49:36.246, 0, NVIDIA GeForce RTX 4090, 3 %, 15596 MiB, 58.43 W, 32, 2520 MHz, 10251 MHz
2026/08/11 13:49:41.247, 0, NVIDIA GeForce RTX 4090, 0 %, 16588 MiB, 58.67 W, 32, 2520 MHz, 10251 MHz
2026/08/11 13:49:46.247, 0, NVIDIA GeForce RTX 4090, 70 %, 17964 MiB, 229.54 W, 39, 2760 MHz, 10251 MHz
2026/08/11 13:49:51.248, 0, NVIDIA GeForce RTX 4090, 100 %, 17964 MiB, 239.05 W, 41, 2760 MHz, 10251 MHz
2026/08/11 13:49:56.248, 0, NVIDIA GeForce RTX 4090, 100 %, 17964 MiB, 228.59 W, 41, 2760 MHz, 10251 MHz
2026/08/11 13:50:01.249, 0, NVIDIA GeForce RTX 4090, 100 %, 17964 MiB, 220.90 W, 42, 2760 MHz, 10251 MHz
2026/08/11 13:50:06.249, 0, NVIDIA GeForce RTX 4090, 100 %, 17960 MiB, 250.92 W, 44, 2760 MHz, 10251 MHz
2026/08/11 13:50:11.250, 0, NVIDIA GeForce RTX 4090, 100 %, 17960 MiB, 238.68 W, 44, 2760 MHz, 10251 MHz
2026/08/11 13:50:16.251, 0, NVIDIA GeForce RTX 4090, 100 %, 17960 MiB, 229.29 W, 45, 2760 MHz, 10251 MHz
2026/08/11 13:50:21.251, 0, NVIDIA GeForce RTX 4090, 100 %, 17960 MiB, 221.70 W, 45, 2760 MHz, 10251 MHz
2026/08/11 13:50:26.252, 0, NVIDIA GeForce RTX 4090, 100 %, 17960 MiB, 249.49 W, 46, 2760 MHz, 10251 MHz
2026/08/11 13:50:31.252, 0, NVIDIA GeForce RTX 4090, 100 %, 17960 MiB, 237.85 W, 46, 2760 MHz, 10251 MHz
2026/08/11 13:50:36.253, 0, NVIDIA GeForce RTX 4090, 100 %, 17960 MiB, 228.62 W, 46, 2760 MHz, 10251 MHz
2026/08/11 13:50:41.254, 0, NVIDIA GeForce RTX 4090, 100 %, 17960 MiB, 220.70 W, 47, 2760 MHz, 10251 MHz
2026/08/11 13:50:46.254, 0, NVIDIA GeForce RTX 4090, 100 %, 17960 MiB, 248.07 W, 48, 2760 MHz, 10251 MHz
2026/08/11 13:50:51.255, 0, NVIDIA GeForce RTX 4090, 100 %, 17960 MiB, 236.82 W, 48, 2760 MHz, 10251 MHz
2026/08/11 13:50:56.256, 0, NVIDIA GeForce RTX 4090, 100 %, 17960 MiB, 228.39 W, 48, 2760 MHz, 10251 MHz
2026/08/11 13:51:01.256, 0, NVIDIA GeForce RTX 4090, 100 %, 17960 MiB, 220.25 W, 48, 2760 MHz, 10251 MHz
2026/08/11 13:51:06.257, 0, NVIDIA GeForce RTX 4090, 100 %, 17960 MiB, 246.98 W, 49, 2760 MHz, 10251 MHz
2026/08/11 13:51:11.257, 0, NVIDIA GeForce RTX 4090, 100 %, 17960 MiB, 235.86 W, 49, 2760 MHz, 10251 MHz
2026/08/11 13:51:16.258, 0, NVIDIA GeForce RTX 4090, 100 %, 17960 MiB, 227.44 W, 49, 2760 MHz, 10251 MHz
2026/08/11 13:51:21.259, 0, NVIDIA GeForce RTX 4090, 100 %, 17960 MiB, 224.74 W, 50, 2760 MHz, 10251 MHz
2026/08/11 13:51:26.259, 0, NVIDIA GeForce RTX 4090, 100 %, 17960 MiB, 245.52 W, 50, 2760 MHz, 10251 MHz
2026/08/11 13:51:31.260, 0, NVIDIA GeForce RTX 4090, 100 %, 17960 MiB, 235.03 W, 50, 2760 MHz, 10251 MHz
2026/08/11 13:51:36.261, 0, NVIDIA GeForce RTX 4090, 100 %, 17960 MiB, 226.24 W, 50, 2760 MHz, 10251 MHz
2026/08/11 13:51:41.261, 0, NVIDIA GeForce RTX 4090, 0 %, 15272 MiB, 102.74 W, 45, 2760 MHz, 10251 MHz
2026/08/11 13:51:46.262, 0, NVIDIA GeForce RTX 4090, 1 %, 2124 MiB, 63.11 W, 43, 2520 MHz, 10251 MHz
2026/08/11 13:51:51.263, 0, NVIDIA GeForce RTX 4090, 0 %, 3628 MiB, 62.29 W, 42, 2520 MHz, 10251 MHz
2026/08/11 13:51:56.263, 0, NVIDIA GeForce RTX 4090, 3 %, 4716 MiB, 61.57 W, 41, 2520 MHz, 10251 MHz
2026/08/11 13:52:01.264, 0, NVIDIA GeForce RTX 4090, 0 %, 5804 MiB, 61.32 W, 40, 2520 MHz, 10251 MHz
2026/08/11 13:52:06.265, 0, NVIDIA GeForce RTX 4090, 3 %, 6924 MiB, 61.06 W, 39, 2520 MHz, 10251 MHz
2026/08/11 13:52:11.266, 0, NVIDIA GeForce RTX 4090, 3 %, 7916 MiB, 61.27 W, 39, 2520 MHz, 10251 MHz
2026/08/11 13:52:16.266, 0, NVIDIA GeForce RTX 4090, 0 %, 9068 MiB, 61.00 W, 38, 2520 MHz, 10251 MHz
2026/08/11 13:52:21.267, 0, NVIDIA GeForce RTX 4090, 3 %, 10188 MiB, 60.68 W, 38, 2520 MHz, 10251 MHz
2026/08/11 13:52:26.268, 0, NVIDIA GeForce RTX 4090, 0 %, 11212 MiB, 60.70 W, 37, 2520 MHz, 10251 MHz
2026/08/11 13:52:31.269, 0, NVIDIA GeForce RTX 4090, 1 %, 12236 MiB, 60.23 W, 37, 2520 MHz, 10251 MHz
2026/08/11 13:52:36.269, 0, NVIDIA GeForce RTX 4090, 0 %, 13260 MiB, 59.92 W, 37, 2520 MHz, 10251 MHz
2026/08/11 13:52:41.270, 0, NVIDIA GeForce RTX 4090, 3 %, 14316 MiB, 59.81 W, 36, 2520 MHz, 10251 MHz
2026/08/11 13:52:46.271, 0, NVIDIA GeForce RTX 4090, 6 %, 15276 MiB, 59.72 W, 36, 2520 MHz, 10251 MHz
2026/08/11 13:52:51.271, 0, NVIDIA GeForce RTX 4090, 3 %, 16300 MiB, 59.28 W, 36, 2520 MHz, 10251 MHz
2026/08/11 13:52:56.272, 0, NVIDIA GeForce RTX 4090, 0 %, 17388 MiB, 59.85 W, 35, 2520 MHz, 10251 MHz
2026/08/11 13:53:01.272, 0, NVIDIA GeForce RTX 4090, 5 %, 18316 MiB, 59.32 W, 35, 2520 MHz, 10251 MHz
2026/08/11 13:53:06.273, 0, NVIDIA GeForce RTX 4090, 0 %, 19916 MiB, 59.17 W, 35, 2520 MHz, 10251 MHz
2026/08/11 13:53:11.274, 0, NVIDIA GeForce RTX 4090, 100 %, 19916 MiB, 241.82 W, 43, 2760 MHz, 10251 MHz
2026/08/11 13:53:16.276, 0, NVIDIA GeForce RTX 4090, 100 %, 19916 MiB, 232.16 W, 44, 2760 MHz, 10251 MHz
2026/08/11 13:53:21.276, 0, NVIDIA GeForce RTX 4090, 100 %, 19916 MiB, 223.27 W, 44, 2760 MHz, 10251 MHz
2026/08/11 13:53:26.277, 0, NVIDIA GeForce RTX 4090, 99 %, 19940 MiB, 220.83 W, 45, 2760 MHz, 10251 MHz
2026/08/11 13:53:31.278, 0, NVIDIA GeForce RTX 4090, 100 %, 19940 MiB, 242.87 W, 46, 2760 MHz, 10251 MHz
2026/08/11 13:53:36.279, 0, NVIDIA GeForce RTX 4090, 100 %, 19940 MiB, 232.28 W, 46, 2760 MHz, 10251 MHz
2026/08/11 13:53:41.279, 0, NVIDIA GeForce RTX 4090, 100 %, 19940 MiB, 223.94 W, 46, 2760 MHz, 10251 MHz
2026/08/11 13:53:46.281, 0, NVIDIA GeForce RTX 4090, 0 %, 19940 MiB, 180.85 W, 47, 2760 MHz, 10251 MHz
2026/08/11 13:53:51.282, 0, NVIDIA GeForce RTX 4090, 100 %, 19940 MiB, 244.15 W, 48, 2760 MHz, 10251 MHz
2026/08/11 13:53:56.283, 0, NVIDIA GeForce RTX 4090, 100 %, 19940 MiB, 233.73 W, 48, 2760 MHz, 10251 MHz
2026/08/11 13:54:01.283, 0, NVIDIA GeForce RTX 4090, 100 %, 19940 MiB, 224.64 W, 48, 2760 MHz, 10251 MHz
2026/08/11 13:54:06.284, 0, NVIDIA GeForce RTX 4090, 100 %, 19940 MiB, 237.93 W, 49, 2760 MHz, 10251 MHz
2026/08/11 13:54:11.285, 0, NVIDIA GeForce RTX 4090, 100 %, 19940 MiB, 244.62 W, 49, 2760 MHz, 10251 MHz
2026/08/11 13:54:16.285, 0, NVIDIA GeForce RTX 4090, 100 %, 19940 MiB, 233.92 W, 49, 2760 MHz, 10251 MHz
2026/08/11 13:54:21.286, 0, NVIDIA GeForce RTX 4090, 100 %, 19940 MiB, 225.18 W, 49, 2760 MHz, 10251 MHz
2026/08/11 13:54:26.289, 0, NVIDIA GeForce RTX 4090, 75 %, 19940 MiB, 182.00 W, 50, 2760 MHz, 10251 MHz
2026/08/11 13:54:31.289, 0, NVIDIA GeForce RTX 4090, 100 %, 19940 MiB, 245.48 W, 50, 2760 MHz, 10251 MHz
2026/08/11 13:54:36.290, 0, NVIDIA GeForce RTX 4090, 100 %, 19940 MiB, 234.93 W, 50, 2760 MHz, 10251 MHz
2026/08/11 13:54:41.291, 0, NVIDIA GeForce RTX 4090, 100 %, 19940 MiB, 225.65 W, 50, 2760 MHz, 10251 MHz
2026/08/11 13:54:46.295, 0, NVIDIA GeForce RTX 4090, 100 %, 19940 MiB, 239.70 W, 51, 2760 MHz, 10251 MHz
2026/08/11 13:54:51.296, 0, NVIDIA GeForce RTX 4090, 100 %, 19940 MiB, 245.97 W, 51, 2760 MHz, 10251 MHz
2026/08/11 13:54:56.297, 0, NVIDIA GeForce RTX 4090, 100 %, 19940 MiB, 235.26 W, 51, 2760 MHz, 10251 MHz
2026/08/11 13:55:01.297, 0, NVIDIA GeForce RTX 4090, 100 %, 19940 MiB, 226.92 W, 50, 2760 MHz, 10251 MHz
2026/08/11 13:55:06.298, 0, NVIDIA GeForce RTX 4090, 0 %, 12772 MiB, 91.74 W, 45, 2760 MHz, 10251 MHz
2026/08/11 13:55:11.298, 0, NVIDIA GeForce RTX 4090, 0 %, 1 MiB, 38.54 W, 42, 255 MHz, 5001 MHz
2026/08/11 13:55:16.299, 0, NVIDIA GeForce RTX 4090, 0 %, 1 MiB, 20.99 W, 41, 210 MHz, 405 MHz
2026/08/11 13:55:21.300, 0, NVIDIA GeForce RTX 4090, 0 %, 1 MiB, 20.85 W, 39, 210 MHz, 405 MHz
2026/08/11 13:55:26.301, 0, NVIDIA GeForce RTX 4090, 0 %, 1 MiB, 20.69 W, 38, 210 MHz, 405 MHz
2026/08/11 13:55:31.301, 0, NVIDIA GeForce RTX 4090, 0 %, 1 MiB, 20.53 W, 37, 210 MHz, 405 MHz
2026/08/11 13:55:36.302, 0, NVIDIA GeForce RTX 4090, 0 %, 1 MiB, 20.05 W, 37, 210 MHz, 405 MHz
2026/08/11 13:55:41.303, 0, NVIDIA GeForce RTX 4090, 0 %, 1 MiB, 19.59 W, 36, 210 MHz, 405 MHz
2026/08/11 13:55:46.306, 0, NVIDIA GeForce RTX 4090, 0 %, 1 MiB, 19.35 W, 35, 210 MHz, 405 MHz
2026/08/11 13:55:51.307, 0, NVIDIA GeForce RTX 4090, 0 %, 1 MiB, 19.49 W, 35, 210 MHz, 405 MHz
2026/08/11 13:55:56.308, 0, NVIDIA GeForce RTX 4090, 0 %, 1 MiB, 19.96 W, 34, 210 MHz, 405 MHz
2026/08/11 13:56:01.309, 0, NVIDIA GeForce RTX 4090, 0 %, 396 MiB, 26.26 W, 35, 2520 MHz, 10251 MHz
2026/08/11 13:56:06.309, 0, NVIDIA GeForce RTX 4090, 2 %, 3084 MiB, 59.18 W, 35, 2520 MHz, 10251 MHz
2026/08/11 13:56:11.310, 0, NVIDIA GeForce RTX 4090, 2 %, 4396 MiB, 59.47 W, 35, 2520 MHz, 10251 MHz
2026/08/11 13:56:16.310, 0, NVIDIA GeForce RTX 4090, 0 %, 5580 MiB, 58.71 W, 35, 2520 MHz, 10251 MHz
2026/08/11 13:56:21.311, 0, NVIDIA GeForce RTX 4090, 3 %, 6668 MiB, 59.24 W, 35, 2520 MHz, 10251 MHz
2026/08/11 13:56:26.312, 0, NVIDIA GeForce RTX 4090, 0 %, 7852 MiB, 58.71 W, 34, 2520 MHz, 10251 MHz
2026/08/11 13:56:31.312, 0, NVIDIA GeForce RTX 4090, 0 %, 8876 MiB, 59.52 W, 34, 2520 MHz, 10251 MHz
2026/08/11 13:56:36.313, 0, NVIDIA GeForce RTX 4090, 0 %, 10060 MiB, 59.04 W, 34, 2520 MHz, 10251 MHz
2026/08/11 13:56:41.314, 0, NVIDIA GeForce RTX 4090, 0 %, 11180 MiB, 59.28 W, 34, 2520 MHz, 10251 MHz
2026/08/11 13:56:46.314, 0, NVIDIA GeForce RTX 4090, 0 %, 12332 MiB, 58.49 W, 34, 2520 MHz, 10251 MHz
2026/08/11 13:56:51.315, 0, NVIDIA GeForce RTX 4090, 0 %, 13452 MiB, 58.75 W, 34, 2520 MHz, 10251 MHz
2026/08/11 13:56:56.315, 0, NVIDIA GeForce RTX 4090, 0 %, 14604 MiB, 58.43 W, 34, 2520 MHz, 10251 MHz
2026/08/11 13:57:01.316, 0, NVIDIA GeForce RTX 4090, 3 %, 15756 MiB, 58.24 W, 34, 2520 MHz, 10251 MHz
2026/08/11 13:57:06.317, 0, NVIDIA GeForce RTX 4090, 0 %, 16876 MiB, 58.73 W, 34, 2520 MHz, 10251 MHz
2026/08/11 13:57:11.318, 0, NVIDIA GeForce RTX 4090, 100 %, 17864 MiB, 250.63 W, 42, 2760 MHz, 10251 MHz
2026/08/11 13:57:16.318, 0, NVIDIA GeForce RTX 4090, 85 %, 17864 MiB, 252.47 W, 43, 2760 MHz, 10251 MHz
2026/08/11 13:57:21.319, 0, NVIDIA GeForce RTX 4090, 26 %, 260 MiB, 78.21 W, 38, 2760 MHz, 10501 MHz
2026/08/11 13:57:26.320, 0, NVIDIA GeForce RTX 4090, 0 %, 1132 MiB, 60.34 W, 36, 2520 MHz, 10251 MHz
2026/08/11 13:57:31.320, 0, NVIDIA GeForce RTX 4090, 0 %, 3404 MiB, 59.67 W, 35, 2520 MHz, 10251 MHz
2026/08/11 13:57:36.321, 0, NVIDIA GeForce RTX 4090, 0 %, 4652 MiB, 60.12 W, 35, 2520 MHz, 10251 MHz
2026/08/11 13:57:41.321, 0, NVIDIA GeForce RTX 4090, 0 %, 5740 MiB, 59.62 W, 35, 2520 MHz, 10251 MHz
2026/08/11 13:57:46.322, 0, NVIDIA GeForce RTX 4090, 3 %, 6732 MiB, 59.35 W, 34, 2520 MHz, 10251 MHz
2026/08/11 13:57:51.323, 0, NVIDIA GeForce RTX 4090, 3 %, 7820 MiB, 59.72 W, 34, 2520 MHz, 10251 MHz
2026/08/11 13:57:56.324, 0, NVIDIA GeForce RTX 4090, 0 %, 8940 MiB, 59.73 W, 34, 2520 MHz, 10251 MHz
2026/08/11 13:58:01.325, 0, NVIDIA GeForce RTX 4090, 0 %, 10060 MiB, 59.59 W, 34, 2520 MHz, 10251 MHz
2026/08/11 13:58:06.325, 0, NVIDIA GeForce RTX 4090, 3 %, 11180 MiB, 59.30 W, 34, 2520 MHz, 10251 MHz
2026/08/11 13:58:11.326, 0, NVIDIA GeForce RTX 4090, 2 %, 12140 MiB, 59.46 W, 33, 2520 MHz, 10251 MHz
2026/08/11 13:58:16.327, 0, NVIDIA GeForce RTX 4090, 3 %, 13260 MiB, 59.47 W, 33, 2520 MHz, 10251 MHz
2026/08/11 13:58:21.327, 0, NVIDIA GeForce RTX 4090, 3 %, 14380 MiB, 59.48 W, 33, 2520 MHz, 10251 MHz
2026/08/11 13:58:26.328, 0, NVIDIA GeForce RTX 4090, 3 %, 15500 MiB, 59.03 W, 33, 2520 MHz, 10251 MHz
2026/08/11 13:58:31.329, 0, NVIDIA GeForce RTX 4090, 3 %, 16396 MiB, 59.59 W, 33, 2520 MHz, 10251 MHz
2026/08/11 13:58:36.329, 0, NVIDIA GeForce RTX 4090, 3 %, 17516 MiB, 59.06 W, 33, 2520 MHz, 10251 MHz
2026/08/11 13:58:41.330, 0, NVIDIA GeForce RTX 4090, 0 %, 18668 MiB, 59.40 W, 33, 2520 MHz, 10251 MHz
2026/08/11 13:58:46.331, 0, NVIDIA GeForce RTX 4090, 100 %, 19848 MiB, 250.80 W, 41, 2760 MHz, 10251 MHz
2026/08/11 13:58:51.331, 0, NVIDIA GeForce RTX 4090, 100 %, 19848 MiB, 251.39 W, 42, 2760 MHz, 10251 MHz
2026/08/11 13:58:56.332, 0, NVIDIA GeForce RTX 4090, 0 %, 17512 MiB, 123.62 W, 37, 2760 MHz, 10251 MHz
2026/08/11 13:59:01.333, 0, NVIDIA GeForce RTX 4090, 6 %, 1100 MiB, 60.06 W, 35, 2520 MHz, 10251 MHz
2026/08/11 13:59:06.333, 0, NVIDIA GeForce RTX 4090, 6 %, 3212 MiB, 59.83 W, 35, 2520 MHz, 10251 MHz
2026/08/11 13:59:11.334, 0, NVIDIA GeForce RTX 4090, 0 %, 4460 MiB, 59.68 W, 34, 2520 MHz, 10251 MHz
2026/08/11 13:59:16.334, 0, NVIDIA GeForce RTX 4090, 2 %, 5644 MiB, 59.61 W, 34, 2520 MHz, 10251 MHz
2026/08/11 13:59:21.335, 0, NVIDIA GeForce RTX 4090, 0 %, 6668 MiB, 59.68 W, 34, 2520 MHz, 10251 MHz
2026/08/11 13:59:26.336, 0, NVIDIA GeForce RTX 4090, 3 %, 7820 MiB, 59.36 W, 34, 2520 MHz, 10251 MHz
2026/08/11 13:59:31.336, 0, NVIDIA GeForce RTX 4090, 0 %, 8940 MiB, 59.13 W, 34, 2520 MHz, 10251 MHz
2026/08/11 13:59:36.337, 0, NVIDIA GeForce RTX 4090, 3 %, 10060 MiB, 59.46 W, 33, 2520 MHz, 10251 MHz
2026/08/11 13:59:41.338, 0, NVIDIA GeForce RTX 4090, 0 %, 11212 MiB, 59.49 W, 33, 2520 MHz, 10251 MHz
2026/08/11 13:59:46.338, 0, NVIDIA GeForce RTX 4090, 3 %, 12332 MiB, 59.68 W, 33, 2520 MHz, 10251 MHz
2026/08/11 13:59:51.339, 0, NVIDIA GeForce RTX 4090, 0 %, 13388 MiB, 59.57 W, 33, 2520 MHz, 10251 MHz
2026/08/11 13:59:56.340, 0, NVIDIA GeForce RTX 4090, 2 %, 14476 MiB, 59.15 W, 33, 2520 MHz, 10251 MHz
2026/08/11 14:00:01.340, 0, NVIDIA GeForce RTX 4090, 2 %, 15660 MiB, 59.51 W, 33, 2520 MHz, 10251 MHz
2026/08/11 14:00:06.341, 0, NVIDIA GeForce RTX 4090, 0 %, 16652 MiB, 59.47 W, 33, 2520 MHz, 10251 MHz
2026/08/11 14:00:11.342, 0, NVIDIA GeForce RTX 4090, 0 %, 17772 MiB, 59.43 W, 33, 2520 MHz, 10251 MHz
2026/08/11 14:00:16.342, 0, NVIDIA GeForce RTX 4090, 1 %, 18924 MiB, 58.94 W, 33, 2520 MHz, 10251 MHz
2026/08/11 14:00:21.343, 0, NVIDIA GeForce RTX 4090, 0 %, 21988 MiB, 148.53 W, 35, 2760 MHz, 10251 MHz
2026/08/11 14:00:26.344, 0, NVIDIA GeForce RTX 4090, 0 %, 492 MiB, 49.90 W, 33, 2520 MHz, 10251 MHz
2026/08/11 14:00:31.344, 0, NVIDIA GeForce RTX 4090, 0 %, 3180 MiB, 60.05 W, 33, 2520 MHz, 10251 MHz
2026/08/11 14:00:36.345, 0, NVIDIA GeForce RTX 4090, 0 %, 4524 MiB, 59.80 W, 33, 2520 MHz, 10251 MHz
2026/08/11 14:00:41.345, 0, NVIDIA GeForce RTX 4090, 0 %, 5580 MiB, 59.71 W, 33, 2520 MHz, 10251 MHz
2026/08/11 14:00:46.346, 0, NVIDIA GeForce RTX 4090, 0 %, 6604 MiB, 59.70 W, 33, 2520 MHz, 10251 MHz
2026/08/11 14:00:51.347, 0, NVIDIA GeForce RTX 4090, 3 %, 7724 MiB, 59.78 W, 33, 2520 MHz, 10251 MHz
2026/08/11 14:00:56.347, 0, NVIDIA GeForce RTX 4090, 0 %, 8716 MiB, 59.84 W, 33, 2520 MHz, 10251 MHz
2026/08/11 14:01:01.348, 0, NVIDIA GeForce RTX 4090, 0 %, 9708 MiB, 60.06 W, 33, 2520 MHz, 10251 MHz
2026/08/11 14:01:06.349, 0, NVIDIA GeForce RTX 4090, 2 %, 10764 MiB, 60.31 W, 33, 2520 MHz, 10251 MHz
2026/08/11 14:01:11.349, 0, NVIDIA GeForce RTX 4090, 0 %, 11820 MiB, 59.52 W, 33, 2520 MHz, 10251 MHz
2026/08/11 14:01:16.350, 0, NVIDIA GeForce RTX 4090, 0 %, 12780 MiB, 60.04 W, 32, 2520 MHz, 10251 MHz
2026/08/11 14:01:21.350, 0, NVIDIA GeForce RTX 4090, 0 %, 13836 MiB, 59.49 W, 32, 2520 MHz, 10251 MHz
2026/08/11 14:01:26.351, 0, NVIDIA GeForce RTX 4090, 0 %, 14892 MiB, 59.50 W, 32, 2520 MHz, 10251 MHz
2026/08/11 14:01:31.352, 0, NVIDIA GeForce RTX 4090, 0 %, 15948 MiB, 59.28 W, 32, 2520 MHz, 10251 MHz
2026/08/11 14:01:36.352, 0, NVIDIA GeForce RTX 4090, 0 %, 16972 MiB, 59.43 W, 32, 2520 MHz, 10251 MHz
2026/08/11 14:01:41.353, 0, NVIDIA GeForce RTX 4090, 5 %, 17964 MiB, 59.73 W, 32, 2520 MHz, 10251 MHz
2026/08/11 14:01:46.353, 0, NVIDIA GeForce RTX 4090, 0 %, 19116 MiB, 59.48 W, 32, 2520 MHz, 10251 MHz
2026/08/11 14:01:51.354, 0, NVIDIA GeForce RTX 4090, 0 %, 260 MiB, 75.59 W, 35, 2760 MHz, 10251 MHz
2026/08/11 14:01:56.355, 0, NVIDIA GeForce RTX 4090, 0 %, 1 MiB, 37.05 W, 32, 225 MHz, 5001 MHz
2026/08/11 14:02:01.355, 0, NVIDIA GeForce RTX 4090, 0 %, 1 MiB, 20.38 W, 31, 210 MHz, 405 MHz
2026/08/11 14:02:06.356, 0, NVIDIA GeForce RTX 4090, 0 %, 1 MiB, 20.30 W, 31, 210 MHz, 405 MHz
2026/08/11 14:02:13.471, 0, NVIDIA GeForce RTX 4090, 0 %, 1 MiB, 19.92 W, 31, 210 MHz, 405 MHz
2026/08/11 14:02:18.471, 0, NVIDIA GeForce RTX 4090, 0 %, 1 MiB, 19.72 W, 30, 210 MHz, 405 MHz
2026/08/11 14:02:23.472, 0, NVIDIA GeForce RTX 4090, 0 %, 1 MiB, 19.61 W, 30, 210 MHz, 405 MHz
2026/08/11 14:02:28.472, 0, NVIDIA GeForce RTX 4090, 0 %, 1 MiB, 19.90 W, 30, 210 MHz, 405 MHz
2026/08/11 14:02:33.473, 0, NVIDIA GeForce RTX 4090, 0 %, 1 MiB, 19.67 W, 30, 210 MHz, 405 MHz
2026/08/11 14:02:38.473, 0, NVIDIA GeForce RTX 4090, 0 %, 1 MiB, 19.53 W, 30, 210 MHz, 405 MHz
2026/08/11 14:02:43.474, 0, NVIDIA GeForce RTX 4090, 0 %, 1 MiB, 19.20 W, 30, 210 MHz, 405 MHz
2026/08/11 14:02:48.475, 0, NVIDIA GeForce RTX 4090, 0 %, 1 MiB, 19.40 W, 30, 210 MHz, 405 MHz
2026/08/11 14:02:53.476, 0, NVIDIA GeForce RTX 4090, 0 %, 1 MiB, 19.04 W, 29, 210 MHz, 405 MHz
2026/08/11 14:02:58.476, 0, NVIDIA GeForce RTX 4090, 0 %, 1 MiB, 19.28 W, 29, 210 MHz, 405 MHz
2026/08/11 14:03:03.477, 0, NVIDIA GeForce RTX 4090, 0 %, 1 MiB, 19.37 W, 29, 210 MHz, 405 MHz
2026/08/11 14:03:08.478, 0, NVIDIA GeForce RTX 4090, 0 %, 1 MiB, 19.11 W, 29, 210 MHz, 405 MHz
2026/08/11 14:03:13.478, 0, NVIDIA GeForce RTX 4090, 0 %, 1 MiB, 19.22 W, 29, 210 MHz, 405 MHz
2026/08/11 14:03:18.479, 0, NVIDIA GeForce RTX 4090, 0 %, 1 MiB, 19.57 W, 29, 210 MHz, 405 MHz
2026/08/11 14:03:23.480, 0, NVIDIA GeForce RTX 4090, 0 %, 1 MiB, 19.32 W, 29, 210 MHz, 405 MHz
2026/08/11 14:03:28.480, 0, NVIDIA GeForce RTX 4090, 0 %, 1 MiB, 19.49 W, 29, 210 MHz, 405 MHz
2026/08/11 14:03:33.481, 0, NVIDIA GeForce RTX 4090, 0 %, 1 MiB, 19.34 W, 29, 210 MHz, 405 MHz
2026/08/11 14:03:38.481, 0, NVIDIA GeForce RTX 4090, 0 %, 1 MiB, 19.66 W, 29, 210 MHz, 405 MHz
2026/08/11 14:03:43.482, 0, NVIDIA GeForce RTX 4090, 0 %, 1 MiB, 19.17 W, 29, 210 MHz, 405 MHz
2026/08/11 14:03:48.483, 0, NVIDIA GeForce RTX 4090, 0 %, 1 MiB, 18.77 W, 29, 210 MHz, 405 MHz
2026/08/11 14:03:53.485, 0, NVIDIA GeForce RTX 4090, 0 %, 1 MiB, 19.52 W, 29, 210 MHz, 405 MHz
2026/08/11 14:03:58.486, 0, NVIDIA GeForce RTX 4090, 0 %, 1 MiB, 19.28 W, 28, 210 MHz, 405 MHz
2026/08/11 14:04:03.487, 0, NVIDIA GeForce RTX 4090, 0 %, 1 MiB, 19.56 W, 28, 210 MHz, 405 MHz
2026/08/11 14:04:08.487, 0, NVIDIA GeForce RTX 4090, 0 %, 396 MiB, 19.92 W, 28, 2520 MHz, 10501 MHz
2026/08/11 14:04:13.488, 0, NVIDIA GeForce RTX 4090, 0 %, 2988 MiB, 60.36 W, 30, 2520 MHz, 10251 MHz
2026/08/11 14:04:18.489, 0, NVIDIA GeForce RTX 4090, 2 %, 4364 MiB, 60.34 W, 30, 2520 MHz, 10251 MHz
2026/08/11 14:04:23.489, 0, NVIDIA GeForce RTX 4090, 0 %, 5516 MiB, 60.69 W, 30, 2520 MHz, 10251 MHz
2026/08/11 14:04:28.490, 0, NVIDIA GeForce RTX 4090, 2 %, 6604 MiB, 60.61 W, 31, 2520 MHz, 10251 MHz
2026/08/11 14:04:33.490, 0, NVIDIA GeForce RTX 4090, 0 %, 7628 MiB, 60.47 W, 31, 2520 MHz, 10251 MHz
2026/08/11 14:04:38.491, 0, NVIDIA GeForce RTX 4090, 1 %, 8716 MiB, 60.37 W, 31, 2520 MHz, 10251 MHz
2026/08/11 14:04:43.491, 0, NVIDIA GeForce RTX 4090, 0 %, 9804 MiB, 60.55 W, 31, 2520 MHz, 10251 MHz
2026/08/11 14:04:48.492, 0, NVIDIA GeForce RTX 4090, 0 %, 10924 MiB, 60.70 W, 31, 2520 MHz, 10251 MHz
2026/08/11 14:04:53.493, 0, NVIDIA GeForce RTX 4090, 3 %, 12044 MiB, 60.72 W, 31, 2520 MHz, 10251 MHz
2026/08/11 14:04:58.494, 0, NVIDIA GeForce RTX 4090, 1 %, 13100 MiB, 60.59 W, 31, 2520 MHz, 10251 MHz
2026/08/11 14:05:03.494, 0, NVIDIA GeForce RTX 4090, 0 %, 14252 MiB, 60.65 W, 32, 2520 MHz, 10251 MHz
2026/08/11 14:05:08.495, 0, NVIDIA GeForce RTX 4090, 3 %, 15340 MiB, 61.05 W, 32, 2520 MHz, 10251 MHz
2026/08/11 14:05:13.496, 0, NVIDIA GeForce RTX 4090, 0 %, 16524 MiB, 60.90 W, 32, 2520 MHz, 10251 MHz
2026/08/11 14:05:18.496, 0, NVIDIA GeForce RTX 4090, 0 %, 17612 MiB, 61.03 W, 32, 2520 MHz, 10251 MHz
2026/08/11 14:05:23.497, 0, NVIDIA GeForce RTX 4090, 0 %, 18828 MiB, 60.31 W, 32, 2520 MHz, 10251 MHz
2026/08/11 14:05:28.498, 0, NVIDIA GeForce RTX 4090, 100 %, 22116 MiB, 256.53 W, 39, 2760 MHz, 10251 MHz
2026/08/11 14:05:33.499, 0, NVIDIA GeForce RTX 4090, 0 %, 396 MiB, 42.56 W, 33, 2520 MHz, 10251 MHz
2026/08/11 14:05:38.499, 0, NVIDIA GeForce RTX 4090, 0 %, 3084 MiB, 59.70 W, 33, 2520 MHz, 10251 MHz
2026/08/11 14:05:43.500, 0, NVIDIA GeForce RTX 4090, 0 %, 4396 MiB, 59.37 W, 33, 2520 MHz, 10251 MHz
2026/08/11 14:05:48.500, 0, NVIDIA GeForce RTX 4090, 0 %, 5484 MiB, 59.03 W, 33, 2520 MHz, 10251 MHz
2026/08/11 14:05:53.501, 0, NVIDIA GeForce RTX 4090, 0 %, 6572 MiB, 59.32 W, 33, 2520 MHz, 10251 MHz
2026/08/11 14:05:58.502, 0, NVIDIA GeForce RTX 4090, 0 %, 7724 MiB, 59.57 W, 33, 2520 MHz, 10251 MHz
2026/08/11 14:06:03.503, 0, NVIDIA GeForce RTX 4090, 3 %, 8844 MiB, 58.92 W, 33, 2520 MHz, 10251 MHz
2026/08/11 14:06:08.503, 0, NVIDIA GeForce RTX 4090, 0 %, 9932 MiB, 59.51 W, 33, 2520 MHz, 10251 MHz
2026/08/11 14:06:13.504, 0, NVIDIA GeForce RTX 4090, 0 %, 11116 MiB, 58.74 W, 33, 2520 MHz, 10251 MHz
2026/08/11 14:06:18.505, 0, NVIDIA GeForce RTX 4090, 2 %, 12204 MiB, 59.11 W, 33, 2520 MHz, 10251 MHz
2026/08/11 14:06:23.505, 0, NVIDIA GeForce RTX 4090, 3 %, 13324 MiB, 58.88 W, 33, 2520 MHz, 10251 MHz
2026/08/11 14:06:28.506, 0, NVIDIA GeForce RTX 4090, 0 %, 14412 MiB, 58.84 W, 33, 2520 MHz, 10251 MHz
2026/08/11 14:06:33.507, 0, NVIDIA GeForce RTX 4090, 0 %, 15500 MiB, 59.22 W, 33, 2520 MHz, 10251 MHz
2026/08/11 14:06:38.507, 0, NVIDIA GeForce RTX 4090, 2 %, 16620 MiB, 58.82 W, 33, 2520 MHz, 10251 MHz
2026/08/11 14:06:43.508, 0, NVIDIA GeForce RTX 4090, 0 %, 17772 MiB, 58.71 W, 33, 2520 MHz, 10251 MHz
2026/08/11 14:06:48.509, 0, NVIDIA GeForce RTX 4090, 0 %, 18924 MiB, 58.98 W, 33, 2520 MHz, 10251 MHz
2026/08/11 14:06:53.509, 0, NVIDIA GeForce RTX 4090, 100 %, 19972 MiB, 253.74 W, 41, 2760 MHz, 10251 MHz
2026/08/11 14:06:58.510, 0, NVIDIA GeForce RTX 4090, 0 %, 260 MiB, 76.23 W, 35, 2775 MHz, 10501 MHz
2026/08/11 14:07:03.511, 0, NVIDIA GeForce RTX 4090, 0 %, 1 MiB, 22.75 W, 33, 210 MHz, 405 MHz
2026/08/11 14:07:08.512, 0, NVIDIA GeForce RTX 4090, 0 %, 1 MiB, 19.96 W, 32, 210 MHz, 405 MHz
2026/08/11 14:07:13.512, 0, NVIDIA GeForce RTX 4090, 0 %, 1 MiB, 20.30 W, 32, 210 MHz, 405 MHz
2026/08/11 14:07:18.513, 0, NVIDIA GeForce RTX 4090, 0 %, 1 MiB, 19.61 W, 31, 210 MHz, 405 MHz
2026/08/11 14:07:23.513, 0, NVIDIA GeForce RTX 4090, 0 %, 1 MiB, 19.64 W, 31, 210 MHz, 405 MHz
2026/08/11 14:07:28.515, 0, NVIDIA GeForce RTX 4090, 0 %, 1 MiB, 19.38 W, 31, 210 MHz, 405 MHz
2026/08/11 14:07:33.515, 0, NVIDIA GeForce RTX 4090, 0 %, 1 MiB, 19.13 W, 30, 210 MHz, 405 MHz
2026/08/11 14:07:38.516, 0, NVIDIA GeForce RTX 4090, 0 %, 1 MiB, 19.13 W, 30, 210 MHz, 405 MHz
2026/08/11 14:07:43.517, 0, NVIDIA GeForce RTX 4090, 0 %, 1 MiB, 19.57 W, 30, 210 MHz, 405 MHz
2026/08/11 14:07:48.521, 0, NVIDIA GeForce RTX 4090, 0 %, 1 MiB, 19.55 W, 30, 210 MHz, 405 MHz
2026/08/11 14:07:53.521, 0, NVIDIA GeForce RTX 4090, 0 %, 1 MiB, 19.33 W, 30, 210 MHz, 405 MHz
2026/08/11 14:07:58.522, 0, NVIDIA GeForce RTX 4090, 0 %, 1 MiB, 19.17 W, 29, 210 MHz, 405 MHz
2026/08/11 14:08:03.524, 0, NVIDIA GeForce RTX 4090, 0 %, 1 MiB, 19.40 W, 29, 210 MHz, 405 MHz
2026/08/11 14:08:08.524, 0, NVIDIA GeForce RTX 4090, 0 %, 1 MiB, 19.44 W, 29, 210 MHz, 405 MHz
2026/08/11 14:08:13.525, 0, NVIDIA GeForce RTX 4090, 0 %, 1 MiB, 19.17 W, 29, 210 MHz, 405 MHz
2026/08/11 14:08:18.526, 0, NVIDIA GeForce RTX 4090, 0 %, 1 MiB, 19.40 W, 29, 210 MHz, 405 MHz
2026/08/11 14:08:23.526, 0, NVIDIA GeForce RTX 4090, 0 %, 1 MiB, 19.11 W, 29, 210 MHz, 405 MHz
2026/08/11 14:08:28.527, 0, NVIDIA GeForce RTX 4090, 0 %, 1 MiB, 19.05 W, 29, 210 MHz, 405 MHz
2026/08/11 14:08:33.528, 0, NVIDIA GeForce RTX 4090, 0 %, 1 MiB, 19.28 W, 29, 210 MHz, 405 MHz
2026/08/11 14:08:38.528, 0, NVIDIA GeForce RTX 4090, 0 %, 1 MiB, 19.24 W, 28, 210 MHz, 405 MHz
2026/08/11 14:08:43.529, 0, NVIDIA GeForce RTX 4090, 0 %, 1 MiB, 19.03 W, 28, 210 MHz, 405 MHz
2026/08/11 14:08:48.530, 0, NVIDIA GeForce RTX 4090, 0 %, 1 MiB, 19.13 W, 28, 210 MHz, 405 MHz
2026/08/11 14:08:53.530, 0, NVIDIA GeForce RTX 4090, 0 %, 1 MiB, 19.22 W, 28, 210 MHz, 405 MHz
2026/08/11 14:08:58.531, 0, NVIDIA GeForce RTX 4090, 0 %, 1 MiB, 19.10 W, 28, 210 MHz, 405 MHz
2026/08/11 14:09:03.532, 0, NVIDIA GeForce RTX 4090, 0 %, 1 MiB, 19.25 W, 28, 210 MHz, 405 MHz
2026/08/11 14:09:08.533, 0, NVIDIA GeForce RTX 4090, 2 %, 2924 MiB, 58.18 W, 29, 2520 MHz, 10251 MHz
2026/08/11 14:09:13.536, 0, NVIDIA GeForce RTX 4090, 0 %, 4236 MiB, 58.46 W, 30, 2520 MHz, 10251 MHz
2026/08/11 14:09:18.537, 0, NVIDIA GeForce RTX 4090, 0 %, 5388 MiB, 58.83 W, 30, 2520 MHz, 10251 MHz
2026/08/11 14:09:23.537, 0, NVIDIA GeForce RTX 4090, 2 %, 6508 MiB, 59.25 W, 30, 2520 MHz, 10251 MHz
2026/08/11 14:09:28.538, 0, NVIDIA GeForce RTX 4090, 0 %, 7628 MiB, 58.78 W, 30, 2520 MHz, 10251 MHz
2026/08/11 14:09:33.539, 0, NVIDIA GeForce RTX 4090, 2 %, 8716 MiB, 59.02 W, 30, 2520 MHz, 10251 MHz
2026/08/11 14:09:38.540, 0, NVIDIA GeForce RTX 4090, 0 %, 9804 MiB, 59.12 W, 31, 2520 MHz, 10251 MHz
2026/08/11 14:09:43.540, 0, NVIDIA GeForce RTX 4090, 0 %, 10924 MiB, 59.42 W, 31, 2520 MHz, 10251 MHz
2026/08/11 14:09:48.542, 0, NVIDIA GeForce RTX 4090, 3 %, 12044 MiB, 58.70 W, 31, 2520 MHz, 10251 MHz
2026/08/11 14:09:53.543, 0, NVIDIA GeForce RTX 4090, 2 %, 13132 MiB, 58.47 W, 31, 2520 MHz, 10251 MHz
2026/08/11 14:09:58.543, 0, NVIDIA GeForce RTX 4090, 3 %, 14252 MiB, 59.00 W, 31, 2520 MHz, 10251 MHz
2026/08/11 14:10:03.544, 0, NVIDIA GeForce RTX 4090, 3 %, 15340 MiB, 58.64 W, 31, 2520 MHz, 10251 MHz
2026/08/11 14:10:08.545, 0, NVIDIA GeForce RTX 4090, 3 %, 16460 MiB, 58.62 W, 31, 2520 MHz, 10251 MHz
2026/08/11 14:10:13.546, 0, NVIDIA GeForce RTX 4090, 1 %, 17612 MiB, 59.22 W, 31, 2520 MHz, 10251 MHz
2026/08/11 14:10:18.547, 0, NVIDIA GeForce RTX 4090, 6 %, 18764 MiB, 58.94 W, 31, 2520 MHz, 10251 MHz
2026/08/11 14:10:23.548, 0, NVIDIA GeForce RTX 4090, 0 %, 19244 MiB, 58.82 W, 31, 2520 MHz, 10251 MHz
2026/08/11 14:10:28.549, 0, NVIDIA GeForce RTX 4090, 0 %, 19244 MiB, 58.62 W, 31, 2520 MHz, 10251 MHz
2026/08/11 14:10:33.549, 0, NVIDIA GeForce RTX 4090, 0 %, 19820 MiB, 58.59 W, 32, 2520 MHz, 10251 MHz
2026/08/11 14:10:38.550, 0, NVIDIA GeForce RTX 4090, 96 %, 19844 MiB, 274.53 W, 41, 2760 MHz, 10251 MHz
2026/08/11 14:10:43.551, 0, NVIDIA GeForce RTX 4090, 100 %, 19876 MiB, 247.63 W, 42, 2760 MHz, 10251 MHz
2026/08/11 14:10:48.551, 0, NVIDIA GeForce RTX 4090, 100 %, 19876 MiB, 235.82 W, 42, 2760 MHz, 10251 MHz
2026/08/11 14:10:53.553, 0, NVIDIA GeForce RTX 4090, 100 %, 19876 MiB, 226.99 W, 43, 2760 MHz, 10251 MHz
2026/08/11 14:10:58.553, 0, NVIDIA GeForce RTX 4090, 100 %, 19876 MiB, 248.44 W, 44, 2760 MHz, 10251 MHz
2026/08/11 14:11:03.554, 0, NVIDIA GeForce RTX 4090, 100 %, 19876 MiB, 236.20 W, 45, 2760 MHz, 10251 MHz
2026/08/11 14:11:08.555, 0, NVIDIA GeForce RTX 4090, 100 %, 19876 MiB, 227.92 W, 45, 2760 MHz, 10251 MHz
2026/08/11 14:11:13.555, 0, NVIDIA GeForce RTX 4090, 100 %, 19876 MiB, 248.57 W, 46, 2760 MHz, 10251 MHz
2026/08/11 14:11:18.556, 0, NVIDIA GeForce RTX 4090, 100 %, 19876 MiB, 237.07 W, 46, 2760 MHz, 10251 MHz
2026/08/11 14:11:23.557, 0, NVIDIA GeForce RTX 4090, 100 %, 19876 MiB, 227.62 W, 46, 2760 MHz, 10251 MHz
2026/08/11 14:11:28.557, 0, NVIDIA GeForce RTX 4090, 0 %, 22148 MiB, 60.68 W, 40, 2520 MHz, 10251 MHz
2026/08/11 14:11:33.558, 0, NVIDIA GeForce RTX 4090, 0 %, 22148 MiB, 60.62 W, 39, 2520 MHz, 10251 MHz
2026/08/11 14:11:38.559, 0, NVIDIA GeForce RTX 4090, 0 %, 22148 MiB, 60.26 W, 38, 2520 MHz, 10251 MHz
2026/08/11 14:11:43.559, 0, NVIDIA GeForce RTX 4090, 0 %, 22148 MiB, 24.67 W, 36, 210 MHz, 405 MHz
2026/08/11 14:11:48.560, 0, NVIDIA GeForce RTX 4090, 0 %, 22148 MiB, 20.49 W, 35, 210 MHz, 405 MHz
2026/08/11 14:11:53.561, 0, NVIDIA GeForce RTX 4090, 100 %, 22148 MiB, 299.06 W, 48, 2760 MHz, 10251 MHz
2026/08/11 14:11:58.561, 0, NVIDIA GeForce RTX 4090, 100 %, 22148 MiB, 336.51 W, 50, 2760 MHz, 10251 MHz
2026/08/11 14:12:03.562, 0, NVIDIA GeForce RTX 4090, 100 %, 22148 MiB, 272.69 W, 47, 2760 MHz, 10251 MHz
2026/08/11 14:12:08.563, 0, NVIDIA GeForce RTX 4090, 100 %, 19876 MiB, 231.35 W, 47, 2760 MHz, 10251 MHz
2026/08/11 14:12:13.563, 0, NVIDIA GeForce RTX 4090, 100 %, 19844 MiB, 250.65 W, 49, 2760 MHz, 10251 MHz
2026/08/11 14:12:18.564, 0, NVIDIA GeForce RTX 4090, 83 %, 19844 MiB, 251.04 W, 49, 2760 MHz, 10251 MHz
2026/08/11 14:12:23.564, 0, NVIDIA GeForce RTX 4090, 100 %, 19844 MiB, 250.49 W, 49, 2760 MHz, 10251 MHz
2026/08/11 14:12:28.565, 0, NVIDIA GeForce RTX 4090, 100 %, 21540 MiB, 250.37 W, 49, 2760 MHz, 10251 MHz
2026/08/11 14:12:33.570, 0, NVIDIA GeForce RTX 4090, 100 %, 21444 MiB, 248.12 W, 49, 2760 MHz, 10251 MHz
2026/08/11 14:12:38.571, 0, NVIDIA GeForce RTX 4090, 100 %, 19844 MiB, 242.38 W, 50, 2760 MHz, 10251 MHz
2026/08/11 14:12:43.571, 0, NVIDIA GeForce RTX 4090, 100 %, 19844 MiB, 243.40 W, 50, 2760 MHz, 10251 MHz
2026/08/11 14:12:48.572, 0, NVIDIA GeForce RTX 4090, 100 %, 19844 MiB, 242.66 W, 50, 2760 MHz, 10251 MHz
2026/08/11 14:12:53.572, 0, NVIDIA GeForce RTX 4090, 100 %, 19844 MiB, 251.09 W, 51, 2760 MHz, 10251 MHz
2026/08/11 14:12:58.573, 0, NVIDIA GeForce RTX 4090, 85 %, 19844 MiB, 252.85 W, 51, 2760 MHz, 10251 MHz
2026/08/11 14:13:03.574, 0, NVIDIA GeForce RTX 4090, 86 %, 19844 MiB, 252.60 W, 51, 2760 MHz, 10251 MHz
2026/08/11 14:13:08.574, 0, NVIDIA GeForce RTX 4090, 100 %, 19844 MiB, 244.15 W, 51, 2745 MHz, 10251 MHz
2026/08/11 14:13:13.575, 0, NVIDIA GeForce RTX 4090, 100 %, 19844 MiB, 245.85 W, 50, 2745 MHz, 10251 MHz
2026/08/11 14:13:18.575, 0, NVIDIA GeForce RTX 4090, 100 %, 19844 MiB, 250.24 W, 52, 2745 MHz, 10251 MHz
2026/08/11 14:13:23.576, 0, NVIDIA GeForce RTX 4090, 84 %, 260 MiB, 82.09 W, 45, 2760 MHz, 10501 MHz
2026/08/11 14:13:28.576, 0, NVIDIA GeForce RTX 4090, 2 %, 2444 MiB, 63.69 W, 43, 2520 MHz, 10251 MHz
2026/08/11 14:13:33.577, 0, NVIDIA GeForce RTX 4090, 2 %, 3852 MiB, 62.81 W, 42, 2520 MHz, 10251 MHz
2026/08/11 14:13:38.577, 0, NVIDIA GeForce RTX 4090, 0 %, 4940 MiB, 62.80 W, 41, 2520 MHz, 10251 MHz
2026/08/11 14:13:43.578, 0, NVIDIA GeForce RTX 4090, 0 %, 5996 MiB, 62.42 W, 40, 2520 MHz, 10251 MHz
2026/08/11 14:13:48.579, 0, NVIDIA GeForce RTX 4090, 2 %, 7020 MiB, 61.97 W, 40, 2520 MHz, 10251 MHz
2026/08/11 14:13:53.579, 0, NVIDIA GeForce RTX 4090, 0 %, 8076 MiB, 61.35 W, 39, 2520 MHz, 10251 MHz
2026/08/11 14:13:58.580, 0, NVIDIA GeForce RTX 4090, 0 %, 9132 MiB, 61.44 W, 39, 2520 MHz, 10251 MHz
2026/08/11 14:14:03.581, 0, NVIDIA GeForce RTX 4090, 3 %, 10252 MiB, 61.77 W, 38, 2520 MHz, 10251 MHz
2026/08/11 14:14:08.581, 0, NVIDIA GeForce RTX 4090, 2 %, 11276 MiB, 61.37 W, 38, 2520 MHz, 10251 MHz
2026/08/11 14:14:13.582, 0, NVIDIA GeForce RTX 4090, 0 %, 12332 MiB, 61.22 W, 37, 2520 MHz, 10251 MHz
2026/08/11 14:14:18.582, 0, NVIDIA GeForce RTX 4090, 0 %, 13452 MiB, 61.10 W, 37, 2520 MHz, 10251 MHz
2026/08/11 14:14:23.583, 0, NVIDIA GeForce RTX 4090, 0 %, 14412 MiB, 60.38 W, 36, 2520 MHz, 10251 MHz
2026/08/11 14:14:28.584, 0, NVIDIA GeForce RTX 4090, 2 %, 15468 MiB, 60.27 W, 36, 2520 MHz, 10251 MHz
2026/08/11 14:14:33.584, 0, NVIDIA GeForce RTX 4090, 0 %, 16460 MiB, 60.25 W, 36, 2520 MHz, 10251 MHz
2026/08/11 14:14:38.585, 0, NVIDIA GeForce RTX 4090, 2 %, 17516 MiB, 60.34 W, 35, 2520 MHz, 10251 MHz
2026/08/11 14:14:43.586, 0, NVIDIA GeForce RTX 4090, 5 %, 18572 MiB, 60.08 W, 35, 2520 MHz, 10251 MHz
2026/08/11 14:14:48.587, 0, NVIDIA GeForce RTX 4090, 0 %, 22116 MiB, 96.67 W, 36, 2760 MHz, 10251 MHz
2026/08/11 14:14:53.588, 0, NVIDIA GeForce RTX 4090, 0 %, 22116 MiB, 60.44 W, 35, 2520 MHz, 10251 MHz
2026/08/11 14:14:58.588, 0, NVIDIA GeForce RTX 4090, 0 %, 22116 MiB, 60.52 W, 34, 2520 MHz, 10251 MHz
2026/08/11 14:15:03.589, 0, NVIDIA GeForce RTX 4090, 0 %, 22116 MiB, 60.17 W, 34, 2520 MHz, 10251 MHz
2026/08/11 14:15:08.589, 0, NVIDIA GeForce RTX 4090, 0 %, 22116 MiB, 20.26 W, 33, 210 MHz, 405 MHz
2026/08/11 14:15:13.590, 0, NVIDIA GeForce RTX 4090, 0 %, 22116 MiB, 20.17 W, 32, 210 MHz, 405 MHz
2026/08/11 14:15:18.591, 0, NVIDIA GeForce RTX 4090, 0 %, 22116 MiB, 20.37 W, 32, 210 MHz, 405 MHz
2026/08/11 14:15:23.591, 0, NVIDIA GeForce RTX 4090, 0 %, 22116 MiB, 20.17 W, 32, 210 MHz, 405 MHz
2026/08/11 14:15:28.592, 0, NVIDIA GeForce RTX 4090, 0 %, 22116 MiB, 20.30 W, 31, 210 MHz, 405 MHz
2026/08/11 14:15:33.592, 0, NVIDIA GeForce RTX 4090, 0 %, 22116 MiB, 20.14 W, 31, 210 MHz, 405 MHz
2026/08/11 14:15:38.593, 0, NVIDIA GeForce RTX 4090, 0 %, 22116 MiB, 20.16 W, 31, 210 MHz, 405 MHz
2026/08/11 14:15:43.594, 0, NVIDIA GeForce RTX 4090, 0 %, 22116 MiB, 20.00 W, 31, 210 MHz, 405 MHz
2026/08/11 14:15:48.594, 0, NVIDIA GeForce RTX 4090, 0 %, 22116 MiB, 20.10 W, 30, 210 MHz, 405 MHz
2026/08/11 14:15:53.595, 0, NVIDIA GeForce RTX 4090, 0 %, 22116 MiB, 19.87 W, 30, 210 MHz, 405 MHz
2026/08/11 14:15:58.596, 0, NVIDIA GeForce RTX 4090, 0 %, 22116 MiB, 19.77 W, 30, 210 MHz, 405 MHz
2026/08/11 14:16:03.596, 0, NVIDIA GeForce RTX 4090, 0 %, 22116 MiB, 20.04 W, 30, 210 MHz, 405 MHz
2026/08/11 14:16:08.597, 0, NVIDIA GeForce RTX 4090, 0 %, 19716 MiB, 29.69 W, 31, 2520 MHz, 10251 MHz
2026/08/11 14:16:13.597, 0, NVIDIA GeForce RTX 4090, 0 %, 19716 MiB, 58.80 W, 31, 2520 MHz, 10251 MHz
2026/08/11 14:16:18.598, 0, NVIDIA GeForce RTX 4090, 0 %, 19716 MiB, 58.67 W, 31, 2520 MHz, 10251 MHz
2026/08/11 14:16:23.599, 0, NVIDIA GeForce RTX 4090, 0 %, 19716 MiB, 58.98 W, 31, 2520 MHz, 10251 MHz
2026/08/11 14:16:28.599, 0, NVIDIA GeForce RTX 4090, 0 %, 19716 MiB, 22.77 W, 30, 210 MHz, 405 MHz
2026/08/11 14:16:33.600, 0, NVIDIA GeForce RTX 4090, 0 %, 19716 MiB, 22.01 W, 30, 210 MHz, 405 MHz
2026/08/11 14:16:38.601, 0, NVIDIA GeForce RTX 4090, 0 %, 19716 MiB, 22.14 W, 30, 210 MHz, 405 MHz
2026/08/11 14:16:43.602, 0, NVIDIA GeForce RTX 4090, 0 %, 19716 MiB, 22.05 W, 29, 210 MHz, 405 MHz
2026/08/11 14:16:48.602, 0, NVIDIA GeForce RTX 4090, 0 %, 19940 MiB, 21.86 W, 29, 210 MHz, 405 MHz
2026/08/11 14:16:53.603, 0, NVIDIA GeForce RTX 4090, 100 %, 22212 MiB, 314.13 W, 44, 2760 MHz, 10251 MHz
2026/08/11 14:16:58.603, 0, NVIDIA GeForce RTX 4090, 0 %, 22212 MiB, 59.20 W, 33, 2520 MHz, 10251 MHz
2026/08/11 14:17:03.604, 0, NVIDIA GeForce RTX 4090, 0 %, 22212 MiB, 59.38 W, 32, 2520 MHz, 10251 MHz
2026/08/11 14:17:08.604, 0, NVIDIA GeForce RTX 4090, 0 %, 22212 MiB, 59.22 W, 32, 2520 MHz, 10251 MHz
2026/08/11 14:17:13.605, 0, NVIDIA GeForce RTX 4090, 0 %, 22212 MiB, 21.34 W, 31, 210 MHz, 405 MHz
2026/08/11 14:17:18.606, 0, NVIDIA GeForce RTX 4090, 0 %, 22212 MiB, 20.46 W, 30, 210 MHz, 405 MHz
2026/08/11 14:17:23.606, 0, NVIDIA GeForce RTX 4090, 0 %, 22212 MiB, 20.30 W, 30, 210 MHz, 405 MHz
2026/08/11 14:17:28.607, 0, NVIDIA GeForce RTX 4090, 0 %, 22212 MiB, 19.74 W, 30, 210 MHz, 405 MHz
2026/08/11 14:17:33.608, 0, NVIDIA GeForce RTX 4090, 0 %, 22212 MiB, 19.49 W, 30, 210 MHz, 405 MHz
2026/08/11 14:17:38.608, 0, NVIDIA GeForce RTX 4090, 0 %, 22212 MiB, 19.68 W, 30, 210 MHz, 405 MHz
2026/08/11 14:17:43.609, 0, NVIDIA GeForce RTX 4090, 0 %, 22212 MiB, 19.95 W, 29, 210 MHz, 405 MHz
2026/08/11 14:17:48.610, 0, NVIDIA GeForce RTX 4090, 0 %, 22212 MiB, 19.77 W, 29, 210 MHz, 405 MHz
2026/08/11 14:17:53.610, 0, NVIDIA GeForce RTX 4090, 0 %, 22212 MiB, 20.23 W, 29, 210 MHz, 405 MHz
2026/08/11 14:17:58.611, 0, NVIDIA GeForce RTX 4090, 0 %, 22212 MiB, 19.70 W, 29, 210 MHz, 405 MHz
2026/08/11 14:18:03.612, 0, NVIDIA GeForce RTX 4090, 0 %, 22212 MiB, 19.99 W, 29, 210 MHz, 405 MHz
2026/08/11 14:18:08.612, 0, NVIDIA GeForce RTX 4090, 0 %, 22212 MiB, 19.81 W, 29, 210 MHz, 405 MHz
2026/08/11 14:18:13.613, 0, NVIDIA GeForce RTX 4090, 0 %, 22212 MiB, 19.47 W, 29, 210 MHz, 405 MHz
2026/08/11 14:18:18.614, 0, NVIDIA GeForce RTX 4090, 0 %, 22212 MiB, 19.24 W, 28, 210 MHz, 405 MHz
2026/08/11 14:18:23.614, 0, NVIDIA GeForce RTX 4090, 0 %, 22212 MiB, 19.44 W, 28, 210 MHz, 405 MHz
2026/08/11 14:18:28.615, 0, NVIDIA GeForce RTX 4090, 0 %, 22212 MiB, 19.31 W, 28, 210 MHz, 405 MHz
2026/08/11 14:18:33.615, 0, NVIDIA GeForce RTX 4090, 0 %, 22212 MiB, 19.35 W, 28, 210 MHz, 405 MHz
2026/08/11 14:18:38.616, 0, NVIDIA GeForce RTX 4090, 0 %, 22209 MiB, 19.58 W, 28, 210 MHz, 405 MHz
2026/08/11 14:18:43.617, 0, NVIDIA GeForce RTX 4090, 1 %, 2188 MiB, 59.26 W, 30, 2520 MHz, 10251 MHz
2026/08/11 14:18:48.617, 0, NVIDIA GeForce RTX 4090, 0 %, 3692 MiB, 59.29 W, 30, 2520 MHz, 10251 MHz
2026/08/11 14:18:53.618, 0, NVIDIA GeForce RTX 4090, 0 %, 4876 MiB, 59.32 W, 30, 2520 MHz, 10251 MHz
2026/08/11 14:18:58.619, 0, NVIDIA GeForce RTX 4090, 0 %, 6028 MiB, 59.47 W, 30, 2520 MHz, 10251 MHz
2026/08/11 14:19:03.619, 0, NVIDIA GeForce RTX 4090, 3 %, 7148 MiB, 59.08 W, 30, 2520 MHz, 10251 MHz
2026/08/11 14:19:08.620, 0, NVIDIA GeForce RTX 4090, 0 %, 8332 MiB, 59.44 W, 30, 2520 MHz, 10251 MHz
2026/08/11 14:19:13.621, 0, NVIDIA GeForce RTX 4090, 0 %, 9420 MiB, 59.24 W, 31, 2520 MHz, 10251 MHz
2026/08/11 14:19:18.621, 0, NVIDIA GeForce RTX 4090, 0 %, 10508 MiB, 59.57 W, 31, 2520 MHz, 10251 MHz
2026/08/11 14:19:23.622, 0, NVIDIA GeForce RTX 4090, 3 %, 11628 MiB, 59.19 W, 31, 2520 MHz, 10251 MHz
2026/08/11 14:19:28.622, 0, NVIDIA GeForce RTX 4090, 0 %, 12780 MiB, 59.49 W, 31, 2520 MHz, 10251 MHz
2026/08/11 14:19:33.623, 0, NVIDIA GeForce RTX 4090, 3 %, 13900 MiB, 59.66 W, 31, 2520 MHz, 10251 MHz
2026/08/11 14:19:38.624, 0, NVIDIA GeForce RTX 4090, 0 %, 15052 MiB, 59.21 W, 31, 2520 MHz, 10251 MHz
2026/08/11 14:19:43.624, 0, NVIDIA GeForce RTX 4090, 0 %, 16172 MiB, 59.36 W, 31, 2520 MHz, 10251 MHz
2026/08/11 14:19:48.625, 0, NVIDIA GeForce RTX 4090, 0 %, 17196 MiB, 59.64 W, 31, 2520 MHz, 10251 MHz
2026/08/11 14:19:53.626, 0, NVIDIA GeForce RTX 4090, 0 %, 18316 MiB, 59.53 W, 31, 2520 MHz, 10251 MHz
2026/08/11 14:19:58.626, 0, NVIDIA GeForce RTX 4090, 0 %, 19244 MiB, 59.75 W, 31, 2520 MHz, 10251 MHz
2026/08/11 14:20:03.627, 0, NVIDIA GeForce RTX 4090, 0 %, 19244 MiB, 59.04 W, 31, 2520 MHz, 10251 MHz
2026/08/11 14:20:08.628, 0, NVIDIA GeForce RTX 4090, 0 %, 19244 MiB, 59.32 W, 31, 2520 MHz, 10251 MHz
2026/08/11 14:20:13.628, 0, NVIDIA GeForce RTX 4090, 0 %, 19724 MiB, 59.12 W, 31, 2520 MHz, 10251 MHz
2026/08/11 14:20:18.629, 0, NVIDIA GeForce RTX 4090, 99 %, 22212 MiB, 324.12 W, 45, 2760 MHz, 10251 MHz
2026/08/11 14:20:23.630, 0, NVIDIA GeForce RTX 4090, 0 %, 19876 MiB, 231.10 W, 42, 2760 MHz, 10251 MHz
2026/08/11 14:20:28.630, 0, NVIDIA GeForce RTX 4090, 100 %, 19876 MiB, 241.18 W, 42, 2760 MHz, 10251 MHz
2026/08/11 14:20:33.631, 0, NVIDIA GeForce RTX 4090, 100 %, 19876 MiB, 231.22 W, 43, 2760 MHz, 10251 MHz
2026/08/11 14:20:38.632, 0, NVIDIA GeForce RTX 4090, 100 %, 19876 MiB, 219.49 W, 44, 2760 MHz, 10251 MHz
2026/08/11 14:20:43.632, 0, NVIDIA GeForce RTX 4090, 100 %, 19876 MiB, 242.08 W, 44, 2760 MHz, 10251 MHz
2026/08/11 14:20:48.633, 0, NVIDIA GeForce RTX 4090, 100 %, 19876 MiB, 231.78 W, 45, 2760 MHz, 10251 MHz
2026/08/11 14:20:53.634, 0, NVIDIA GeForce RTX 4090, 100 %, 19876 MiB, 254.75 W, 46, 2760 MHz, 10251 MHz
2026/08/11 14:20:58.634, 0, NVIDIA GeForce RTX 4090, 100 %, 19876 MiB, 241.89 W, 46, 2760 MHz, 10251 MHz
2026/08/11 14:21:03.635, 0, NVIDIA GeForce RTX 4090, 100 %, 19876 MiB, 232.17 W, 46, 2760 MHz, 10251 MHz
2026/08/11 14:21:08.636, 0, NVIDIA GeForce RTX 4090, 0 %, 22148 MiB, 101.47 W, 41, 2760 MHz, 10251 MHz
2026/08/11 14:21:13.636, 0, NVIDIA GeForce RTX 4090, 0 %, 22148 MiB, 61.58 W, 39, 2520 MHz, 10251 MHz
2026/08/11 14:21:18.637, 0, NVIDIA GeForce RTX 4090, 0 %, 22148 MiB, 61.73 W, 38, 2520 MHz, 10251 MHz
2026/08/11 14:21:23.638, 0, NVIDIA GeForce RTX 4090, 0 %, 22148 MiB, 61.12 W, 38, 2520 MHz, 10251 MHz
2026/08/11 14:21:28.639, 0, NVIDIA GeForce RTX 4090, 0 %, 22148 MiB, 20.93 W, 36, 210 MHz, 405 MHz
2026/08/11 14:21:33.639, 0, NVIDIA GeForce RTX 4090, 100 %, 20868 MiB, 119.02 W, 43, 2760 MHz, 10251 MHz
2026/08/11 14:21:38.640, 0, NVIDIA GeForce RTX 4090, 100 %, 20868 MiB, 241.88 W, 44, 2760 MHz, 10251 MHz
2026/08/11 14:21:43.640, 0, NVIDIA GeForce RTX 4090, 100 %, 20868 MiB, 231.89 W, 45, 2760 MHz, 10251 MHz
2026/08/11 14:21:48.641, 0, NVIDIA GeForce RTX 4090, 100 %, 20868 MiB, 224.03 W, 45, 2760 MHz, 10251 MHz
2026/08/11 14:21:53.642, 0, NVIDIA GeForce RTX 4090, 100 %, 20868 MiB, 216.82 W, 45, 2760 MHz, 10251 MHz
2026/08/11 14:21:58.642, 0, NVIDIA GeForce RTX 4090, 100 %, 20868 MiB, 210.71 W, 45, 2760 MHz, 10251 MHz
2026/08/11 14:22:03.643, 0, NVIDIA GeForce RTX 4090, 100 %, 20868 MiB, 205.92 W, 46, 2760 MHz, 10251 MHz
2026/08/11 14:22:08.644, 0, NVIDIA GeForce RTX 4090, 100 %, 20868 MiB, 201.47 W, 46, 2760 MHz, 10251 MHz
2026/08/11 14:22:13.645, 0, NVIDIA GeForce RTX 4090, 100 %, 20868 MiB, 197.14 W, 46, 2760 MHz, 10251 MHz
2026/08/11 14:22:18.645, 0, NVIDIA GeForce RTX 4090, 100 %, 20868 MiB, 193.70 W, 46, 2760 MHz, 10251 MHz
2026/08/11 14:22:23.646, 0, NVIDIA GeForce RTX 4090, 100 %, 20868 MiB, 190.71 W, 46, 2760 MHz, 10251 MHz
2026/08/11 14:22:28.646, 0, NVIDIA GeForce RTX 4090, 100 %, 20868 MiB, 187.76 W, 46, 2760 MHz, 10251 MHz
2026/08/11 14:22:33.647, 0, NVIDIA GeForce RTX 4090, 100 %, 20868 MiB, 185.51 W, 46, 2760 MHz, 10251 MHz
2026/08/11 14:22:38.648, 0, NVIDIA GeForce RTX 4090, 100 %, 20868 MiB, 183.25 W, 46, 2760 MHz, 10251 MHz
2026/08/11 14:22:43.648, 0, NVIDIA GeForce RTX 4090, 100 %, 20868 MiB, 180.77 W, 46, 2760 MHz, 10251 MHz
2026/08/11 14:22:48.649, 0, NVIDIA GeForce RTX 4090, 100 %, 20868 MiB, 178.79 W, 45, 2760 MHz, 10251 MHz
2026/08/11 14:22:53.650, 0, NVIDIA GeForce RTX 4090, 100 %, 20868 MiB, 176.97 W, 45, 2760 MHz, 10251 MHz
2026/08/11 14:22:58.651, 0, NVIDIA GeForce RTX 4090, 100 %, 20868 MiB, 175.82 W, 45, 2760 MHz, 10251 MHz
2026/08/11 14:23:03.651, 0, NVIDIA GeForce RTX 4090, 100 %, 20868 MiB, 174.03 W, 45, 2760 MHz, 10251 MHz
2026/08/11 14:23:08.652, 0, NVIDIA GeForce RTX 4090, 100 %, 20868 MiB, 172.12 W, 45, 2760 MHz, 10251 MHz
2026/08/11 14:23:13.653, 0, NVIDIA GeForce RTX 4090, 100 %, 20868 MiB, 170.67 W, 45, 2760 MHz, 10251 MHz
2026/08/11 14:23:18.653, 0, NVIDIA GeForce RTX 4090, 100 %, 20868 MiB, 169.22 W, 45, 2760 MHz, 10251 MHz
2026/08/11 14:23:23.654, 0, NVIDIA GeForce RTX 4090, 100 %, 20868 MiB, 168.08 W, 45, 2760 MHz, 10251 MHz
2026/08/11 14:23:28.655, 0, NVIDIA GeForce RTX 4090, 100 %, 20868 MiB, 166.62 W, 45, 2760 MHz, 10251 MHz
2026/08/11 14:23:33.655, 0, NVIDIA GeForce RTX 4090, 100 %, 20868 MiB, 164.87 W, 45, 2760 MHz, 10251 MHz
2026/08/11 14:23:38.656, 0, NVIDIA GeForce RTX 4090, 100 %, 20868 MiB, 163.90 W, 45, 2760 MHz, 10251 MHz
2026/08/11 14:23:43.657, 0, NVIDIA GeForce RTX 4090, 100 %, 20868 MiB, 162.82 W, 44, 2760 MHz, 10251 MHz
2026/08/11 14:23:48.657, 0, NVIDIA GeForce RTX 4090, 100 %, 20868 MiB, 161.66 W, 45, 2760 MHz, 10251 MHz
2026/08/11 14:23:53.658, 0, NVIDIA GeForce RTX 4090, 100 %, 20868 MiB, 161.28 W, 44, 2760 MHz, 10251 MHz
2026/08/11 14:23:58.659, 0, NVIDIA GeForce RTX 4090, 100 %, 20868 MiB, 160.22 W, 44, 2760 MHz, 10251 MHz
2026/08/11 14:24:03.659, 0, NVIDIA GeForce RTX 4090, 100 %, 20868 MiB, 159.35 W, 44, 2760 MHz, 10251 MHz
2026/08/11 14:24:08.660, 0, NVIDIA GeForce RTX 4090, 100 %, 20868 MiB, 158.94 W, 44, 2760 MHz, 10251 MHz
2026/08/11 14:24:13.661, 0, NVIDIA GeForce RTX 4090, 100 %, 20868 MiB, 158.06 W, 44, 2760 MHz, 10251 MHz
2026/08/11 14:24:18.661, 0, NVIDIA GeForce RTX 4090, 100 %, 20868 MiB, 157.06 W, 44, 2760 MHz, 10251 MHz
2026/08/11 14:24:23.662, 0, NVIDIA GeForce RTX 4090, 100 %, 20868 MiB, 156.52 W, 44, 2760 MHz, 10251 MHz
2026/08/11 14:24:28.663, 0, NVIDIA GeForce RTX 4090, 100 %, 20868 MiB, 155.49 W, 44, 2760 MHz, 10251 MHz
2026/08/11 14:24:33.665, 0, NVIDIA GeForce RTX 4090, 100 %, 20868 MiB, 154.65 W, 44, 2760 MHz, 10251 MHz
2026/08/11 14:24:38.666, 0, NVIDIA GeForce RTX 4090, 100 %, 20868 MiB, 154.18 W, 44, 2760 MHz, 10251 MHz
2026/08/11 14:24:43.666, 0, NVIDIA GeForce RTX 4090, 100 %, 20868 MiB, 153.39 W, 44, 2760 MHz, 10251 MHz
2026/08/11 14:24:48.667, 0, NVIDIA GeForce RTX 4090, 100 %, 20868 MiB, 152.45 W, 44, 2760 MHz, 10251 MHz
2026/08/11 14:24:53.668, 0, NVIDIA GeForce RTX 4090, 100 %, 20868 MiB, 152.21 W, 44, 2760 MHz, 10251 MHz
2026/08/11 14:24:58.668, 0, NVIDIA GeForce RTX 4090, 100 %, 20868 MiB, 151.69 W, 44, 2760 MHz, 10251 MHz
2026/08/11 14:25:03.669, 0, NVIDIA GeForce RTX 4090, 100 %, 20868 MiB, 150.78 W, 43, 2760 MHz, 10251 MHz
2026/08/11 14:25:08.670, 0, NVIDIA GeForce RTX 4090, 100 %, 20868 MiB, 150.25 W, 43, 2760 MHz, 10251 MHz
2026/08/11 14:25:13.670, 0, NVIDIA GeForce RTX 4090, 100 %, 20868 MiB, 149.79 W, 43, 2760 MHz, 10251 MHz
2026/08/11 14:25:18.671, 0, NVIDIA GeForce RTX 4090, 100 %, 20868 MiB, 149.13 W, 43, 2760 MHz, 10251 MHz
2026/08/11 14:25:23.672, 0, NVIDIA GeForce RTX 4090, 100 %, 20868 MiB, 149.27 W, 43, 2760 MHz, 10251 MHz
2026/08/11 14:25:28.672, 0, NVIDIA GeForce RTX 4090, 100 %, 20868 MiB, 148.64 W, 43, 2760 MHz, 10251 MHz
2026/08/11 14:25:33.673, 0, NVIDIA GeForce RTX 4090, 100 %, 20868 MiB, 147.80 W, 43, 2760 MHz, 10251 MHz
2026/08/11 14:25:38.677, 0, NVIDIA GeForce RTX 4090, 100 %, 20868 MiB, 147.69 W, 43, 2760 MHz, 10251 MHz
2026/08/11 14:25:43.678, 0, NVIDIA GeForce RTX 4090, 100 %, 20868 MiB, 146.57 W, 43, 2760 MHz, 10251 MHz
2026/08/11 14:25:48.678, 0, NVIDIA GeForce RTX 4090, 100 %, 20868 MiB, 146.41 W, 43, 2760 MHz, 10251 MHz
2026/08/11 14:25:53.679, 0, NVIDIA GeForce RTX 4090, 100 %, 20868 MiB, 146.13 W, 43, 2760 MHz, 10251 MHz
2026/08/11 14:25:58.680, 0, NVIDIA GeForce RTX 4090, 100 %, 20868 MiB, 145.73 W, 43, 2760 MHz, 10251 MHz
2026/08/11 14:26:03.680, 0, NVIDIA GeForce RTX 4090, 100 %, 20868 MiB, 145.62 W, 43, 2760 MHz, 10251 MHz
2026/08/11 14:26:08.681, 0, NVIDIA GeForce RTX 4090, 100 %, 20868 MiB, 145.33 W, 43, 2760 MHz, 10251 MHz
2026/08/11 14:26:13.682, 0, NVIDIA GeForce RTX 4090, 100 %, 20868 MiB, 144.09 W, 43, 2760 MHz, 10251 MHz
2026/08/11 14:26:18.682, 0, NVIDIA GeForce RTX 4090, 100 %, 20868 MiB, 143.90 W, 43, 2760 MHz, 10251 MHz
2026/08/11 14:26:23.683, 0, NVIDIA GeForce RTX 4090, 100 %, 20868 MiB, 143.90 W, 42, 2760 MHz, 10251 MHz
2026/08/11 14:26:28.684, 0, NVIDIA GeForce RTX 4090, 100 %, 20868 MiB, 143.30 W, 42, 2760 MHz, 10251 MHz
2026/08/11 14:26:33.684, 0, NVIDIA GeForce RTX 4090, 100 %, 20868 MiB, 142.97 W, 42, 2760 MHz, 10251 MHz
2026/08/11 14:26:38.685, 0, NVIDIA GeForce RTX 4090, 100 %, 20868 MiB, 143.02 W, 43, 2760 MHz, 10251 MHz
2026/08/11 14:26:43.685, 0, NVIDIA GeForce RTX 4090, 100 %, 20868 MiB, 142.72 W, 42, 2760 MHz, 10251 MHz
2026/08/11 14:26:48.686, 0, NVIDIA GeForce RTX 4090, 100 %, 20868 MiB, 142.14 W, 42, 2760 MHz, 10251 MHz
2026/08/11 14:26:53.686, 0, NVIDIA GeForce RTX 4090, 100 %, 20868 MiB, 141.49 W, 42, 2760 MHz, 10251 MHz
2026/08/11 14:26:58.687, 0, NVIDIA GeForce RTX 4090, 100 %, 20868 MiB, 140.77 W, 42, 2760 MHz, 10251 MHz
2026/08/11 14:27:03.688, 0, NVIDIA GeForce RTX 4090, 100 %, 20868 MiB, 140.82 W, 42, 2760 MHz, 10251 MHz
2026/08/11 14:27:08.688, 0, NVIDIA GeForce RTX 4090, 100 %, 20868 MiB, 140.69 W, 42, 2760 MHz, 10251 MHz
2026/08/11 14:27:13.689, 0, NVIDIA GeForce RTX 4090, 100 %, 20868 MiB, 140.29 W, 42, 2760 MHz, 10251 MHz
2026/08/11 14:27:18.690, 0, NVIDIA GeForce RTX 4090, 100 %, 20868 MiB, 139.60 W, 42, 2760 MHz, 10251 MHz
2026/08/11 14:27:23.690, 0, NVIDIA GeForce RTX 4090, 100 %, 20868 MiB, 140.01 W, 42, 2760 MHz, 10251 MHz
2026/08/11 14:27:28.691, 0, NVIDIA GeForce RTX 4090, 100 %, 20868 MiB, 139.43 W, 42, 2760 MHz, 10251 MHz
2026/08/11 14:27:33.692, 0, NVIDIA GeForce RTX 4090, 100 %, 20868 MiB, 138.70 W, 42, 2760 MHz, 10251 MHz
2026/08/11 14:27:38.693, 0, NVIDIA GeForce RTX 4090, 100 %, 20868 MiB, 138.61 W, 42, 2760 MHz, 10251 MHz
2026/08/11 14:27:43.694, 0, NVIDIA GeForce RTX 4090, 100 %, 20868 MiB, 138.43 W, 42, 2760 MHz, 10251 MHz
2026/08/11 14:27:48.694, 0, NVIDIA GeForce RTX 4090, 100 %, 20868 MiB, 138.17 W, 42, 2760 MHz, 10251 MHz
2026/08/11 14:27:53.695, 0, NVIDIA GeForce RTX 4090, 100 %, 20868 MiB, 138.32 W, 42, 2760 MHz, 10251 MHz
2026/08/11 14:27:58.695, 0, NVIDIA GeForce RTX 4090, 100 %, 20868 MiB, 138.48 W, 42, 2760 MHz, 10251 MHz
2026/08/11 14:28:03.696, 0, NVIDIA GeForce RTX 4090, 100 %, 20868 MiB, 137.88 W, 42, 2760 MHz, 10251 MHz
2026/08/11 14:28:08.697, 0, NVIDIA GeForce RTX 4090, 100 %, 20868 MiB, 137.59 W, 42, 2760 MHz, 10251 MHz
2026/08/11 14:28:13.697, 0, NVIDIA GeForce RTX 4090, 100 %, 20868 MiB, 137.86 W, 42, 2760 MHz, 10251 MHz
2026/08/11 14:28:18.698, 0, NVIDIA GeForce RTX 4090, 100 %, 20868 MiB, 137.27 W, 42, 2760 MHz, 10251 MHz
2026/08/11 14:28:23.699, 0, NVIDIA GeForce RTX 4090, 100 %, 20868 MiB, 136.80 W, 42, 2760 MHz, 10251 MHz
2026/08/11 14:28:28.699, 0, NVIDIA GeForce RTX 4090, 100 %, 20868 MiB, 136.71 W, 42, 2760 MHz, 10251 MHz
2026/08/11 14:28:33.700, 0, NVIDIA GeForce RTX 4090, 100 %, 20868 MiB, 136.07 W, 42, 2760 MHz, 10251 MHz
2026/08/11 14:28:38.701, 0, NVIDIA GeForce RTX 4090, 100 %, 20868 MiB, 135.77 W, 42, 2760 MHz, 10251 MHz
2026/08/11 14:28:43.701, 0, NVIDIA GeForce RTX 4090, 100 %, 20868 MiB, 135.71 W, 42, 2760 MHz, 10251 MHz
2026/08/11 14:28:48.702, 0, NVIDIA GeForce RTX 4090, 100 %, 20868 MiB, 135.66 W, 42, 2760 MHz, 10251 MHz
2026/08/11 14:28:53.702, 0, NVIDIA GeForce RTX 4090, 100 %, 20868 MiB, 135.28 W, 42, 2760 MHz, 10251 MHz
2026/08/11 14:28:58.703, 0, NVIDIA GeForce RTX 4090, 100 %, 20868 MiB, 135.22 W, 42, 2760 MHz, 10251 MHz
2026/08/11 14:29:03.704, 0, NVIDIA GeForce RTX 4090, 100 %, 20868 MiB, 135.18 W, 42, 2760 MHz, 10251 MHz
2026/08/11 14:29:08.704, 0, NVIDIA GeForce RTX 4090, 100 %, 20868 MiB, 134.58 W, 42, 2760 MHz, 10251 MHz
2026/08/11 14:29:13.705, 0, NVIDIA GeForce RTX 4090, 100 %, 20868 MiB, 134.56 W, 41, 2760 MHz, 10251 MHz
2026/08/11 14:29:18.706, 0, NVIDIA GeForce RTX 4090, 100 %, 20868 MiB, 134.17 W, 41, 2760 MHz, 10251 MHz
2026/08/11 14:29:23.706, 0, NVIDIA GeForce RTX 4090, 100 %, 20868 MiB, 134.25 W, 41, 2760 MHz, 10251 MHz
2026/08/11 14:29:28.707, 0, NVIDIA GeForce RTX 4090, 100 %, 20868 MiB, 134.17 W, 41, 2760 MHz, 10251 MHz
2026/08/11 14:29:33.708, 0, NVIDIA GeForce RTX 4090, 100 %, 20868 MiB, 133.99 W, 42, 2760 MHz, 10251 MHz
2026/08/11 14:29:38.708, 0, NVIDIA GeForce RTX 4090, 100 %, 20868 MiB, 133.67 W, 42, 2760 MHz, 10251 MHz
2026/08/11 14:29:43.709, 0, NVIDIA GeForce RTX 4090, 100 %, 20868 MiB, 133.18 W, 42, 2760 MHz, 10251 MHz
2026/08/11 14:29:48.709, 0, NVIDIA GeForce RTX 4090, 100 %, 20868 MiB, 133.45 W, 41, 2760 MHz, 10251 MHz
2026/08/11 14:29:53.710, 0, NVIDIA GeForce RTX 4090, 100 %, 20868 MiB, 132.75 W, 41, 2760 MHz, 10251 MHz
2026/08/11 14:29:58.710, 0, NVIDIA GeForce RTX 4090, 100 %, 20868 MiB, 133.02 W, 42, 2760 MHz, 10251 MHz
2026/08/11 14:30:03.711, 0, NVIDIA GeForce RTX 4090, 100 %, 20868 MiB, 133.13 W, 41, 2760 MHz, 10251 MHz
2026/08/11 14:30:08.712, 0, NVIDIA GeForce RTX 4090, 100 %, 20868 MiB, 132.76 W, 41, 2760 MHz, 10251 MHz
2026/08/11 14:30:13.712, 0, NVIDIA GeForce RTX 4090, 100 %, 20868 MiB, 133.00 W, 41, 2760 MHz, 10251 MHz
2026/08/11 14:30:18.713, 0, NVIDIA GeForce RTX 4090, 100 %, 20868 MiB, 132.52 W, 41, 2760 MHz, 10251 MHz
2026/08/11 14:30:23.714, 0, NVIDIA GeForce RTX 4090, 100 %, 20868 MiB, 132.15 W, 41, 2760 MHz, 10251 MHz
2026/08/11 14:30:28.715, 0, NVIDIA GeForce RTX 4090, 100 %, 20868 MiB, 131.98 W, 41, 2760 MHz, 10251 MHz
2026/08/11 14:30:33.715, 0, NVIDIA GeForce RTX 4090, 100 %, 20868 MiB, 132.21 W, 41, 2760 MHz, 10251 MHz
2026/08/11 14:30:38.719, 0, NVIDIA GeForce RTX 4090, 100 %, 20868 MiB, 131.87 W, 41, 2760 MHz, 10251 MHz
2026/08/11 14:30:43.720, 0, NVIDIA GeForce RTX 4090, 100 %, 20868 MiB, 131.18 W, 41, 2760 MHz, 10251 MHz
2026/08/11 14:30:48.721, 0, NVIDIA GeForce RTX 4090, 100 %, 20868 MiB, 131.58 W, 41, 2760 MHz, 10251 MHz
2026/08/11 14:30:53.722, 0, NVIDIA GeForce RTX 4090, 100 %, 20868 MiB, 131.43 W, 41, 2760 MHz, 10251 MHz
2026/08/11 14:30:58.722, 0, NVIDIA GeForce RTX 4090, 100 %, 20868 MiB, 131.41 W, 41, 2760 MHz, 10251 MHz
2026/08/11 14:31:03.723, 0, NVIDIA GeForce RTX 4090, 100 %, 20868 MiB, 130.96 W, 41, 2760 MHz, 10251 MHz
2026/08/11 14:31:08.724, 0, NVIDIA GeForce RTX 4090, 100 %, 20868 MiB, 131.50 W, 41, 2760 MHz, 10251 MHz
2026/08/11 14:31:13.726, 0, NVIDIA GeForce RTX 4090, 100 %, 20868 MiB, 131.32 W, 41, 2760 MHz, 10251 MHz
2026/08/11 14:31:18.726, 0, NVIDIA GeForce RTX 4090, 100 %, 20868 MiB, 130.64 W, 41, 2760 MHz, 10251 MHz
2026/08/11 14:31:23.727, 0, NVIDIA GeForce RTX 4090, 100 %, 20868 MiB, 130.74 W, 41, 2760 MHz, 10251 MHz
2026/08/11 14:31:28.727, 0, NVIDIA GeForce RTX 4090, 100 %, 20868 MiB, 130.49 W, 41, 2760 MHz, 10251 MHz
2026/08/11 14:31:33.728, 0, NVIDIA GeForce RTX 4090, 100 %, 20868 MiB, 130.56 W, 41, 2760 MHz, 10251 MHz
2026/08/11 14:31:38.729, 0, NVIDIA GeForce RTX 4090, 100 %, 20868 MiB, 130.44 W, 41, 2760 MHz, 10251 MHz
2026/08/11 14:31:43.729, 0, NVIDIA GeForce RTX 4090, 100 %, 20868 MiB, 130.17 W, 41, 2760 MHz, 10251 MHz
2026/08/11 14:31:48.730, 0, NVIDIA GeForce RTX 4090, 100 %, 20868 MiB, 130.30 W, 41, 2760 MHz, 10251 MHz
2026/08/11 14:31:53.731, 0, NVIDIA GeForce RTX 4090, 100 %, 20868 MiB, 129.86 W, 41, 2760 MHz, 10251 MHz
2026/08/11 14:31:58.732, 0, NVIDIA GeForce RTX 4090, 100 %, 20868 MiB, 129.49 W, 41, 2760 MHz, 10251 MHz
2026/08/11 14:32:03.732, 0, NVIDIA GeForce RTX 4090, 100 %, 20868 MiB, 129.48 W, 41, 2760 MHz, 10251 MHz
2026/08/11 14:32:08.733, 0, NVIDIA GeForce RTX 4090, 100 %, 20868 MiB, 129.22 W, 41, 2760 MHz, 10251 MHz
2026/08/11 14:32:13.734, 0, NVIDIA GeForce RTX 4090, 100 %, 20868 MiB, 129.80 W, 41, 2760 MHz, 10251 MHz
2026/08/11 14:32:18.734, 0, NVIDIA GeForce RTX 4090, 100 %, 20868 MiB, 129.50 W, 40, 2760 MHz, 10251 MHz
2026/08/11 14:32:23.735, 0, NVIDIA GeForce RTX 4090, 100 %, 20868 MiB, 128.59 W, 40, 2760 MHz, 10251 MHz
2026/08/11 14:32:28.736, 0, NVIDIA GeForce RTX 4090, 100 %, 20868 MiB, 128.73 W, 41, 2760 MHz, 10251 MHz
2026/08/11 14:32:33.749, 0, NVIDIA GeForce RTX 4090, 100 %, 20868 MiB, 129.34 W, 40, 2760 MHz, 10251 MHz
2026/08/11 14:32:38.750, 0, NVIDIA GeForce RTX 4090, 100 %, 20868 MiB, 128.98 W, 40, 2760 MHz, 10251 MHz
2026/08/11 14:32:43.751, 0, NVIDIA GeForce RTX 4090, 100 %, 20868 MiB, 129.05 W, 40, 2760 MHz, 10251 MHz
2026/08/11 14:32:48.751, 0, NVIDIA GeForce RTX 4090, 100 %, 20868 MiB, 128.57 W, 40, 2760 MHz, 10251 MHz
2026/08/11 14:32:53.752, 0, NVIDIA GeForce RTX 4090, 100 %, 20868 MiB, 128.26 W, 40, 2760 MHz, 10251 MHz
2026/08/11 14:32:58.753, 0, NVIDIA GeForce RTX 4090, 100 %, 20868 MiB, 128.32 W, 40, 2760 MHz, 10251 MHz
2026/08/11 14:33:03.754, 0, NVIDIA GeForce RTX 4090, 87 %, 22148 MiB, 246.48 W, 45, 2760 MHz, 10251 MHz
2026/08/11 14:33:08.755, 0, NVIDIA GeForce RTX 4090, 85 %, 22148 MiB, 274.64 W, 47, 2760 MHz, 10251 MHz
2026/08/11 14:33:13.755, 0, NVIDIA GeForce RTX 4090, 100 %, 22148 MiB, 334.17 W, 51, 2760 MHz, 10251 MHz
2026/08/11 14:33:18.769, 0, NVIDIA GeForce RTX 4090, 100 %, 20100 MiB, 276.84 W, 48, 2760 MHz, 10251 MHz
2026/08/11 14:33:23.770, 0, NVIDIA GeForce RTX 4090, 82 %, 20292 MiB, 250.66 W, 51, 2760 MHz, 10251 MHz
2026/08/11 14:33:28.771, 0, NVIDIA GeForce RTX 4090, 100 %, 22116 MiB, 251.19 W, 48, 2760 MHz, 10251 MHz
2026/08/11 14:33:33.772, 0, NVIDIA GeForce RTX 4090, 100 %, 19844 MiB, 251.19 W, 49, 2760 MHz, 10251 MHz
2026/08/11 14:33:38.772, 0, NVIDIA GeForce RTX 4090, 100 %, 19844 MiB, 251.82 W, 50, 2760 MHz, 10251 MHz
2026/08/11 14:33:43.773, 0, NVIDIA GeForce RTX 4090, 100 %, 19844 MiB, 244.25 W, 50, 2760 MHz, 10251 MHz
2026/08/11 14:33:48.773, 0, NVIDIA GeForce RTX 4090, 100 %, 19844 MiB, 245.45 W, 50, 2760 MHz, 10251 MHz
2026/08/11 14:33:53.774, 0, NVIDIA GeForce RTX 4090, 100 %, 19844 MiB, 245.39 W, 50, 2760 MHz, 10251 MHz
2026/08/11 14:33:58.775, 0, NVIDIA GeForce RTX 4090, 97 %, 19844 MiB, 245.58 W, 50, 2760 MHz, 10251 MHz
2026/08/11 14:34:03.775, 0, NVIDIA GeForce RTX 4090, 77 %, 19844 MiB, 249.84 W, 50, 2760 MHz, 10251 MHz
2026/08/11 14:34:08.776, 0, NVIDIA GeForce RTX 4090, 100 %, 22116 MiB, 252.96 W, 52, 2760 MHz, 10251 MHz
2026/08/11 14:34:13.777, 0, NVIDIA GeForce RTX 4090, 100 %, 19844 MiB, 252.62 W, 51, 2760 MHz, 10251 MHz
2026/08/11 14:34:18.777, 0, NVIDIA GeForce RTX 4090, 100 %, 19844 MiB, 253.11 W, 51, 2760 MHz, 10251 MHz
2026/08/11 14:34:23.778, 0, NVIDIA GeForce RTX 4090, 100 %, 19844 MiB, 251.58 W, 52, 2760 MHz, 10251 MHz
2026/08/11 14:34:28.779, 0, NVIDIA GeForce RTX 4090, 100 %, 19844 MiB, 246.56 W, 52, 2745 MHz, 10251 MHz
2026/08/11 14:34:33.779, 0, NVIDIA GeForce RTX 4090, 0 %, 20740 MiB, 77.15 W, 45, 2760 MHz, 10251 MHz
2026/08/11 14:34:38.780, 0, NVIDIA GeForce RTX 4090, 43 %, 2156 MiB, 63.57 W, 43, 2520 MHz, 10251 MHz
2026/08/11 14:34:43.781, 0, NVIDIA GeForce RTX 4090, 2 %, 3660 MiB, 62.69 W, 42, 2520 MHz, 10251 MHz
2026/08/11 14:34:48.781, 0, NVIDIA GeForce RTX 4090, 2 %, 4876 MiB, 62.42 W, 41, 2520 MHz, 10251 MHz
2026/08/11 14:34:53.782, 0, NVIDIA GeForce RTX 4090, 3 %, 6028 MiB, 62.11 W, 40, 2520 MHz, 10251 MHz
2026/08/11 14:34:58.783, 0, NVIDIA GeForce RTX 4090, 0 %, 7212 MiB, 61.76 W, 40, 2520 MHz, 10251 MHz
2026/08/11 14:35:03.783, 0, NVIDIA GeForce RTX 4090, 0 %, 8332 MiB, 61.98 W, 39, 2520 MHz, 10251 MHz
2026/08/11 14:35:08.784, 0, NVIDIA GeForce RTX 4090, 2 %, 9484 MiB, 61.74 W, 38, 2520 MHz, 10251 MHz
2026/08/11 14:35:13.785, 0, NVIDIA GeForce RTX 4090, 2 %, 10604 MiB, 61.46 W, 38, 2520 MHz, 10251 MHz
2026/08/11 14:35:18.785, 0, NVIDIA GeForce RTX 4090, 2 %, 11724 MiB, 60.69 W, 37, 2520 MHz, 10251 MHz
2026/08/11 14:35:23.787, 0, NVIDIA GeForce RTX 4090, 0 %, 12908 MiB, 60.72 W, 37, 2520 MHz, 10251 MHz
2026/08/11 14:35:28.788, 0, NVIDIA GeForce RTX 4090, 0 %, 13900 MiB, 61.24 W, 36, 2520 MHz, 10251 MHz
2026/08/11 14:35:33.789, 0, NVIDIA GeForce RTX 4090, 2 %, 14988 MiB, 61.03 W, 36, 2520 MHz, 10251 MHz
2026/08/11 14:35:38.790, 0, NVIDIA GeForce RTX 4090, 0 %, 16172 MiB, 60.19 W, 36, 2520 MHz, 10251 MHz
2026/08/11 14:35:43.790, 0, NVIDIA GeForce RTX 4090, 0 %, 17260 MiB, 59.90 W, 35, 2520 MHz, 10251 MHz
2026/08/11 14:35:48.791, 0, NVIDIA GeForce RTX 4090, 0 %, 18476 MiB, 60.45 W, 35, 2520 MHz, 10251 MHz
2026/08/11 14:35:53.792, 0, NVIDIA GeForce RTX 4090, 0 %, 22116 MiB, 112.53 W, 36, 2760 MHz, 10251 MHz
2026/08/11 14:35:58.793, 0, NVIDIA GeForce RTX 4090, 0 %, 22116 MiB, 59.63 W, 35, 2520 MHz, 10251 MHz
2026/08/11 14:36:03.794, 0, NVIDIA GeForce RTX 4090, 0 %, 22116 MiB, 59.38 W, 34, 2520 MHz, 10251 MHz
2026/08/11 14:36:08.795, 0, NVIDIA GeForce RTX 4090, 0 %, 22116 MiB, 59.55 W, 34, 2520 MHz, 10251 MHz
2026/08/11 14:36:13.797, 0, NVIDIA GeForce RTX 4090, 0 %, 22116 MiB, 20.45 W, 33, 210 MHz, 405 MHz
2026/08/11 14:36:18.797, 0, NVIDIA GeForce RTX 4090, 0 %, 22116 MiB, 19.89 W, 32, 210 MHz, 405 MHz
2026/08/11 14:36:23.798, 0, NVIDIA GeForce RTX 4090, 0 %, 22116 MiB, 19.23 W, 32, 210 MHz, 405 MHz
2026/08/11 14:36:28.798, 0, NVIDIA GeForce RTX 4090, 0 %, 22116 MiB, 19.59 W, 32, 210 MHz, 405 MHz
2026/08/11 14:36:33.799, 0, NVIDIA GeForce RTX 4090, 0 %, 22116 MiB, 19.84 W, 31, 210 MHz, 405 MHz
2026/08/11 14:36:38.800, 0, NVIDIA GeForce RTX 4090, 0 %, 22116 MiB, 20.04 W, 31, 210 MHz, 405 MHz
2026/08/11 14:36:43.800, 0, NVIDIA GeForce RTX 4090, 0 %, 22116 MiB, 19.96 W, 31, 210 MHz, 405 MHz
2026/08/11 14:36:48.801, 0, NVIDIA GeForce RTX 4090, 0 %, 22116 MiB, 19.47 W, 30, 210 MHz, 405 MHz
2026/08/11 14:36:53.801, 0, NVIDIA GeForce RTX 4090, 0 %, 22116 MiB, 19.81 W, 30, 210 MHz, 405 MHz
2026/08/11 14:36:58.802, 0, NVIDIA GeForce RTX 4090, 0 %, 22116 MiB, 20.10 W, 30, 210 MHz, 405 MHz
2026/08/11 14:37:03.803, 0, NVIDIA GeForce RTX 4090, 0 %, 22116 MiB, 19.78 W, 30, 210 MHz, 405 MHz
2026/08/11 14:37:08.803, 0, NVIDIA GeForce RTX 4090, 0 %, 22116 MiB, 19.03 W, 30, 210 MHz, 405 MHz
2026/08/11 14:37:13.804, 0, NVIDIA GeForce RTX 4090, 0 %, 22116 MiB, 19.69 W, 30, 210 MHz, 405 MHz
2026/08/11 14:37:18.805, 0, NVIDIA GeForce RTX 4090, 0 %, 22116 MiB, 19.61 W, 29, 210 MHz, 405 MHz
2026/08/11 14:37:23.806, 0, NVIDIA GeForce RTX 4090, 0 %, 22116 MiB, 19.29 W, 29, 210 MHz, 405 MHz
2026/08/11 14:37:28.806, 0, NVIDIA GeForce RTX 4090, 0 %, 22116 MiB, 19.58 W, 29, 210 MHz, 405 MHz
2026/08/11 14:37:33.807, 0, NVIDIA GeForce RTX 4090, 0 %, 22116 MiB, 19.71 W, 29, 210 MHz, 405 MHz
2026/08/11 14:37:38.807, 0, NVIDIA GeForce RTX 4090, 0 %, 22116 MiB, 19.14 W, 29, 210 MHz, 405 MHz
2026/08/11 14:37:43.808, 0, NVIDIA GeForce RTX 4090, 0 %, 22116 MiB, 19.56 W, 29, 210 MHz, 405 MHz
2026/08/11 14:37:48.809, 0, NVIDIA GeForce RTX 4090, 0 %, 22116 MiB, 19.55 W, 29, 210 MHz, 405 MHz
2026/08/11 14:37:53.809, 0, NVIDIA GeForce RTX 4090, 0 %, 22116 MiB, 19.14 W, 29, 210 MHz, 405 MHz
2026/08/11 14:37:58.810, 0, NVIDIA GeForce RTX 4090, 0 %, 22116 MiB, 19.37 W, 29, 210 MHz, 405 MHz
2026/08/11 14:38:03.811, 0, NVIDIA GeForce RTX 4090, 0 %, 22116 MiB, 19.17 W, 29, 210 MHz, 405 MHz
2026/08/11 14:38:08.811, 0, NVIDIA GeForce RTX 4090, 0 %, 22116 MiB, 19.22 W, 28, 210 MHz, 405 MHz
2026/08/11 14:38:13.812, 0, NVIDIA GeForce RTX 4090, 0 %, 22116 MiB, 19.28 W, 28, 210 MHz, 405 MHz
2026/08/11 14:38:18.813, 0, NVIDIA GeForce RTX 4090, 0 %, 22116 MiB, 19.06 W, 28, 210 MHz, 405 MHz
2026/08/11 14:38:23.814, 0, NVIDIA GeForce RTX 4090, 0 %, 22116 MiB, 19.62 W, 28, 210 MHz, 405 MHz
2026/08/11 14:38:28.815, 0, NVIDIA GeForce RTX 4090, 0 %, 22116 MiB, 19.59 W, 28, 210 MHz, 405 MHz
2026/08/11 14:38:33.815, 0, NVIDIA GeForce RTX 4090, 0 %, 22116 MiB, 19.33 W, 28, 210 MHz, 405 MHz
2026/08/11 14:38:38.816, 0, NVIDIA GeForce RTX 4090, 0 %, 22116 MiB, 19.75 W, 28, 210 MHz, 405 MHz
2026/08/11 14:38:43.817, 0, NVIDIA GeForce RTX 4090, 0 %, 22116 MiB, 19.34 W, 28, 210 MHz, 405 MHz
2026/08/11 14:38:48.817, 0, NVIDIA GeForce RTX 4090, 0 %, 22116 MiB, 19.49 W, 28, 210 MHz, 405 MHz
2026/08/11 14:38:53.818, 0, NVIDIA GeForce RTX 4090, 0 %, 22116 MiB, 19.29 W, 28, 210 MHz, 405 MHz
2026/08/11 14:38:58.819, 0, NVIDIA GeForce RTX 4090, 0 %, 22116 MiB, 19.22 W, 28, 210 MHz, 405 MHz
2026/08/11 14:39:03.819, 0, NVIDIA GeForce RTX 4090, 0 %, 22116 MiB, 19.24 W, 28, 210 MHz, 405 MHz
2026/08/11 14:39:08.820, 0, NVIDIA GeForce RTX 4090, 0 %, 22116 MiB, 19.13 W, 28, 210 MHz, 405 MHz
2026/08/11 14:39:13.820, 0, NVIDIA GeForce RTX 4090, 0 %, 22116 MiB, 19.73 W, 28, 210 MHz, 405 MHz
2026/08/11 14:39:18.821, 0, NVIDIA GeForce RTX 4090, 0 %, 1 MiB, 63.20 W, 30, 2775 MHz, 10501 MHz
2026/08/11 14:39:23.821, 0, NVIDIA GeForce RTX 4090, 0 %, 1 MiB, 29.86 W, 28, 210 MHz, 810 MHz
2026/08/11 14:39:28.822, 0, NVIDIA GeForce RTX 4090, 0 %, 1 MiB, 19.80 W, 28, 210 MHz, 405 MHz
2026/08/11 14:39:33.823, 0, NVIDIA GeForce RTX 4090, 0 %, 1 MiB, 19.72 W, 28, 210 MHz, 405 MHz
2026/08/11 14:39:38.824, 0, NVIDIA GeForce RTX 4090, 0 %, 1 MiB, 19.34 W, 28, 210 MHz, 405 MHz
2026/08/11 14:39:43.824, 0, NVIDIA GeForce RTX 4090, 0 %, 1 MiB, 19.50 W, 28, 210 MHz, 405 MHz
2026/08/11 14:39:48.825, 0, NVIDIA GeForce RTX 4090, 0 %, 396 MiB, 25.62 W, 29, 2520 MHz, 10251 MHz
2026/08/11 14:39:53.826, 0, NVIDIA GeForce RTX 4090, 2 %, 3180 MiB, 58.45 W, 30, 2520 MHz, 10251 MHz
2026/08/11 14:39:58.826, 0, NVIDIA GeForce RTX 4090, 0 %, 4524 MiB, 58.40 W, 30, 2520 MHz, 10251 MHz
2026/08/11 14:40:03.827, 0, NVIDIA GeForce RTX 4090, 0 %, 5644 MiB, 58.10 W, 30, 2520 MHz, 10251 MHz
2026/08/11 14:40:08.828, 0, NVIDIA GeForce RTX 4090, 2 %, 6732 MiB, 58.56 W, 30, 2520 MHz, 10251 MHz
2026/08/11 14:40:13.828, 0, NVIDIA GeForce RTX 4090, 0 %, 7916 MiB, 58.59 W, 31, 2520 MHz, 10251 MHz
2026/08/11 14:40:18.829, 0, NVIDIA GeForce RTX 4090, 2 %, 9004 MiB, 58.56 W, 31, 2520 MHz, 10251 MHz
2026/08/11 14:40:23.830, 0, NVIDIA GeForce RTX 4090, 1 %, 10188 MiB, 59.04 W, 31, 2520 MHz, 10251 MHz
2026/08/11 14:40:28.830, 0, NVIDIA GeForce RTX 4090, 2 %, 11308 MiB, 59.08 W, 31, 2520 MHz, 10251 MHz
2026/08/11 14:40:33.831, 0, NVIDIA GeForce RTX 4090, 0 %, 12364 MiB, 58.93 W, 31, 2520 MHz, 10251 MHz
2026/08/11 14:40:38.832, 0, NVIDIA GeForce RTX 4090, 2 %, 13484 MiB, 58.99 W, 31, 2520 MHz, 10251 MHz
2026/08/11 14:40:43.832, 0, NVIDIA GeForce RTX 4090, 0 %, 14668 MiB, 58.87 W, 31, 2520 MHz, 10251 MHz
2026/08/11 14:40:48.833, 0, NVIDIA GeForce RTX 4090, 0 %, 15788 MiB, 59.18 W, 32, 2520 MHz, 10251 MHz
2026/08/11 14:40:53.833, 0, NVIDIA GeForce RTX 4090, 2 %, 16812 MiB, 59.33 W, 32, 2520 MHz, 10251 MHz
2026/08/11 14:40:58.834, 0, NVIDIA GeForce RTX 4090, 99 %, 17864 MiB, 273.82 W, 41, 2760 MHz, 10251 MHz
2026/08/11 14:41:03.835, 0, NVIDIA GeForce RTX 4090, 99 %, 17864 MiB, 266.37 W, 43, 2760 MHz, 10251 MHz
2026/08/11 14:41:08.835, 0, NVIDIA GeForce RTX 4090, 100 %, 17864 MiB, 254.96 W, 43, 2760 MHz, 10251 MHz
2026/08/11 14:41:13.836, 0, NVIDIA GeForce RTX 4090, 99 %, 17864 MiB, 275.70 W, 45, 2760 MHz, 10251 MHz
2026/08/11 14:41:18.837, 0, NVIDIA GeForce RTX 4090, 100 %, 17864 MiB, 254.38 W, 45, 2760 MHz, 10251 MHz
2026/08/11 14:41:23.837, 0, NVIDIA GeForce RTX 4090, 99 %, 17896 MiB, 262.90 W, 47, 2760 MHz, 10251 MHz
2026/08/11 14:41:28.838, 0, NVIDIA GeForce RTX 4090, 100 %, 17896 MiB, 255.51 W, 46, 2760 MHz, 10251 MHz
2026/08/11 14:41:33.838, 0, NVIDIA GeForce RTX 4090, 99 %, 17896 MiB, 262.70 W, 50, 2760 MHz, 10251 MHz
2026/08/11 14:41:38.839, 0, NVIDIA GeForce RTX 4090, 99 %, 17864 MiB, 272.58 W, 50, 2760 MHz, 10251 MHz
2026/08/11 14:41:43.839, 0, NVIDIA GeForce RTX 4090, 90 %, 17864 MiB, 259.07 W, 49, 2760 MHz, 10251 MHz
2026/08/11 14:41:48.840, 0, NVIDIA GeForce RTX 4090, 99 %, 17864 MiB, 278.61 W, 51, 2760 MHz, 10251 MHz
2026/08/11 14:41:53.841, 0, NVIDIA GeForce RTX 4090, 100 %, 17864 MiB, 257.45 W, 50, 2760 MHz, 10251 MHz
2026/08/11 14:41:58.842, 0, NVIDIA GeForce RTX 4090, 99 %, 17864 MiB, 280.93 W, 51, 2760 MHz, 10251 MHz
2026/08/11 14:42:03.843, 0, NVIDIA GeForce RTX 4090, 100 %, 17896 MiB, 271.74 W, 51, 2745 MHz, 10251 MHz
2026/08/11 14:42:08.843, 0, NVIDIA GeForce RTX 4090, 100 %, 17896 MiB, 258.94 W, 51, 2745 MHz, 10251 MHz
2026/08/11 14:42:13.844, 0, NVIDIA GeForce RTX 4090, 100 %, 17896 MiB, 256.85 W, 51, 2745 MHz, 10251 MHz
2026/08/11 14:42:18.845, 0, NVIDIA GeForce RTX 4090, 94 %, 17864 MiB, 281.34 W, 53, 2745 MHz, 10251 MHz
2026/08/11 14:42:23.845, 0, NVIDIA GeForce RTX 4090, 99 %, 17864 MiB, 282.76 W, 54, 2745 MHz, 10251 MHz
2026/08/11 14:42:28.846, 0, NVIDIA GeForce RTX 4090, 90 %, 17864 MiB, 258.51 W, 53, 2745 MHz, 10251 MHz
2026/08/11 14:42:33.846, 0, NVIDIA GeForce RTX 4090, 100 %, 17864 MiB, 257.87 W, 53, 2745 MHz, 10251 MHz
2026/08/11 14:42:38.847, 0, NVIDIA GeForce RTX 4090, 99 %, 17864 MiB, 269.09 W, 55, 2745 MHz, 10251 MHz
2026/08/11 14:42:43.848, 0, NVIDIA GeForce RTX 4090, 100 %, 17864 MiB, 265.23 W, 53, 2745 MHz, 10251 MHz
2026/08/11 14:42:48.848, 0, NVIDIA GeForce RTX 4090, 98 %, 17896 MiB, 273.04 W, 53, 2745 MHz, 10251 MHz
2026/08/11 14:42:53.849, 0, NVIDIA GeForce RTX 4090, 100 %, 17896 MiB, 272.99 W, 54, 2745 MHz, 10251 MHz
2026/08/11 14:42:58.850, 0, NVIDIA GeForce RTX 4090, 100 %, 17896 MiB, 271.83 W, 54, 2745 MHz, 10251 MHz
2026/08/11 14:43:03.851, 0, NVIDIA GeForce RTX 4090, 100 %, 17896 MiB, 270.65 W, 54, 2745 MHz, 10251 MHz
2026/08/11 14:43:08.852, 0, NVIDIA GeForce RTX 4090, 100 %, 17864 MiB, 269.71 W, 54, 2745 MHz, 10251 MHz
2026/08/11 14:43:13.852, 0, NVIDIA GeForce RTX 4090, 99 %, 17864 MiB, 270.64 W, 57, 2745 MHz, 10251 MHz
2026/08/11 14:43:18.853, 0, NVIDIA GeForce RTX 4090, 99 %, 17864 MiB, 283.90 W, 56, 2745 MHz, 10251 MHz
2026/08/11 14:43:23.853, 0, NVIDIA GeForce RTX 4090, 100 %, 17864 MiB, 260.67 W, 55, 2745 MHz, 10251 MHz
2026/08/11 14:43:28.854, 0, NVIDIA GeForce RTX 4090, 99 %, 17864 MiB, 282.94 W, 55, 2745 MHz, 10251 MHz
2026/08/11 14:43:33.854, 0, NVIDIA GeForce RTX 4090, 0 %, 396 MiB, 49.01 W, 46, 2520 MHz, 10251 MHz
2026/08/11 14:43:38.855, 0, NVIDIA GeForce RTX 4090, 3 %, 3116 MiB, 63.79 W, 45, 2520 MHz, 10251 MHz
2026/08/11 14:43:43.856, 0, NVIDIA GeForce RTX 4090, 0 %, 4460 MiB, 63.40 W, 44, 2520 MHz, 10251 MHz
2026/08/11 14:43:48.856, 0, NVIDIA GeForce RTX 4090, 3 %, 5580 MiB, 63.06 W, 43, 2520 MHz, 10251 MHz
2026/08/11 14:43:53.857, 0, NVIDIA GeForce RTX 4090, 1 %, 6668 MiB, 62.13 W, 42, 2520 MHz, 10251 MHz
2026/08/11 14:43:58.857, 0, NVIDIA GeForce RTX 4090, 2 %, 7852 MiB, 62.48 W, 41, 2520 MHz, 10251 MHz
2026/08/11 14:44:03.858, 0, NVIDIA GeForce RTX 4090, 3 %, 8940 MiB, 62.47 W, 40, 2520 MHz, 10251 MHz
2026/08/11 14:44:08.859, 0, NVIDIA GeForce RTX 4090, 0 %, 10124 MiB, 61.78 W, 40, 2520 MHz, 10251 MHz
2026/08/11 14:44:13.859, 0, NVIDIA GeForce RTX 4090, 0 %, 11212 MiB, 62.17 W, 39, 2520 MHz, 10251 MHz
2026/08/11 14:44:18.860, 0, NVIDIA GeForce RTX 4090, 0 %, 12332 MiB, 61.94 W, 38, 2520 MHz, 10251 MHz
2026/08/11 14:44:23.861, 0, NVIDIA GeForce RTX 4090, 0 %, 13420 MiB, 61.27 W, 38, 2520 MHz, 10251 MHz
2026/08/11 14:44:28.861, 0, NVIDIA GeForce RTX 4090, 0 %, 14540 MiB, 60.99 W, 37, 2520 MHz, 10251 MHz
2026/08/11 14:44:33.862, 0, NVIDIA GeForce RTX 4090, 0 %, 15596 MiB, 60.54 W, 37, 2520 MHz, 10251 MHz
2026/08/11 14:44:38.862, 0, NVIDIA GeForce RTX 4090, 0 %, 16748 MiB, 60.48 W, 37, 2520 MHz, 10251 MHz
2026/08/11 14:44:43.863, 0, NVIDIA GeForce RTX 4090, 0 %, 17868 MiB, 60.58 W, 36, 2520 MHz, 10251 MHz
2026/08/11 14:44:48.864, 0, NVIDIA GeForce RTX 4090, 0 %, 19116 MiB, 60.92 W, 36, 2520 MHz, 10251 MHz
2026/08/11 14:44:53.864, 0, NVIDIA GeForce RTX 4090, 100 %, 19844 MiB, 256.88 W, 44, 2760 MHz, 10251 MHz
2026/08/11 14:44:58.865, 0, NVIDIA GeForce RTX 4090, 100 %, 19844 MiB, 272.88 W, 45, 2745 MHz, 10251 MHz
2026/08/11 14:45:03.866, 0, NVIDIA GeForce RTX 4090, 100 %, 19876 MiB, 250.73 W, 46, 2745 MHz, 10251 MHz
2026/08/11 14:45:08.866, 0, NVIDIA GeForce RTX 4090, 100 %, 19844 MiB, 252.56 W, 47, 2745 MHz, 10251 MHz
2026/08/11 14:45:13.867, 0, NVIDIA GeForce RTX 4090, 97 %, 22116 MiB, 320.38 W, 51, 2745 MHz, 10251 MHz
2026/08/11 14:45:18.867, 0, NVIDIA GeForce RTX 4090, 100 %, 19876 MiB, 282.84 W, 49, 2745 MHz, 10251 MHz
2026/08/11 14:45:23.868, 0, NVIDIA GeForce RTX 4090, 100 %, 19876 MiB, 256.95 W, 49, 2745 MHz, 10251 MHz
2026/08/11 14:45:28.869, 0, NVIDIA GeForce RTX 4090, 88 %, 22116 MiB, 258.17 W, 52, 2745 MHz, 10251 MHz
2026/08/11 14:45:33.869, 0, NVIDIA GeForce RTX 4090, 100 %, 19876 MiB, 255.40 W, 50, 2745 MHz, 10251 MHz
2026/08/11 14:45:38.870, 0, NVIDIA GeForce RTX 4090, 100 %, 19876 MiB, 256.43 W, 51, 2745 MHz, 10251 MHz
2026/08/11 14:45:43.870, 0, NVIDIA GeForce RTX 4090, 100 %, 22116 MiB, 295.04 W, 54, 2745 MHz, 10251 MHz
2026/08/11 14:45:48.871, 0, NVIDIA GeForce RTX 4090, 87 %, 19876 MiB, 322.02 W, 50, 2745 MHz, 10251 MHz
2026/08/11 14:45:53.871, 0, NVIDIA GeForce RTX 4090, 100 %, 19844 MiB, 279.20 W, 52, 2745 MHz, 10251 MHz
2026/08/11 14:45:58.872, 0, NVIDIA GeForce RTX 4090, 100 %, 22116 MiB, 260.96 W, 52, 2745 MHz, 10251 MHz
2026/08/11 14:46:03.873, 0, NVIDIA GeForce RTX 4090, 100 %, 19876 MiB, 268.39 W, 53, 2745 MHz, 10251 MHz
2026/08/11 14:46:08.873, 0, NVIDIA GeForce RTX 4090, 100 %, 19876 MiB, 257.55 W, 53, 2745 MHz, 10251 MHz
2026/08/11 14:46:13.874, 0, NVIDIA GeForce RTX 4090, 99 %, 22116 MiB, 253.97 W, 53, 2745 MHz, 10251 MHz
2026/08/11 14:46:18.874, 0, NVIDIA GeForce RTX 4090, 100 %, 19876 MiB, 292.62 W, 53, 2745 MHz, 10251 MHz
2026/08/11 14:46:23.875, 0, NVIDIA GeForce RTX 4090, 98 %, 22116 MiB, 315.42 W, 57, 2745 MHz, 10251 MHz
2026/08/11 14:46:28.876, 0, NVIDIA GeForce RTX 4090, 100 %, 19876 MiB, 257.33 W, 54, 2745 MHz, 10251 MHz
2026/08/11 14:46:33.876, 0, NVIDIA GeForce RTX 4090, 0 %, 22116 MiB, 212.54 W, 49, 2745 MHz, 10251 MHz
2026/08/11 14:46:38.877, 0, NVIDIA GeForce RTX 4090, 0 %, 1100 MiB, 63.95 W, 45, 2520 MHz, 10251 MHz
2026/08/11 14:46:43.877, 0, NVIDIA GeForce RTX 4090, 3 %, 3340 MiB, 62.74 W, 44, 2520 MHz, 10251 MHz
2026/08/11 14:46:48.878, 0, NVIDIA GeForce RTX 4090, 2 %, 4652 MiB, 62.88 W, 43, 2520 MHz, 10251 MHz
2026/08/11 14:46:53.879, 0, NVIDIA GeForce RTX 4090, 0 %, 5804 MiB, 62.37 W, 42, 2520 MHz, 10251 MHz
2026/08/11 14:46:58.879, 0, NVIDIA GeForce RTX 4090, 1 %, 6924 MiB, 61.73 W, 41, 2520 MHz, 10251 MHz
2026/08/11 14:47:03.880, 0, NVIDIA GeForce RTX 4090, 1 %, 8076 MiB, 61.62 W, 40, 2520 MHz, 10251 MHz
2026/08/11 14:47:08.880, 0, NVIDIA GeForce RTX 4090, 2 %, 9196 MiB, 61.49 W, 40, 2520 MHz, 10251 MHz
2026/08/11 14:47:13.881, 0, NVIDIA GeForce RTX 4090, 0 %, 10348 MiB, 61.49 W, 39, 2520 MHz, 10251 MHz
2026/08/11 14:47:18.881, 0, NVIDIA GeForce RTX 4090, 2 %, 11436 MiB, 61.25 W, 38, 2520 MHz, 10251 MHz
2026/08/11 14:47:23.882, 0, NVIDIA GeForce RTX 4090, 0 %, 12620 MiB, 60.69 W, 38, 2520 MHz, 10251 MHz
2026/08/11 14:47:28.882, 0, NVIDIA GeForce RTX 4090, 0 %, 13740 MiB, 60.70 W, 37, 2520 MHz, 10251 MHz
2026/08/11 14:47:33.883, 0, NVIDIA GeForce RTX 4090, 2 %, 14828 MiB, 60.67 W, 37, 2520 MHz, 10251 MHz
2026/08/11 14:47:38.884, 0, NVIDIA GeForce RTX 4090, 2 %, 16012 MiB, 60.75 W, 36, 2520 MHz, 10251 MHz
2026/08/11 14:47:43.884, 0, NVIDIA GeForce RTX 4090, 2 %, 17100 MiB, 60.41 W, 36, 2520 MHz, 10251 MHz
2026/08/11 14:47:48.885, 0, NVIDIA GeForce RTX 4090, 0 %, 18316 MiB, 60.65 W, 36, 2520 MHz, 10251 MHz
2026/08/11 14:47:53.885, 0, NVIDIA GeForce RTX 4090, 100 %, 19820 MiB, 201.30 W, 42, 2760 MHz, 10251 MHz
2026/08/11 14:47:58.888, 0, NVIDIA GeForce RTX 4090, 100 %, 19844 MiB, 254.09 W, 44, 2760 MHz, 10251 MHz
2026/08/11 14:48:03.889, 0, NVIDIA GeForce RTX 4090, 100 %, 19844 MiB, 271.73 W, 46, 2760 MHz, 10251 MHz
2026/08/11 14:48:08.889, 0, NVIDIA GeForce RTX 4090, 100 %, 19844 MiB, 254.76 W, 46, 2760 MHz, 10251 MHz
2026/08/11 14:48:13.890, 0, NVIDIA GeForce RTX 4090, 100 %, 19844 MiB, 251.07 W, 47, 2760 MHz, 10251 MHz
2026/08/11 14:48:18.890, 0, NVIDIA GeForce RTX 4090, 100 %, 22116 MiB, 283.90 W, 51, 2745 MHz, 10251 MHz
2026/08/11 14:48:23.891, 0, NVIDIA GeForce RTX 4090, 84 %, 19876 MiB, 318.63 W, 48, 2745 MHz, 10251 MHz
2026/08/11 14:48:28.892, 0, NVIDIA GeForce RTX 4090, 100 %, 19876 MiB, 285.13 W, 49, 2745 MHz, 10251 MHz
2026/08/11 14:48:33.892, 0, NVIDIA GeForce RTX 4090, 100 %, 19876 MiB, 288.06 W, 49, 2745 MHz, 10251 MHz
2026/08/11 14:48:38.893, 0, NVIDIA GeForce RTX 4090, 88 %, 19876 MiB, 271.79 W, 50, 2745 MHz, 10251 MHz
2026/08/11 14:48:43.893, 0, NVIDIA GeForce RTX 4090, 88 %, 22116 MiB, 258.73 W, 53, 2745 MHz, 10251 MHz
2026/08/11 14:48:48.894, 0, NVIDIA GeForce RTX 4090, 100 %, 19876 MiB, 302.39 W, 51, 2745 MHz, 10251 MHz
2026/08/11 14:48:53.895, 0, NVIDIA GeForce RTX 4090, 100 %, 19876 MiB, 256.95 W, 51, 2745 MHz, 10251 MHz
2026/08/11 14:48:58.895, 0, NVIDIA GeForce RTX 4090, 100 %, 19844 MiB, 257.35 W, 51, 2745 MHz, 10251 MHz
2026/08/11 14:49:03.896, 0, NVIDIA GeForce RTX 4090, 100 %, 19844 MiB, 272.03 W, 52, 2745 MHz, 10251 MHz
2026/08/11 14:49:08.896, 0, NVIDIA GeForce RTX 4090, 100 %, 19876 MiB, 256.70 W, 52, 2745 MHz, 10251 MHz
2026/08/11 14:49:13.897, 0, NVIDIA GeForce RTX 4090, 100 %, 19876 MiB, 253.54 W, 52, 2745 MHz, 10251 MHz
2026/08/11 14:49:18.898, 0, NVIDIA GeForce RTX 4090, 100 %, 19908 MiB, 297.39 W, 53, 2745 MHz, 10251 MHz
2026/08/11 14:49:23.898, 0, NVIDIA GeForce RTX 4090, 100 %, 22116 MiB, 287.53 W, 56, 2745 MHz, 10251 MHz
2026/08/11 14:49:28.899, 0, NVIDIA GeForce RTX 4090, 100 %, 19844 MiB, 272.18 W, 53, 2745 MHz, 10251 MHz
2026/08/11 14:49:33.900, 0, NVIDIA GeForce RTX 4090, 100 %, 19876 MiB, 285.30 W, 54, 2745 MHz, 10251 MHz
2026/08/11 14:49:38.900, 0, NVIDIA GeForce RTX 4090, 10 %, 260 MiB, 82.66 W, 47, 2745 MHz, 10501 MHz
2026/08/11 14:49:43.901, 0, NVIDIA GeForce RTX 4090, 0 %, 1 MiB, 36.73 W, 44, 225 MHz, 810 MHz
2026/08/11 14:49:48.902, 0, NVIDIA GeForce RTX 4090, 0 %, 1 MiB, 21.30 W, 42, 210 MHz, 405 MHz
2026/08/11 14:49:53.902, 0, NVIDIA GeForce RTX 4090, 0 %, 1 MiB, 21.32 W, 40, 210 MHz, 405 MHz
2026/08/11 14:49:58.903, 0, NVIDIA GeForce RTX 4090, 0 %, 1 MiB, 21.37 W, 39, 210 MHz, 405 MHz
2026/08/11 14:50:03.904, 0, NVIDIA GeForce RTX 4090, 0 %, 1 MiB, 20.78 W, 38, 210 MHz, 405 MHz
2026/08/11 14:50:08.904, 0, NVIDIA GeForce RTX 4090, 0 %, 1 MiB, 20.84 W, 37, 210 MHz, 405 MHz
2026/08/11 14:50:13.905, 0, NVIDIA GeForce RTX 4090, 0 %, 1 MiB, 20.04 W, 36, 210 MHz, 405 MHz
2026/08/11 14:50:18.905, 0, NVIDIA GeForce RTX 4090, 0 %, 1 MiB, 20.41 W, 36, 210 MHz, 405 MHz
2026/08/11 14:50:23.906, 0, NVIDIA GeForce RTX 4090, 0 %, 1 MiB, 19.94 W, 35, 210 MHz, 405 MHz
2026/08/11 14:50:28.907, 0, NVIDIA GeForce RTX 4090, 0 %, 1 MiB, 19.80 W, 35, 210 MHz, 405 MHz
2026/08/11 14:50:33.907, 0, NVIDIA GeForce RTX 4090, 0 %, 1 MiB, 20.29 W, 34, 210 MHz, 405 MHz
2026/08/11 14:50:38.908, 0, NVIDIA GeForce RTX 4090, 0 %, 1 MiB, 20.11 W, 34, 210 MHz, 405 MHz
2026/08/11 14:50:43.908, 0, NVIDIA GeForce RTX 4090, 0 %, 1 MiB, 19.85 W, 33, 210 MHz, 405 MHz
2026/08/11 14:50:48.909, 0, NVIDIA GeForce RTX 4090, 0 %, 1 MiB, 19.88 W, 33, 210 MHz, 405 MHz
2026/08/11 14:50:53.910, 0, NVIDIA GeForce RTX 4090, 0 %, 1 MiB, 19.65 W, 32, 210 MHz, 405 MHz
2026/08/11 14:50:58.910, 0, NVIDIA GeForce RTX 4090, 0 %, 1 MiB, 20.07 W, 32, 210 MHz, 405 MHz
2026/08/11 14:51:03.911, 0, NVIDIA GeForce RTX 4090, 0 %, 1 MiB, 20.39 W, 32, 210 MHz, 405 MHz
2026/08/11 14:51:08.912, 0, NVIDIA GeForce RTX 4090, 0 %, 1 MiB, 19.89 W, 31, 210 MHz, 405 MHz
2026/08/11 14:51:13.912, 0, NVIDIA GeForce RTX 4090, 0 %, 1 MiB, 19.91 W, 31, 210 MHz, 405 MHz
2026/08/11 14:51:18.913, 0, NVIDIA GeForce RTX 4090, 0 %, 1 MiB, 19.66 W, 31, 210 MHz, 405 MHz
2026/08/11 14:51:23.913, 0, NVIDIA GeForce RTX 4090, 0 %, 1 MiB, 19.44 W, 31, 210 MHz, 405 MHz
2026/08/11 14:51:28.914, 0, NVIDIA GeForce RTX 4090, 0 %, 1 MiB, 20.13 W, 30, 210 MHz, 405 MHz
2026/08/11 14:51:33.915, 0, NVIDIA GeForce RTX 4090, 0 %, 1 MiB, 20.01 W, 30, 210 MHz, 405 MHz
2026/08/11 14:51:38.915, 0, NVIDIA GeForce RTX 4090, 0 %, 1 MiB, 19.82 W, 30, 210 MHz, 405 MHz
2026/08/11 14:51:43.916, 0, NVIDIA GeForce RTX 4090, 0 %, 1 MiB, 20.22 W, 30, 210 MHz, 405 MHz
2026/08/11 14:51:48.916, 0, NVIDIA GeForce RTX 4090, 0 %, 1 MiB, 20.22 W, 30, 210 MHz, 405 MHz
2026/08/11 14:51:53.917, 0, NVIDIA GeForce RTX 4090, 0 %, 1 MiB, 20.14 W, 29, 210 MHz, 405 MHz
2026/08/11 14:51:58.917, 0, NVIDIA GeForce RTX 4090, 0 %, 1 MiB, 19.95 W, 29, 210 MHz, 405 MHz
2026/08/11 14:52:03.918, 0, NVIDIA GeForce RTX 4090, 0 %, 1 MiB, 19.83 W, 29, 210 MHz, 405 MHz
2026/08/11 14:52:08.919, 0, NVIDIA GeForce RTX 4090, 0 %, 1 MiB, 20.20 W, 29, 210 MHz, 405 MHz
2026/08/11 14:52:13.919, 0, NVIDIA GeForce RTX 4090, 0 %, 1 MiB, 19.75 W, 29, 210 MHz, 405 MHz
2026/08/11 14:52:18.920, 0, NVIDIA GeForce RTX 4090, 0 %, 1 MiB, 20.04 W, 29, 210 MHz, 405 MHz
2026/08/11 14:52:23.920, 0, NVIDIA GeForce RTX 4090, 0 %, 1 MiB, 20.51 W, 29, 210 MHz, 405 MHz
2026/08/11 14:52:28.921, 0, NVIDIA GeForce RTX 4090, 0 %, 1 MiB, 20.28 W, 29, 210 MHz, 405 MHz
2026/08/11 14:52:33.921, 0, NVIDIA GeForce RTX 4090, 0 %, 1 MiB, 20.20 W, 28, 210 MHz, 405 MHz
2026/08/11 14:52:38.922, 0, NVIDIA GeForce RTX 4090, 0 %, 1 MiB, 19.70 W, 28, 210 MHz, 405 MHz
2026/08/11 14:52:43.923, 0, NVIDIA GeForce RTX 4090, 0 %, 1 MiB, 19.79 W, 28, 210 MHz, 405 MHz
2026/08/11 14:52:48.923, 0, NVIDIA GeForce RTX 4090, 0 %, 1 MiB, 20.00 W, 28, 210 MHz, 405 MHz
2026/08/11 14:52:53.924, 0, NVIDIA GeForce RTX 4090, 0 %, 1 MiB, 20.03 W, 28, 210 MHz, 405 MHz
2026/08/11 14:52:58.924, 0, NVIDIA GeForce RTX 4090, 0 %, 1 MiB, 19.62 W, 28, 210 MHz, 405 MHz
2026/08/11 14:53:03.925, 0, NVIDIA GeForce RTX 4090, 0 %, 1 MiB, 19.88 W, 28, 210 MHz, 405 MHz
2026/08/11 14:53:08.926, 0, NVIDIA GeForce RTX 4090, 0 %, 1 MiB, 20.06 W, 28, 210 MHz, 405 MHz
2026/08/11 14:53:13.926, 0, NVIDIA GeForce RTX 4090, 0 %, 1 MiB, 19.59 W, 28, 210 MHz, 405 MHz
2026/08/11 14:53:18.927, 0, NVIDIA GeForce RTX 4090, 0 %, 1 MiB, 19.60 W, 28, 210 MHz, 405 MHz
2026/08/11 14:53:23.927, 0, NVIDIA GeForce RTX 4090, 0 %, 1 MiB, 19.87 W, 28, 210 MHz, 405 MHz
2026/08/11 14:53:28.928, 0, NVIDIA GeForce RTX 4090, 0 %, 1 MiB, 19.87 W, 28, 210 MHz, 405 MHz
2026/08/11 14:53:33.929, 0, NVIDIA GeForce RTX 4090, 0 %, 1 MiB, 20.00 W, 28, 210 MHz, 405 MHz
2026/08/11 14:53:38.929, 0, NVIDIA GeForce RTX 4090, 0 %, 1 MiB, 20.14 W, 28, 210 MHz, 405 MHz
2026/08/11 14:53:43.930, 0, NVIDIA GeForce RTX 4090, 0 %, 1 MiB, 19.79 W, 28, 210 MHz, 405 MHz
2026/08/11 14:53:48.930, 0, NVIDIA GeForce RTX 4090, 0 %, 1 MiB, 19.73 W, 28, 210 MHz, 405 MHz
2026/08/11 14:53:53.931, 0, NVIDIA GeForce RTX 4090, 0 %, 1 MiB, 19.56 W, 28, 210 MHz, 405 MHz
2026/08/11 14:53:58.932, 0, NVIDIA GeForce RTX 4090, 0 %, 1 MiB, 19.13 W, 28, 210 MHz, 405 MHz
2026/08/11 14:54:03.932, 0, NVIDIA GeForce RTX 4090, 0 %, 1 MiB, 19.44 W, 28, 210 MHz, 405 MHz
2026/08/11 14:54:08.933, 0, NVIDIA GeForce RTX 4090, 0 %, 1 MiB, 19.83 W, 28, 210 MHz, 405 MHz
2026/08/11 14:54:13.933, 0, NVIDIA GeForce RTX 4090, 0 %, 1 MiB, 19.67 W, 28, 210 MHz, 405 MHz
2026/08/11 14:54:18.934, 0, NVIDIA GeForce RTX 4090, 0 %, 1 MiB, 19.51 W, 28, 210 MHz, 405 MHz
2026/08/11 14:54:23.935, 0, NVIDIA GeForce RTX 4090, 0 %, 1 MiB, 19.60 W, 28, 210 MHz, 405 MHz
2026/08/11 14:54:28.935, 0, NVIDIA GeForce RTX 4090, 0 %, 1 MiB, 19.28 W, 28, 210 MHz, 405 MHz
2026/08/11 14:54:33.936, 0, NVIDIA GeForce RTX 4090, 0 %, 1 MiB, 19.31 W, 27, 210 MHz, 405 MHz
2026/08/11 14:54:38.936, 0, NVIDIA GeForce RTX 4090, 0 %, 1 MiB, 19.19 W, 27, 210 MHz, 405 MHz
2026/08/11 14:54:43.937, 0, NVIDIA GeForce RTX 4090, 0 %, 1 MiB, 19.08 W, 27, 210 MHz, 405 MHz
2026/08/11 14:54:48.937, 0, NVIDIA GeForce RTX 4090, 0 %, 1 MiB, 18.85 W, 27, 210 MHz, 405 MHz
2026/08/11 14:54:53.938, 0, NVIDIA GeForce RTX 4090, 0 %, 1 MiB, 19.23 W, 27, 210 MHz, 405 MHz
2026/08/11 14:54:58.939, 0, NVIDIA GeForce RTX 4090, 0 %, 1 MiB, 18.77 W, 27, 210 MHz, 405 MHz
2026/08/11 14:55:03.939, 0, NVIDIA GeForce RTX 4090, 0 %, 1 MiB, 19.56 W, 27, 210 MHz, 405 MHz
2026/08/11 14:55:08.940, 0, NVIDIA GeForce RTX 4090, 0 %, 1 MiB, 19.16 W, 27, 210 MHz, 405 MHz
2026/08/11 14:55:13.940, 0, NVIDIA GeForce RTX 4090, 0 %, 1 MiB, 19.49 W, 27, 210 MHz, 405 MHz
2026/08/11 14:55:18.941, 0, NVIDIA GeForce RTX 4090, 0 %, 1 MiB, 19.17 W, 27, 210 MHz, 405 MHz
2026/08/11 14:55:23.942, 0, NVIDIA GeForce RTX 4090, 0 %, 1 MiB, 19.27 W, 27, 210 MHz, 405 MHz
2026/08/11 14:55:28.942, 0, NVIDIA GeForce RTX 4090, 0 %, 1 MiB, 19.46 W, 27, 210 MHz, 405 MHz
2026/08/11 14:55:33.943, 0, NVIDIA GeForce RTX 4090, 0 %, 1 MiB, 19.24 W, 27, 210 MHz, 405 MHz
2026/08/11 14:55:38.944, 0, NVIDIA GeForce RTX 4090, 0 %, 1 MiB, 19.33 W, 27, 210 MHz, 405 MHz
2026/08/11 14:55:43.944, 0, NVIDIA GeForce RTX 4090, 0 %, 1 MiB, 19.48 W, 27, 210 MHz, 405 MHz
2026/08/11 14:55:48.945, 0, NVIDIA GeForce RTX 4090, 0 %, 1 MiB, 19.50 W, 27, 210 MHz, 405 MHz
2026/08/11 14:55:53.946, 0, NVIDIA GeForce RTX 4090, 0 %, 1 MiB, 19.56 W, 27, 210 MHz, 405 MHz
2026/08/11 14:55:58.946, 0, NVIDIA GeForce RTX 4090, 0 %, 1 MiB, 19.78 W, 27, 210 MHz, 405 MHz
2026/08/11 14:56:03.947, 0, NVIDIA GeForce RTX 4090, 0 %, 1 MiB, 19.12 W, 27, 210 MHz, 405 MHz
2026/08/11 14:56:08.947, 0, NVIDIA GeForce RTX 4090, 0 %, 1 MiB, 19.87 W, 27, 210 MHz, 405 MHz
2026/08/11 14:56:13.948, 0, NVIDIA GeForce RTX 4090, 0 %, 1 MiB, 19.60 W, 27, 210 MHz, 405 MHz
2026/08/11 14:56:18.949, 0, NVIDIA GeForce RTX 4090, 0 %, 1 MiB, 19.38 W, 27, 210 MHz, 405 MHz
2026/08/11 14:56:23.949, 0, NVIDIA GeForce RTX 4090, 0 %, 1 MiB, 18.96 W, 27, 210 MHz, 405 MHz
2026/08/11 14:56:28.950, 0, NVIDIA GeForce RTX 4090, 0 %, 1 MiB, 19.36 W, 27, 210 MHz, 405 MHz
2026/08/11 14:56:33.951, 0, NVIDIA GeForce RTX 4090, 0 %, 1 MiB, 19.08 W, 27, 210 MHz, 405 MHz
2026/08/11 14:56:38.951, 0, NVIDIA GeForce RTX 4090, 0 %, 1 MiB, 19.24 W, 27, 210 MHz, 405 MHz
2026/08/11 14:56:43.952, 0, NVIDIA GeForce RTX 4090, 0 %, 1 MiB, 18.99 W, 27, 210 MHz, 405 MHz
2026/08/11 14:56:48.953, 0, NVIDIA GeForce RTX 4090, 0 %, 1 MiB, 18.86 W, 27, 210 MHz, 405 MHz
2026/08/11 14:56:53.953, 0, NVIDIA GeForce RTX 4090, 0 %, 1 MiB, 19.27 W, 27, 210 MHz, 405 MHz
2026/08/11 14:56:58.954, 0, NVIDIA GeForce RTX 4090, 0 %, 1 MiB, 19.38 W, 27, 210 MHz, 405 MHz
2026/08/11 14:57:03.955, 0, NVIDIA GeForce RTX 4090, 0 %, 1 MiB, 19.14 W, 27, 210 MHz, 405 MHz
2026/08/11 14:57:08.955, 0, NVIDIA GeForce RTX 4090, 0 %, 1 MiB, 19.77 W, 28, 210 MHz, 405 MHz
2026/08/11 14:57:13.956, 0, NVIDIA GeForce RTX 4090, 0 %, 1 MiB, 19.47 W, 28, 210 MHz, 405 MHz
2026/08/11 14:57:18.956, 0, NVIDIA GeForce RTX 4090, 0 %, 1 MiB, 19.44 W, 28, 210 MHz, 405 MHz
2026/08/11 14:57:23.957, 0, NVIDIA GeForce RTX 4090, 0 %, 1 MiB, 19.19 W, 28, 210 MHz, 405 MHz
2026/08/11 14:57:28.957, 0, NVIDIA GeForce RTX 4090, 0 %, 1 MiB, 19.23 W, 28, 210 MHz, 405 MHz
2026/08/11 14:57:33.959, 0, NVIDIA GeForce RTX 4090, 0 %, 1 MiB, 19.52 W, 28, 210 MHz, 405 MHz
2026/08/11 14:57:38.959, 0, NVIDIA GeForce RTX 4090, 0 %, 1 MiB, 19.43 W, 28, 210 MHz, 405 MHz
2026/08/11 14:57:43.960, 0, NVIDIA GeForce RTX 4090, 0 %, 1 MiB, 19.71 W, 28, 210 MHz, 405 MHz
2026/08/11 14:57:48.960, 0, NVIDIA GeForce RTX 4090, 0 %, 1 MiB, 19.82 W, 28, 210 MHz, 405 MHz
2026/08/11 14:57:53.961, 0, NVIDIA GeForce RTX 4090, 0 %, 1 MiB, 19.42 W, 28, 210 MHz, 405 MHz
2026/08/11 14:57:58.962, 0, NVIDIA GeForce RTX 4090, 0 %, 1 MiB, 19.39 W, 28, 210 MHz, 405 MHz
2026/08/11 14:58:03.962, 0, NVIDIA GeForce RTX 4090, 0 %, 1 MiB, 19.48 W, 28, 210 MHz, 405 MHz
2026/08/11 14:58:08.963, 0, NVIDIA GeForce RTX 4090, 0 %, 1 MiB, 19.22 W, 28, 210 MHz, 405 MHz
2026/08/11 14:58:13.963, 0, NVIDIA GeForce RTX 4090, 0 %, 1 MiB, 18.92 W, 28, 210 MHz, 405 MHz
2026/08/11 14:58:18.964, 0, NVIDIA GeForce RTX 4090, 0 %, 1 MiB, 19.36 W, 28, 210 MHz, 405 MHz
2026/08/11 14:58:23.965, 0, NVIDIA GeForce RTX 4090, 0 %, 1 MiB, 19.41 W, 28, 210 MHz, 405 MHz
2026/08/11 14:58:28.966, 0, NVIDIA GeForce RTX 4090, 0 %, 1 MiB, 19.43 W, 28, 210 MHz, 405 MHz
2026/08/11 14:58:33.966, 0, NVIDIA GeForce RTX 4090, 0 %, 1 MiB, 19.45 W, 28, 210 MHz, 405 MHz
2026/08/11 14:58:38.967, 0, NVIDIA GeForce RTX 4090, 0 %, 1 MiB, 19.35 W, 28, 210 MHz, 405 MHz
2026/08/11 14:58:43.967, 0, NVIDIA GeForce RTX 4090, 0 %, 1 MiB, 19.77 W, 28, 210 MHz, 405 MHz
2026/08/11 14:58:48.968, 0, NVIDIA GeForce RTX 4090, 0 %, 1 MiB, 19.54 W, 28, 210 MHz, 405 MHz
2026/08/11 14:58:53.969, 0, NVIDIA GeForce RTX 4090, 0 %, 1 MiB, 19.58 W, 28, 210 MHz, 405 MHz
2026/08/11 14:58:58.969, 0, NVIDIA GeForce RTX 4090, 0 %, 1 MiB, 19.53 W, 28, 210 MHz, 405 MHz
2026/08/11 14:59:03.970, 0, NVIDIA GeForce RTX 4090, 0 %, 1 MiB, 19.44 W, 28, 210 MHz, 405 MHz
2026/08/11 14:59:08.971, 0, NVIDIA GeForce RTX 4090, 0 %, 1 MiB, 19.61 W, 28, 210 MHz, 405 MHz
2026/08/11 14:59:13.972, 0, NVIDIA GeForce RTX 4090, 0 %, 1 MiB, 19.32 W, 28, 210 MHz, 405 MHz
2026/08/11 14:59:18.972, 0, NVIDIA GeForce RTX 4090, 0 %, 1 MiB, 19.48 W, 28, 210 MHz, 405 MHz
2026/08/11 14:59:23.973, 0, NVIDIA GeForce RTX 4090, 0 %, 1 MiB, 19.80 W, 28, 210 MHz, 405 MHz
2026/08/11 14:59:28.973, 0, NVIDIA GeForce RTX 4090, 0 %, 1 MiB, 19.55 W, 28, 210 MHz, 405 MHz
2026/08/11 14:59:33.974, 0, NVIDIA GeForce RTX 4090, 0 %, 1 MiB, 19.52 W, 28, 210 MHz, 405 MHz
2026/08/11 14:59:38.975, 0, NVIDIA GeForce RTX 4090, 0 %, 1 MiB, 19.59 W, 28, 210 MHz, 405 MHz
2026/08/11 14:59:43.976, 0, NVIDIA GeForce RTX 4090, 0 %, 1 MiB, 19.48 W, 28, 210 MHz, 405 MHz
2026/08/11 14:59:48.976, 0, NVIDIA GeForce RTX 4090, 0 %, 1 MiB, 19.48 W, 28, 210 MHz, 405 MHz
2026/08/11 14:59:53.977, 0, NVIDIA GeForce RTX 4090, 0 %, 1 MiB, 19.45 W, 28, 210 MHz, 405 MHz
2026/08/11 14:59:58.977, 0, NVIDIA GeForce RTX 4090, 0 %, 1 MiB, 19.30 W, 28, 210 MHz, 405 MHz
2026/08/11 15:00:03.978, 0, NVIDIA GeForce RTX 4090, 0 %, 1 MiB, 19.61 W, 28, 210 MHz, 405 MHz
2026/08/11 15:00:08.979, 0, NVIDIA GeForce RTX 4090, 0 %, 1 MiB, 19.39 W, 28, 210 MHz, 405 MHz
2026/08/11 15:00:13.979, 0, NVIDIA GeForce RTX 4090, 0 %, 1 MiB, 19.66 W, 28, 210 MHz, 405 MHz
2026/08/11 15:00:18.980, 0, NVIDIA GeForce RTX 4090, 0 %, 1 MiB, 18.99 W, 28, 210 MHz, 405 MHz
2026/08/11 15:00:23.980, 0, NVIDIA GeForce RTX 4090, 0 %, 1 MiB, 19.33 W, 28, 210 MHz, 405 MHz
2026/08/11 15:00:28.981, 0, NVIDIA GeForce RTX 4090, 0 %, 1 MiB, 19.48 W, 28, 210 MHz, 405 MHz
2026/08/11 15:00:33.981, 0, NVIDIA GeForce RTX 4090, 0 %, 1 MiB, 19.30 W, 28, 210 MHz, 405 MHz
2026/08/11 15:00:38.982, 0, NVIDIA GeForce RTX 4090, 0 %, 1 MiB, 19.53 W, 28, 210 MHz, 405 MHz
2026/08/11 15:00:43.983, 0, NVIDIA GeForce RTX 4090, 0 %, 1 MiB, 19.53 W, 28, 210 MHz, 405 MHz
2026/08/11 15:00:48.983, 0, NVIDIA GeForce RTX 4090, 0 %, 1 MiB, 19.60 W, 28, 210 MHz, 405 MHz
2026/08/11 15:00:53.984, 0, NVIDIA GeForce RTX 4090, 0 %, 1 MiB, 19.35 W, 28, 210 MHz, 405 MHz
2026/08/11 15:00:58.984, 0, NVIDIA GeForce RTX 4090, 0 %, 1 MiB, 19.47 W, 28, 210 MHz, 405 MHz
2026/08/11 15:01:03.985, 0, NVIDIA GeForce RTX 4090, 0 %, 1 MiB, 19.24 W, 28, 210 MHz, 405 MHz
2026/08/11 15:01:08.986, 0, NVIDIA GeForce RTX 4090, 0 %, 1 MiB, 19.23 W, 28, 210 MHz, 405 MHz
2026/08/11 15:01:13.986, 0, NVIDIA GeForce RTX 4090, 0 %, 1 MiB, 19.25 W, 28, 210 MHz, 405 MHz
2026/08/11 15:01:18.987, 0, NVIDIA GeForce RTX 4090, 0 %, 1 MiB, 19.39 W, 28, 210 MHz, 405 MHz
2026/08/11 15:01:23.987, 0, NVIDIA GeForce RTX 4090, 0 %, 1 MiB, 18.96 W, 28, 210 MHz, 405 MHz
2026/08/11 15:01:28.988, 0, NVIDIA GeForce RTX 4090, 0 %, 1 MiB, 19.65 W, 28, 210 MHz, 405 MHz
2026/08/11 15:01:33.989, 0, NVIDIA GeForce RTX 4090, 0 %, 1 MiB, 19.50 W, 28, 210 MHz, 405 MHz
2026/08/11 15:01:38.989, 0, NVIDIA GeForce RTX 4090, 0 %, 1 MiB, 19.23 W, 28, 210 MHz, 405 MHz
2026/08/11 15:01:43.990, 0, NVIDIA GeForce RTX 4090, 0 %, 1 MiB, 18.88 W, 28, 210 MHz, 405 MHz
2026/08/11 15:01:48.991, 0, NVIDIA GeForce RTX 4090, 0 %, 1 MiB, 19.14 W, 28, 210 MHz, 405 MHz
2026/08/11 15:01:53.991, 0, NVIDIA GeForce RTX 4090, 0 %, 1 MiB, 19.34 W, 28, 210 MHz, 405 MHz
2026/08/11 15:01:58.992, 0, NVIDIA GeForce RTX 4090, 0 %, 1 MiB, 19.17 W, 28, 210 MHz, 405 MHz
2026/08/11 15:02:03.992, 0, NVIDIA GeForce RTX 4090, 0 %, 1 MiB, 19.71 W, 28, 210 MHz, 405 MHz
2026/08/11 15:02:08.993, 0, NVIDIA GeForce RTX 4090, 0 %, 1 MiB, 19.37 W, 28, 210 MHz, 405 MHz
2026/08/11 15:02:13.994, 0, NVIDIA GeForce RTX 4090, 0 %, 1 MiB, 19.26 W, 28, 210 MHz, 405 MHz
2026/08/11 15:02:18.994, 0, NVIDIA GeForce RTX 4090, 0 %, 1 MiB, 19.29 W, 28, 210 MHz, 405 MHz
2026/08/11 15:02:23.995, 0, NVIDIA GeForce RTX 4090, 0 %, 1 MiB, 19.26 W, 28, 210 MHz, 405 MHz
2026/08/11 15:02:28.995, 0, NVIDIA GeForce RTX 4090, 0 %, 1 MiB, 19.34 W, 28, 210 MHz, 405 MHz
2026/08/11 15:02:33.996, 0, NVIDIA GeForce RTX 4090, 0 %, 1 MiB, 19.25 W, 28, 210 MHz, 405 MHz
2026/08/11 15:02:38.997, 0, NVIDIA GeForce RTX 4090, 0 %, 1 MiB, 19.64 W, 28, 210 MHz, 405 MHz
2026/08/11 15:02:44.000, 0, NVIDIA GeForce RTX 4090, 0 %, 1 MiB, 19.68 W, 28, 210 MHz, 405 MHz
2026/08/11 15:02:49.001, 0, NVIDIA GeForce RTX 4090, 0 %, 1 MiB, 19.18 W, 28, 210 MHz, 405 MHz
2026/08/11 15:02:54.002, 0, NVIDIA GeForce RTX 4090, 0 %, 1 MiB, 19.43 W, 28, 210 MHz, 405 MHz
2026/08/11 15:02:59.002, 0, NVIDIA GeForce RTX 4090, 0 %, 1 MiB, 19.25 W, 28, 210 MHz, 405 MHz
2026/08/11 15:03:04.003, 0, NVIDIA GeForce RTX 4090, 0 %, 1 MiB, 19.06 W, 28, 210 MHz, 405 MHz
2026/08/11 15:03:09.003, 0, NVIDIA GeForce RTX 4090, 0 %, 1 MiB, 19.31 W, 28, 210 MHz, 405 MHz
2026/08/11 15:03:14.004, 0, NVIDIA GeForce RTX 4090, 0 %, 1 MiB, 19.40 W, 28, 210 MHz, 405 MHz
2026/08/11 15:03:19.005, 0, NVIDIA GeForce RTX 4090, 0 %, 1 MiB, 19.45 W, 28, 210 MHz, 405 MHz
2026/08/11 15:03:24.005, 0, NVIDIA GeForce RTX 4090, 0 %, 1 MiB, 18.96 W, 28, 210 MHz, 405 MHz
2026/08/11 15:03:29.006, 0, NVIDIA GeForce RTX 4090, 0 %, 1 MiB, 19.15 W, 28, 210 MHz, 405 MHz
2026/08/11 15:03:34.006, 0, NVIDIA GeForce RTX 4090, 0 %, 1 MiB, 19.04 W, 28, 210 MHz, 405 MHz
2026/08/11 15:03:39.007, 0, NVIDIA GeForce RTX 4090, 0 %, 1 MiB, 19.24 W, 28, 210 MHz, 405 MHz
2026/08/11 15:03:44.007, 0, NVIDIA GeForce RTX 4090, 0 %, 1 MiB, 19.68 W, 28, 210 MHz, 405 MHz
2026/08/11 15:03:49.008, 0, NVIDIA GeForce RTX 4090, 0 %, 1 MiB, 21.55 W, 28, 210 MHz, 405 MHz
2026/08/11 15:03:54.009, 0, NVIDIA GeForce RTX 4090, 0 %, 1 MiB, 21.63 W, 28, 210 MHz, 405 MHz
2026/08/11 15:03:59.010, 0, NVIDIA GeForce RTX 4090, 0 %, 1 MiB, 21.48 W, 28, 210 MHz, 405 MHz
2026/08/11 15:04:04.010, 0, NVIDIA GeForce RTX 4090, 0 %, 2412 MiB, 59.23 W, 29, 2520 MHz, 10251 MHz
2026/08/11 15:04:09.011, 0, NVIDIA GeForce RTX 4090, 0 %, 3692 MiB, 59.22 W, 29, 2520 MHz, 10251 MHz
2026/08/11 15:04:14.011, 0, NVIDIA GeForce RTX 4090, 2 %, 4812 MiB, 58.89 W, 30, 2520 MHz, 10251 MHz
2026/08/11 15:04:19.012, 0, NVIDIA GeForce RTX 4090, 2 %, 5900 MiB, 59.31 W, 30, 2520 MHz, 10251 MHz
2026/08/11 15:04:24.013, 0, NVIDIA GeForce RTX 4090, 2 %, 6956 MiB, 59.54 W, 30, 2520 MHz, 10251 MHz
2026/08/11 15:04:29.013, 0, NVIDIA GeForce RTX 4090, 0 %, 8012 MiB, 58.78 W, 30, 2520 MHz, 10251 MHz
2026/08/11 15:04:34.014, 0, NVIDIA GeForce RTX 4090, 2 %, 9004 MiB, 58.87 W, 31, 2520 MHz, 10251 MHz
2026/08/11 15:04:39.014, 0, NVIDIA GeForce RTX 4090, 0 %, 9996 MiB, 58.95 W, 31, 2520 MHz, 10251 MHz
2026/08/11 15:04:44.015, 0, NVIDIA GeForce RTX 4090, 0 %, 11052 MiB, 58.78 W, 31, 2520 MHz, 10251 MHz
2026/08/11 15:04:49.016, 0, NVIDIA GeForce RTX 4090, 0 %, 12108 MiB, 59.23 W, 31, 2520 MHz, 10251 MHz
2026/08/11 15:04:54.016, 0, NVIDIA GeForce RTX 4090, 2 %, 13196 MiB, 59.05 W, 31, 2520 MHz, 10251 MHz
2026/08/11 15:04:59.017, 0, NVIDIA GeForce RTX 4090, 0 %, 14188 MiB, 58.65 W, 31, 2520 MHz, 10251 MHz
2026/08/11 15:05:04.017, 0, NVIDIA GeForce RTX 4090, 2 %, 15308 MiB, 58.73 W, 31, 2520 MHz, 10251 MHz
2026/08/11 15:05:09.018, 0, NVIDIA GeForce RTX 4090, 0 %, 16396 MiB, 58.84 W, 31, 2520 MHz, 10251 MHz
2026/08/11 15:05:14.018, 0, NVIDIA GeForce RTX 4090, 100 %, 17964 MiB, 107.74 W, 36, 2775 MHz, 10251 MHz
2026/08/11 15:05:19.019, 0, NVIDIA GeForce RTX 4090, 100 %, 17964 MiB, 240.38 W, 40, 2760 MHz, 10251 MHz
2026/08/11 15:05:24.019, 0, NVIDIA GeForce RTX 4090, 100 %, 17964 MiB, 229.38 W, 41, 2760 MHz, 10251 MHz
2026/08/11 15:05:29.020, 0, NVIDIA GeForce RTX 4090, 100 %, 17964 MiB, 221.20 W, 42, 2760 MHz, 10251 MHz
2026/08/11 15:05:34.020, 0, NVIDIA GeForce RTX 4090, 100 %, 17992 MiB, 248.19 W, 43, 2760 MHz, 10251 MHz
2026/08/11 15:05:39.021, 0, NVIDIA GeForce RTX 4090, 100 %, 17992 MiB, 236.40 W, 44, 2760 MHz, 10251 MHz
2026/08/11 15:05:44.022, 0, NVIDIA GeForce RTX 4090, 100 %, 17992 MiB, 226.90 W, 44, 2760 MHz, 10251 MHz
2026/08/11 15:05:49.022, 0, NVIDIA GeForce RTX 4090, 100 %, 17992 MiB, 219.26 W, 44, 2760 MHz, 10251 MHz
2026/08/11 15:05:54.023, 0, NVIDIA GeForce RTX 4090, 100 %, 17992 MiB, 213.07 W, 44, 2760 MHz, 10251 MHz
2026/08/11 15:05:59.024, 0, NVIDIA GeForce RTX 4090, 100 %, 18120 MiB, 254.54 W, 46, 2760 MHz, 10251 MHz
2026/08/11 15:06:04.024, 0, NVIDIA GeForce RTX 4090, 100 %, 18120 MiB, 241.62 W, 46, 2760 MHz, 10251 MHz
2026/08/11 15:06:09.025, 0, NVIDIA GeForce RTX 4090, 100 %, 18120 MiB, 231.58 W, 47, 2760 MHz, 10251 MHz
2026/08/11 15:06:14.025, 0, NVIDIA GeForce RTX 4090, 100 %, 18120 MiB, 223.22 W, 47, 2760 MHz, 10251 MHz
2026/08/11 15:06:19.026, 0, NVIDIA GeForce RTX 4090, 100 %, 18120 MiB, 216.01 W, 47, 2760 MHz, 10251 MHz
2026/08/11 15:06:24.026, 0, NVIDIA GeForce RTX 4090, 100 %, 18120 MiB, 209.93 W, 47, 2760 MHz, 10251 MHz
2026/08/11 15:06:29.027, 0, NVIDIA GeForce RTX 4090, 100 %, 18120 MiB, 204.84 W, 47, 2760 MHz, 10251 MHz
2026/08/11 15:06:34.027, 0, NVIDIA GeForce RTX 4090, 100 %, 18120 MiB, 200.76 W, 47, 2760 MHz, 10251 MHz
2026/08/11 15:06:39.027, 0, NVIDIA GeForce RTX 4090, 100 %, 18120 MiB, 252.65 W, 48, 2760 MHz, 10251 MHz
2026/08/11 15:06:44.028, 0, NVIDIA GeForce RTX 4090, 100 %, 18120 MiB, 240.54 W, 49, 2760 MHz, 10251 MHz
2026/08/11 15:06:49.028, 0, NVIDIA GeForce RTX 4090, 100 %, 18120 MiB, 230.31 W, 48, 2760 MHz, 10251 MHz
2026/08/11 15:06:54.029, 0, NVIDIA GeForce RTX 4090, 100 %, 18120 MiB, 222.26 W, 48, 2760 MHz, 10251 MHz
2026/08/11 15:06:59.030, 0, NVIDIA GeForce RTX 4090, 100 %, 18120 MiB, 215.28 W, 48, 2760 MHz, 10251 MHz
2026/08/11 15:07:04.030, 0, NVIDIA GeForce RTX 4090, 100 %, 18120 MiB, 209.27 W, 48, 2760 MHz, 10251 MHz
2026/08/11 15:07:09.031, 0, NVIDIA GeForce RTX 4090, 100 %, 18120 MiB, 204.38 W, 48, 2760 MHz, 10251 MHz
2026/08/11 15:07:14.031, 0, NVIDIA GeForce RTX 4090, 100 %, 18120 MiB, 200.72 W, 48, 2760 MHz, 10251 MHz
2026/08/11 15:07:19.032, 0, NVIDIA GeForce RTX 4090, 100 %, 18120 MiB, 196.61 W, 48, 2760 MHz, 10251 MHz
2026/08/11 15:07:24.032, 0, NVIDIA GeForce RTX 4090, 100 %, 18120 MiB, 193.18 W, 48, 2760 MHz, 10251 MHz
2026/08/11 15:07:29.033, 0, NVIDIA GeForce RTX 4090, 100 %, 18120 MiB, 189.89 W, 47, 2760 MHz, 10251 MHz
2026/08/11 15:07:34.034, 0, NVIDIA GeForce RTX 4090, 100 %, 18120 MiB, 185.59 W, 47, 2760 MHz, 10251 MHz
2026/08/11 15:07:42.325, 0, NVIDIA GeForce RTX 4090, 100 %, 18120 MiB, 182.77 W, 47, 2760 MHz, 10251 MHz
2026/08/11 15:07:47.325, 0, NVIDIA GeForce RTX 4090, 100 %, 18120 MiB, 181.12 W, 47, 2760 MHz, 10251 MHz
2026/08/11 15:07:52.326, 0, NVIDIA GeForce RTX 4090, 100 %, 18120 MiB, 179.26 W, 47, 2760 MHz, 10251 MHz
2026/08/11 15:07:57.326, 0, NVIDIA GeForce RTX 4090, 100 %, 18120 MiB, 177.37 W, 47, 2760 MHz, 10251 MHz
2026/08/11 15:08:02.327, 0, NVIDIA GeForce RTX 4090, 100 %, 18120 MiB, 183.94 W, 47, 2760 MHz, 10251 MHz
2026/08/11 15:08:07.327, 0, NVIDIA GeForce RTX 4090, 0 %, 18120 MiB, 62.15 W, 41, 2520 MHz, 10251 MHz
2026/08/11 15:08:12.328, 0, NVIDIA GeForce RTX 4090, 100 %, 18376 MiB, 250.79 W, 48, 2760 MHz, 10251 MHz
2026/08/11 15:08:17.329, 0, NVIDIA GeForce RTX 4090, 100 %, 18376 MiB, 238.61 W, 48, 2760 MHz, 10251 MHz
2026/08/11 15:08:22.329, 0, NVIDIA GeForce RTX 4090, 100 %, 18376 MiB, 228.68 W, 48, 2760 MHz, 10251 MHz
2026/08/11 15:08:27.330, 0, NVIDIA GeForce RTX 4090, 100 %, 18376 MiB, 221.30 W, 48, 2760 MHz, 10251 MHz
2026/08/11 15:08:32.330, 0, NVIDIA GeForce RTX 4090, 100 %, 18376 MiB, 214.91 W, 48, 2760 MHz, 10251 MHz
2026/08/11 15:08:37.331, 0, NVIDIA GeForce RTX 4090, 100 %, 18376 MiB, 209.16 W, 48, 2760 MHz, 10251 MHz
2026/08/11 15:08:42.332, 0, NVIDIA GeForce RTX 4090, 100 %, 18376 MiB, 204.17 W, 48, 2760 MHz, 10251 MHz
2026/08/11 15:08:47.332, 0, NVIDIA GeForce RTX 4090, 100 %, 18376 MiB, 199.65 W, 48, 2760 MHz, 10251 MHz
2026/08/11 15:08:52.333, 0, NVIDIA GeForce RTX 4090, 100 %, 18376 MiB, 195.97 W, 48, 2760 MHz, 10251 MHz
2026/08/11 15:08:57.333, 0, NVIDIA GeForce RTX 4090, 100 %, 18376 MiB, 192.64 W, 48, 2760 MHz, 10251 MHz
2026/08/11 15:09:02.334, 0, NVIDIA GeForce RTX 4090, 100 %, 18376 MiB, 189.32 W, 48, 2760 MHz, 10251 MHz
2026/08/11 15:09:07.334, 0, NVIDIA GeForce RTX 4090, 100 %, 18376 MiB, 186.58 W, 47, 2760 MHz, 10251 MHz
2026/08/11 15:09:12.335, 0, NVIDIA GeForce RTX 4090, 100 %, 18376 MiB, 184.28 W, 47, 2760 MHz, 10251 MHz
2026/08/11 15:09:17.336, 0, NVIDIA GeForce RTX 4090, 100 %, 18376 MiB, 181.90 W, 47, 2760 MHz, 10251 MHz
2026/08/11 15:09:22.336, 0, NVIDIA GeForce RTX 4090, 100 %, 18376 MiB, 179.47 W, 47, 2760 MHz, 10251 MHz
2026/08/11 15:09:27.337, 0, NVIDIA GeForce RTX 4090, 100 %, 18376 MiB, 177.44 W, 47, 2760 MHz, 10251 MHz
2026/08/11 15:09:32.337, 0, NVIDIA GeForce RTX 4090, 100 %, 18376 MiB, 175.52 W, 47, 2760 MHz, 10251 MHz
2026/08/11 15:09:37.338, 0, NVIDIA GeForce RTX 4090, 100 %, 18376 MiB, 173.55 W, 46, 2760 MHz, 10251 MHz
2026/08/11 15:09:42.339, 0, NVIDIA GeForce RTX 4090, 100 %, 18376 MiB, 172.51 W, 46, 2760 MHz, 10251 MHz
2026/08/11 15:09:47.339, 0, NVIDIA GeForce RTX 4090, 100 %, 18376 MiB, 170.88 W, 46, 2760 MHz, 10251 MHz
2026/08/11 15:09:52.340, 0, NVIDIA GeForce RTX 4090, 100 %, 18376 MiB, 169.61 W, 46, 2760 MHz, 10251 MHz
2026/08/11 15:09:57.340, 0, NVIDIA GeForce RTX 4090, 100 %, 18376 MiB, 168.26 W, 46, 2760 MHz, 10251 MHz
2026/08/11 15:10:02.341, 0, NVIDIA GeForce RTX 4090, 100 %, 18376 MiB, 166.80 W, 46, 2760 MHz, 10251 MHz
2026/08/11 15:10:07.342, 0, NVIDIA GeForce RTX 4090, 100 %, 18376 MiB, 165.78 W, 45, 2760 MHz, 10251 MHz
2026/08/11 15:10:12.342, 0, NVIDIA GeForce RTX 4090, 100 %, 18376 MiB, 164.35 W, 45, 2760 MHz, 10251 MHz
2026/08/11 15:10:17.343, 0, NVIDIA GeForce RTX 4090, 100 %, 18376 MiB, 163.71 W, 45, 2760 MHz, 10251 MHz
2026/08/11 15:10:22.343, 0, NVIDIA GeForce RTX 4090, 100 %, 18376 MiB, 162.35 W, 45, 2760 MHz, 10251 MHz
2026/08/11 15:10:27.344, 0, NVIDIA GeForce RTX 4090, 100 %, 18376 MiB, 161.53 W, 45, 2760 MHz, 10251 MHz
2026/08/11 15:10:32.344, 0, NVIDIA GeForce RTX 4090, 100 %, 18376 MiB, 160.41 W, 45, 2760 MHz, 10251 MHz
2026/08/11 15:10:37.345, 0, NVIDIA GeForce RTX 4090, 100 %, 18376 MiB, 159.22 W, 45, 2760 MHz, 10251 MHz
2026/08/11 15:10:42.345, 0, NVIDIA GeForce RTX 4090, 100 %, 18376 MiB, 157.93 W, 44, 2760 MHz, 10251 MHz
2026/08/11 15:10:47.346, 0, NVIDIA GeForce RTX 4090, 100 %, 18376 MiB, 157.05 W, 44, 2760 MHz, 10251 MHz
2026/08/11 15:10:52.347, 0, NVIDIA GeForce RTX 4090, 100 %, 18376 MiB, 156.88 W, 44, 2760 MHz, 10251 MHz
2026/08/11 15:10:57.347, 0, NVIDIA GeForce RTX 4090, 100 %, 18376 MiB, 156.07 W, 44, 2760 MHz, 10251 MHz
2026/08/11 15:11:02.348, 0, NVIDIA GeForce RTX 4090, 100 %, 18376 MiB, 154.87 W, 44, 2760 MHz, 10251 MHz
2026/08/11 15:11:07.349, 0, NVIDIA GeForce RTX 4090, 100 %, 18376 MiB, 153.99 W, 44, 2760 MHz, 10251 MHz
2026/08/11 15:11:12.349, 0, NVIDIA GeForce RTX 4090, 100 %, 18376 MiB, 154.04 W, 44, 2760 MHz, 10251 MHz
2026/08/11 15:11:17.350, 0, NVIDIA GeForce RTX 4090, 100 %, 18376 MiB, 153.37 W, 44, 2760 MHz, 10251 MHz
2026/08/11 15:11:22.351, 0, NVIDIA GeForce RTX 4090, 100 %, 18376 MiB, 152.13 W, 43, 2760 MHz, 10251 MHz
2026/08/11 15:11:27.351, 0, NVIDIA GeForce RTX 4090, 100 %, 18376 MiB, 151.37 W, 43, 2760 MHz, 10251 MHz
2026/08/11 15:11:32.352, 0, NVIDIA GeForce RTX 4090, 100 %, 18376 MiB, 151.21 W, 43, 2760 MHz, 10251 MHz
2026/08/11 15:11:37.352, 0, NVIDIA GeForce RTX 4090, 100 %, 18376 MiB, 150.62 W, 43, 2760 MHz, 10251 MHz
2026/08/11 15:11:42.353, 0, NVIDIA GeForce RTX 4090, 100 %, 18376 MiB, 149.81 W, 43, 2760 MHz, 10251 MHz
2026/08/11 15:11:47.354, 0, NVIDIA GeForce RTX 4090, 100 %, 18376 MiB, 148.84 W, 43, 2760 MHz, 10251 MHz
2026/08/11 15:11:52.354, 0, NVIDIA GeForce RTX 4090, 100 %, 18376 MiB, 149.22 W, 43, 2760 MHz, 10251 MHz
2026/08/11 15:11:57.355, 0, NVIDIA GeForce RTX 4090, 100 %, 18376 MiB, 136.38 W, 40, 2760 MHz, 10251 MHz
2026/08/11 15:12:02.355, 0, NVIDIA GeForce RTX 4090, 0 %, 18376 MiB, 60.00 W, 38, 2520 MHz, 10251 MHz
2026/08/11 15:12:07.356, 0, NVIDIA GeForce RTX 4090, 0 %, 18376 MiB, 60.27 W, 38, 2520 MHz, 10251 MHz
2026/08/11 15:12:12.357, 0, NVIDIA GeForce RTX 4090, 0 %, 18376 MiB, 60.13 W, 37, 2520 MHz, 10251 MHz
2026/08/11 15:12:17.357, 0, NVIDIA GeForce RTX 4090, 0 %, 18376 MiB, 20.90 W, 35, 210 MHz, 405 MHz
2026/08/11 15:12:22.358, 0, NVIDIA GeForce RTX 4090, 0 %, 18376 MiB, 21.04 W, 34, 210 MHz, 405 MHz
2026/08/11 15:12:27.358, 0, NVIDIA GeForce RTX 4090, 100 %, 18888 MiB, 247.08 W, 43, 2760 MHz, 10251 MHz
2026/08/11 15:12:32.359, 0, NVIDIA GeForce RTX 4090, 100 %, 18888 MiB, 235.58 W, 44, 2760 MHz, 10251 MHz
2026/08/11 15:12:37.359, 0, NVIDIA GeForce RTX 4090, 100 %, 18888 MiB, 226.08 W, 44, 2760 MHz, 10251 MHz
2026/08/11 15:12:42.360, 0, NVIDIA GeForce RTX 4090, 100 %, 18888 MiB, 218.90 W, 45, 2760 MHz, 10251 MHz
2026/08/11 15:12:47.361, 0, NVIDIA GeForce RTX 4090, 100 %, 18888 MiB, 212.26 W, 45, 2760 MHz, 10251 MHz
2026/08/11 15:12:52.361, 0, NVIDIA GeForce RTX 4090, 100 %, 18888 MiB, 207.24 W, 45, 2760 MHz, 10251 MHz
2026/08/11 15:12:57.362, 0, NVIDIA GeForce RTX 4090, 100 %, 18888 MiB, 202.56 W, 45, 2760 MHz, 10251 MHz
2026/08/11 15:13:02.363, 0, NVIDIA GeForce RTX 4090, 100 %, 18888 MiB, 198.02 W, 45, 2760 MHz, 10251 MHz
2026/08/11 15:13:07.363, 0, NVIDIA GeForce RTX 4090, 100 %, 18888 MiB, 194.86 W, 45, 2760 MHz, 10251 MHz
2026/08/11 15:13:12.364, 0, NVIDIA GeForce RTX 4090, 100 %, 18888 MiB, 192.12 W, 45, 2760 MHz, 10251 MHz
2026/08/11 15:13:17.364, 0, NVIDIA GeForce RTX 4090, 100 %, 18888 MiB, 188.59 W, 45, 2760 MHz, 10251 MHz
2026/08/11 15:13:22.365, 0, NVIDIA GeForce RTX 4090, 100 %, 18888 MiB, 185.57 W, 45, 2760 MHz, 10251 MHz
2026/08/11 15:13:27.366, 0, NVIDIA GeForce RTX 4090, 100 %, 18888 MiB, 183.72 W, 45, 2760 MHz, 10251 MHz
2026/08/11 15:13:32.367, 0, NVIDIA GeForce RTX 4090, 100 %, 18888 MiB, 181.48 W, 45, 2760 MHz, 10251 MHz
2026/08/11 15:13:37.368, 0, NVIDIA GeForce RTX 4090, 100 %, 18888 MiB, 179.07 W, 45, 2760 MHz, 10251 MHz
2026/08/11 15:13:42.368, 0, NVIDIA GeForce RTX 4090, 100 %, 18888 MiB, 177.11 W, 45, 2760 MHz, 10251 MHz
2026/08/11 15:13:47.369, 0, NVIDIA GeForce RTX 4090, 100 %, 18888 MiB, 175.50 W, 45, 2760 MHz, 10251 MHz
2026/08/11 15:13:52.369, 0, NVIDIA GeForce RTX 4090, 100 %, 18888 MiB, 173.61 W, 45, 2760 MHz, 10251 MHz
2026/08/11 15:13:57.370, 0, NVIDIA GeForce RTX 4090, 100 %, 18888 MiB, 172.08 W, 45, 2760 MHz, 10251 MHz
2026/08/11 15:14:02.371, 0, NVIDIA GeForce RTX 4090, 100 %, 18888 MiB, 170.42 W, 45, 2760 MHz, 10251 MHz
2026/08/11 15:14:07.371, 0, NVIDIA GeForce RTX 4090, 100 %, 18888 MiB, 168.85 W, 45, 2760 MHz, 10251 MHz
2026/08/11 15:14:12.372, 0, NVIDIA GeForce RTX 4090, 100 %, 18888 MiB, 167.79 W, 44, 2760 MHz, 10251 MHz
2026/08/11 15:14:17.372, 0, NVIDIA GeForce RTX 4090, 100 %, 18888 MiB, 166.14 W, 45, 2760 MHz, 10251 MHz
2026/08/11 15:14:22.373, 0, NVIDIA GeForce RTX 4090, 100 %, 18888 MiB, 165.62 W, 44, 2760 MHz, 10251 MHz
2026/08/11 15:14:27.374, 0, NVIDIA GeForce RTX 4090, 100 %, 18888 MiB, 164.08 W, 44, 2760 MHz, 10251 MHz
2026/08/11 15:14:32.374, 0, NVIDIA GeForce RTX 4090, 100 %, 18888 MiB, 163.59 W, 44, 2760 MHz, 10251 MHz
2026/08/11 15:14:37.375, 0, NVIDIA GeForce RTX 4090, 100 %, 18888 MiB, 162.16 W, 44, 2760 MHz, 10251 MHz
2026/08/11 15:14:42.375, 0, NVIDIA GeForce RTX 4090, 100 %, 18888 MiB, 161.45 W, 44, 2760 MHz, 10251 MHz
2026/08/11 15:14:47.376, 0, NVIDIA GeForce RTX 4090, 100 %, 18888 MiB, 160.58 W, 44, 2760 MHz, 10251 MHz
2026/08/11 15:14:52.376, 0, NVIDIA GeForce RTX 4090, 100 %, 18888 MiB, 159.44 W, 44, 2760 MHz, 10251 MHz
2026/08/11 15:14:57.377, 0, NVIDIA GeForce RTX 4090, 100 %, 18888 MiB, 158.70 W, 44, 2760 MHz, 10251 MHz
2026/08/11 15:15:02.378, 0, NVIDIA GeForce RTX 4090, 100 %, 18888 MiB, 158.09 W, 44, 2760 MHz, 10251 MHz
2026/08/11 15:15:07.378, 0, NVIDIA GeForce RTX 4090, 100 %, 18888 MiB, 157.05 W, 44, 2760 MHz, 10251 MHz
2026/08/11 15:15:12.379, 0, NVIDIA GeForce RTX 4090, 100 %, 18888 MiB, 156.22 W, 44, 2760 MHz, 10251 MHz
2026/08/11 15:15:17.379, 0, NVIDIA GeForce RTX 4090, 100 %, 18888 MiB, 155.03 W, 43, 2760 MHz, 10251 MHz
2026/08/11 15:15:22.380, 0, NVIDIA GeForce RTX 4090, 100 %, 18888 MiB, 154.85 W, 43, 2760 MHz, 10251 MHz
2026/08/11 15:15:27.380, 0, NVIDIA GeForce RTX 4090, 100 %, 18888 MiB, 154.16 W, 43, 2760 MHz, 10251 MHz
2026/08/11 15:15:32.381, 0, NVIDIA GeForce RTX 4090, 100 %, 18888 MiB, 153.25 W, 43, 2760 MHz, 10251 MHz
2026/08/11 15:15:37.381, 0, NVIDIA GeForce RTX 4090, 100 %, 18888 MiB, 152.78 W, 43, 2760 MHz, 10251 MHz
2026/08/11 15:15:42.382, 0, NVIDIA GeForce RTX 4090, 100 %, 18888 MiB, 152.07 W, 43, 2760 MHz, 10251 MHz
2026/08/11 15:15:47.382, 0, NVIDIA GeForce RTX 4090, 100 %, 18888 MiB, 151.40 W, 43, 2760 MHz, 10251 MHz
2026/08/11 15:15:52.383, 0, NVIDIA GeForce RTX 4090, 100 %, 18888 MiB, 151.07 W, 43, 2760 MHz, 10251 MHz
2026/08/11 15:15:57.383, 0, NVIDIA GeForce RTX 4090, 100 %, 18888 MiB, 150.55 W, 43, 2760 MHz, 10251 MHz
2026/08/11 15:16:02.384, 0, NVIDIA GeForce RTX 4090, 100 %, 18888 MiB, 150.02 W, 43, 2760 MHz, 10251 MHz
2026/08/11 15:16:07.385, 0, NVIDIA GeForce RTX 4090, 100 %, 18888 MiB, 149.83 W, 43, 2760 MHz, 10251 MHz
2026/08/11 15:16:12.387, 0, NVIDIA GeForce RTX 4090, 100 %, 18888 MiB, 149.24 W, 43, 2760 MHz, 10251 MHz
2026/08/11 15:16:17.387, 0, NVIDIA GeForce RTX 4090, 100 %, 18888 MiB, 148.45 W, 43, 2760 MHz, 10251 MHz
2026/08/11 15:16:22.388, 0, NVIDIA GeForce RTX 4090, 100 %, 18888 MiB, 147.99 W, 43, 2760 MHz, 10251 MHz
2026/08/11 15:16:27.388, 0, NVIDIA GeForce RTX 4090, 100 %, 18888 MiB, 147.27 W, 43, 2760 MHz, 10251 MHz
2026/08/11 15:16:32.389, 0, NVIDIA GeForce RTX 4090, 100 %, 18888 MiB, 146.91 W, 42, 2760 MHz, 10251 MHz
2026/08/11 15:16:37.389, 0, NVIDIA GeForce RTX 4090, 100 %, 18888 MiB, 146.00 W, 43, 2760 MHz, 10251 MHz
2026/08/11 15:16:42.390, 0, NVIDIA GeForce RTX 4090, 100 %, 18888 MiB, 145.40 W, 42, 2760 MHz, 10251 MHz
2026/08/11 15:16:47.391, 0, NVIDIA GeForce RTX 4090, 100 %, 18888 MiB, 145.04 W, 42, 2760 MHz, 10251 MHz
2026/08/11 15:16:52.391, 0, NVIDIA GeForce RTX 4090, 100 %, 18888 MiB, 145.18 W, 42, 2760 MHz, 10251 MHz
2026/08/11 15:16:57.392, 0, NVIDIA GeForce RTX 4090, 100 %, 18888 MiB, 144.31 W, 42, 2760 MHz, 10251 MHz
2026/08/11 15:17:02.392, 0, NVIDIA GeForce RTX 4090, 100 %, 18888 MiB, 144.17 W, 42, 2760 MHz, 10251 MHz
2026/08/11 15:17:07.393, 0, NVIDIA GeForce RTX 4090, 100 %, 18888 MiB, 143.48 W, 42, 2760 MHz, 10251 MHz
2026/08/11 15:17:12.394, 0, NVIDIA GeForce RTX 4090, 100 %, 18888 MiB, 143.40 W, 42, 2760 MHz, 10251 MHz
2026/08/11 15:17:17.394, 0, NVIDIA GeForce RTX 4090, 100 %, 18888 MiB, 143.24 W, 42, 2760 MHz, 10251 MHz
2026/08/11 15:17:22.395, 0, NVIDIA GeForce RTX 4090, 100 %, 18888 MiB, 142.73 W, 42, 2760 MHz, 10251 MHz
2026/08/11 15:17:27.395, 0, NVIDIA GeForce RTX 4090, 100 %, 18888 MiB, 142.23 W, 42, 2760 MHz, 10251 MHz
2026/08/11 15:17:32.396, 0, NVIDIA GeForce RTX 4090, 100 %, 18888 MiB, 141.61 W, 42, 2760 MHz, 10251 MHz
2026/08/11 15:17:37.396, 0, NVIDIA GeForce RTX 4090, 100 %, 18888 MiB, 141.55 W, 42, 2760 MHz, 10251 MHz
2026/08/11 15:17:42.397, 0, NVIDIA GeForce RTX 4090, 100 %, 18888 MiB, 140.80 W, 41, 2760 MHz, 10251 MHz
2026/08/11 15:17:47.397, 0, NVIDIA GeForce RTX 4090, 100 %, 18888 MiB, 140.65 W, 42, 2760 MHz, 10251 MHz
2026/08/11 15:17:52.398, 0, NVIDIA GeForce RTX 4090, 100 %, 18888 MiB, 140.25 W, 41, 2760 MHz, 10251 MHz
2026/08/11 15:17:57.399, 0, NVIDIA GeForce RTX 4090, 100 %, 18888 MiB, 140.43 W, 42, 2760 MHz, 10251 MHz
2026/08/11 15:18:02.399, 0, NVIDIA GeForce RTX 4090, 100 %, 18888 MiB, 140.13 W, 41, 2760 MHz, 10251 MHz
2026/08/11 15:18:07.400, 0, NVIDIA GeForce RTX 4090, 100 %, 18888 MiB, 139.67 W, 42, 2760 MHz, 10251 MHz
2026/08/11 15:18:12.400, 0, NVIDIA GeForce RTX 4090, 100 %, 18888 MiB, 139.14 W, 42, 2760 MHz, 10251 MHz
2026/08/11 15:18:17.401, 0, NVIDIA GeForce RTX 4090, 100 %, 18888 MiB, 139.37 W, 41, 2760 MHz, 10251 MHz
2026/08/11 15:18:22.402, 0, NVIDIA GeForce RTX 4090, 100 %, 18888 MiB, 139.23 W, 42, 2760 MHz, 10251 MHz
2026/08/11 15:18:27.402, 0, NVIDIA GeForce RTX 4090, 100 %, 18888 MiB, 138.62 W, 41, 2760 MHz, 10251 MHz
2026/08/11 15:18:32.403, 0, NVIDIA GeForce RTX 4090, 100 %, 18888 MiB, 138.21 W, 41, 2760 MHz, 10251 MHz
2026/08/11 15:18:38.223, 0, NVIDIA GeForce RTX 4090, 100 %, 18888 MiB, 137.62 W, 41, 2760 MHz, 10251 MHz
2026/08/11 15:18:43.223, 0, NVIDIA GeForce RTX 4090, 100 %, 18888 MiB, 137.70 W, 41, 2760 MHz, 10251 MHz
2026/08/11 15:18:48.225, 0, NVIDIA GeForce RTX 4090, 100 %, 18888 MiB, 137.74 W, 41, 2760 MHz, 10251 MHz
2026/08/11 15:18:53.225, 0, NVIDIA GeForce RTX 4090, 100 %, 18888 MiB, 136.89 W, 41, 2760 MHz, 10251 MHz
2026/08/11 15:18:58.226, 0, NVIDIA GeForce RTX 4090, 100 %, 18888 MiB, 137.07 W, 41, 2760 MHz, 10251 MHz
2026/08/11 15:19:03.226, 0, NVIDIA GeForce RTX 4090, 100 %, 18888 MiB, 137.06 W, 41, 2760 MHz, 10251 MHz
2026/08/11 15:19:08.227, 0, NVIDIA GeForce RTX 4090, 100 %, 18888 MiB, 136.38 W, 41, 2760 MHz, 10251 MHz
2026/08/11 15:19:13.227, 0, NVIDIA GeForce RTX 4090, 100 %, 18888 MiB, 136.30 W, 41, 2760 MHz, 10251 MHz
2026/08/11 15:19:18.228, 0, NVIDIA GeForce RTX 4090, 100 %, 18888 MiB, 136.39 W, 41, 2760 MHz, 10251 MHz
2026/08/11 15:19:23.228, 0, NVIDIA GeForce RTX 4090, 100 %, 18888 MiB, 136.01 W, 41, 2760 MHz, 10251 MHz
2026/08/11 15:19:28.229, 0, NVIDIA GeForce RTX 4090, 100 %, 18888 MiB, 135.84 W, 41, 2760 MHz, 10251 MHz
2026/08/11 15:19:33.230, 0, NVIDIA GeForce RTX 4090, 100 %, 18888 MiB, 135.45 W, 41, 2760 MHz, 10251 MHz
2026/08/11 15:19:38.230, 0, NVIDIA GeForce RTX 4090, 100 %, 18888 MiB, 135.35 W, 41, 2760 MHz, 10251 MHz
2026/08/11 15:19:43.231, 0, NVIDIA GeForce RTX 4090, 100 %, 18888 MiB, 134.98 W, 41, 2760 MHz, 10251 MHz
2026/08/11 15:19:48.231, 0, NVIDIA GeForce RTX 4090, 100 %, 18888 MiB, 134.97 W, 41, 2760 MHz, 10251 MHz
2026/08/11 15:19:53.232, 0, NVIDIA GeForce RTX 4090, 100 %, 18888 MiB, 134.85 W, 41, 2760 MHz, 10251 MHz
2026/08/11 15:19:58.232, 0, NVIDIA GeForce RTX 4090, 100 %, 18888 MiB, 134.65 W, 41, 2760 MHz, 10251 MHz
2026/08/11 15:20:03.233, 0, NVIDIA GeForce RTX 4090, 100 %, 18888 MiB, 134.53 W, 41, 2760 MHz, 10251 MHz
2026/08/11 15:20:08.233, 0, NVIDIA GeForce RTX 4090, 100 %, 18888 MiB, 134.26 W, 41, 2760 MHz, 10251 MHz
2026/08/11 15:20:13.234, 0, NVIDIA GeForce RTX 4090, 100 %, 18888 MiB, 133.95 W, 41, 2760 MHz, 10251 MHz
2026/08/11 15:20:18.234, 0, NVIDIA GeForce RTX 4090, 100 %, 18888 MiB, 133.78 W, 41, 2760 MHz, 10251 MHz
2026/08/11 15:20:23.235, 0, NVIDIA GeForce RTX 4090, 100 %, 18888 MiB, 133.72 W, 41, 2760 MHz, 10251 MHz
2026/08/11 15:20:28.235, 0, NVIDIA GeForce RTX 4090, 100 %, 18888 MiB, 133.60 W, 41, 2760 MHz, 10251 MHz
2026/08/11 15:20:33.236, 0, NVIDIA GeForce RTX 4090, 100 %, 18888 MiB, 133.36 W, 41, 2760 MHz, 10251 MHz
2026/08/11 15:20:38.237, 0, NVIDIA GeForce RTX 4090, 100 %, 18888 MiB, 132.76 W, 41, 2760 MHz, 10251 MHz
2026/08/11 15:20:43.237, 0, NVIDIA GeForce RTX 4090, 100 %, 18888 MiB, 132.66 W, 41, 2760 MHz, 10251 MHz
2026/08/11 15:20:48.238, 0, NVIDIA GeForce RTX 4090, 100 %, 18888 MiB, 132.82 W, 41, 2760 MHz, 10251 MHz
2026/08/11 15:20:53.238, 0, NVIDIA GeForce RTX 4090, 100 %, 18888 MiB, 132.69 W, 41, 2760 MHz, 10251 MHz
2026/08/11 15:20:58.239, 0, NVIDIA GeForce RTX 4090, 100 %, 18888 MiB, 132.43 W, 40, 2760 MHz, 10251 MHz
2026/08/11 15:21:03.239, 0, NVIDIA GeForce RTX 4090, 100 %, 18888 MiB, 132.59 W, 41, 2760 MHz, 10251 MHz
2026/08/11 15:21:08.240, 0, NVIDIA GeForce RTX 4090, 100 %, 18888 MiB, 132.52 W, 41, 2760 MHz, 10251 MHz
2026/08/11 15:21:13.240, 0, NVIDIA GeForce RTX 4090, 100 %, 18888 MiB, 132.07 W, 41, 2760 MHz, 10251 MHz
2026/08/11 15:21:18.241, 0, NVIDIA GeForce RTX 4090, 100 %, 18888 MiB, 131.20 W, 41, 2760 MHz, 10251 MHz
2026/08/11 15:21:23.241, 0, NVIDIA GeForce RTX 4090, 100 %, 18888 MiB, 131.51 W, 41, 2760 MHz, 10251 MHz
2026/08/11 15:21:28.242, 0, NVIDIA GeForce RTX 4090, 100 %, 18888 MiB, 131.24 W, 40, 2760 MHz, 10251 MHz
2026/08/11 15:21:33.243, 0, NVIDIA GeForce RTX 4090, 100 %, 18888 MiB, 131.85 W, 41, 2760 MHz, 10251 MHz
2026/08/11 15:21:38.243, 0, NVIDIA GeForce RTX 4090, 100 %, 18888 MiB, 131.63 W, 40, 2760 MHz, 10251 MHz
2026/08/11 15:21:43.244, 0, NVIDIA GeForce RTX 4090, 100 %, 18888 MiB, 131.32 W, 40, 2760 MHz, 10251 MHz
2026/08/11 15:21:48.244, 0, NVIDIA GeForce RTX 4090, 100 %, 18888 MiB, 130.85 W, 41, 2760 MHz, 10251 MHz
2026/08/11 15:21:53.245, 0, NVIDIA GeForce RTX 4090, 100 %, 18888 MiB, 130.73 W, 40, 2760 MHz, 10251 MHz
2026/08/11 15:21:58.245, 0, NVIDIA GeForce RTX 4090, 100 %, 18888 MiB, 130.71 W, 40, 2760 MHz, 10251 MHz
2026/08/11 15:22:03.246, 0, NVIDIA GeForce RTX 4090, 100 %, 18888 MiB, 130.65 W, 40, 2760 MHz, 10251 MHz
2026/08/11 15:22:08.247, 0, NVIDIA GeForce RTX 4090, 100 %, 18888 MiB, 131.34 W, 41, 2760 MHz, 10251 MHz
2026/08/11 15:22:13.247, 0, NVIDIA GeForce RTX 4090, 100 %, 18888 MiB, 130.43 W, 40, 2760 MHz, 10251 MHz
2026/08/11 15:22:18.248, 0, NVIDIA GeForce RTX 4090, 100 %, 18888 MiB, 130.59 W, 41, 2760 MHz, 10251 MHz
2026/08/11 15:22:23.248, 0, NVIDIA GeForce RTX 4090, 100 %, 18888 MiB, 130.41 W, 40, 2760 MHz, 10251 MHz
2026/08/11 15:22:28.249, 0, NVIDIA GeForce RTX 4090, 100 %, 18888 MiB, 130.21 W, 41, 2760 MHz, 10251 MHz
2026/08/11 15:22:33.249, 0, NVIDIA GeForce RTX 4090, 100 %, 18888 MiB, 130.37 W, 40, 2760 MHz, 10251 MHz
2026/08/11 15:22:38.250, 0, NVIDIA GeForce RTX 4090, 100 %, 18888 MiB, 129.81 W, 40, 2760 MHz, 10251 MHz
2026/08/11 15:22:43.250, 0, NVIDIA GeForce RTX 4090, 100 %, 18888 MiB, 129.65 W, 40, 2760 MHz, 10251 MHz
2026/08/11 15:22:48.251, 0, NVIDIA GeForce RTX 4090, 100 %, 18888 MiB, 129.65 W, 40, 2760 MHz, 10251 MHz
2026/08/11 15:22:53.251, 0, NVIDIA GeForce RTX 4090, 100 %, 18888 MiB, 129.04 W, 40, 2760 MHz, 10251 MHz
2026/08/11 15:22:58.252, 0, NVIDIA GeForce RTX 4090, 100 %, 18888 MiB, 128.84 W, 40, 2760 MHz, 10251 MHz
2026/08/11 15:23:03.253, 0, NVIDIA GeForce RTX 4090, 100 %, 18888 MiB, 129.25 W, 40, 2760 MHz, 10251 MHz
2026/08/11 15:23:08.253, 0, NVIDIA GeForce RTX 4090, 100 %, 18888 MiB, 129.02 W, 40, 2760 MHz, 10251 MHz
2026/08/11 15:23:13.254, 0, NVIDIA GeForce RTX 4090, 100 %, 18888 MiB, 128.49 W, 40, 2760 MHz, 10251 MHz
2026/08/11 15:23:18.255, 0, NVIDIA GeForce RTX 4090, 100 %, 18888 MiB, 128.84 W, 40, 2760 MHz, 10251 MHz
2026/08/11 15:23:23.255, 0, NVIDIA GeForce RTX 4090, 100 %, 18888 MiB, 129.04 W, 40, 2760 MHz, 10251 MHz
2026/08/11 15:23:28.256, 0, NVIDIA GeForce RTX 4090, 100 %, 18888 MiB, 128.67 W, 40, 2760 MHz, 10251 MHz
2026/08/11 15:23:33.256, 0, NVIDIA GeForce RTX 4090, 100 %, 18888 MiB, 127.95 W, 40, 2760 MHz, 10251 MHz
2026/08/11 15:23:38.257, 0, NVIDIA GeForce RTX 4090, 100 %, 18888 MiB, 128.28 W, 40, 2760 MHz, 10251 MHz
2026/08/11 15:23:43.257, 0, NVIDIA GeForce RTX 4090, 100 %, 18888 MiB, 128.45 W, 40, 2760 MHz, 10251 MHz
2026/08/11 15:23:48.258, 0, NVIDIA GeForce RTX 4090, 100 %, 18888 MiB, 128.22 W, 40, 2760 MHz, 10251 MHz
2026/08/11 15:23:53.259, 0, NVIDIA GeForce RTX 4090, 0 %, 260 MiB, 76.44 W, 38, 2760 MHz, 10501 MHz
2026/08/11 15:23:58.259, 0, NVIDIA GeForce RTX 4090, 0 %, 2444 MiB, 61.17 W, 36, 2520 MHz, 10251 MHz
2026/08/11 15:24:03.260, 0, NVIDIA GeForce RTX 4090, 2 %, 3884 MiB, 61.01 W, 36, 2520 MHz, 10251 MHz
2026/08/11 15:24:08.260, 0, NVIDIA GeForce RTX 4090, 0 %, 5100 MiB, 60.85 W, 35, 2520 MHz, 10251 MHz
2026/08/11 15:24:13.261, 0, NVIDIA GeForce RTX 4090, 2 %, 6220 MiB, 60.75 W, 35, 2520 MHz, 10251 MHz
2026/08/11 15:24:18.261, 0, NVIDIA GeForce RTX 4090, 0 %, 7372 MiB, 60.59 W, 35, 2520 MHz, 10251 MHz
2026/08/11 15:24:23.262, 0, NVIDIA GeForce RTX 4090, 3 %, 8492 MiB, 60.46 W, 35, 2520 MHz, 10251 MHz
2026/08/11 15:24:28.262, 0, NVIDIA GeForce RTX 4090, 0 %, 9644 MiB, 60.57 W, 34, 2520 MHz, 10251 MHz
2026/08/11 15:24:33.263, 0, NVIDIA GeForce RTX 4090, 0 %, 10764 MiB, 60.22 W, 34, 2520 MHz, 10251 MHz
2026/08/11 15:24:38.263, 0, NVIDIA GeForce RTX 4090, 2 %, 11852 MiB, 60.24 W, 34, 2520 MHz, 10251 MHz
2026/08/11 15:24:43.264, 0, NVIDIA GeForce RTX 4090, 0 %, 13036 MiB, 60.07 W, 34, 2520 MHz, 10251 MHz
2026/08/11 15:24:48.265, 0, NVIDIA GeForce RTX 4090, 0 %, 14124 MiB, 59.90 W, 33, 2520 MHz, 10251 MHz
2026/08/11 15:24:53.265, 0, NVIDIA GeForce RTX 4090, 2 %, 15244 MiB, 60.21 W, 33, 2520 MHz, 10251 MHz
2026/08/11 15:24:58.266, 0, NVIDIA GeForce RTX 4090, 0 %, 16396 MiB, 59.72 W, 33, 2520 MHz, 10251 MHz
2026/08/11 15:25:03.266, 0, NVIDIA GeForce RTX 4090, 0 %, 17516 MiB, 60.14 W, 33, 2520 MHz, 10251 MHz
2026/08/11 15:25:08.267, 0, NVIDIA GeForce RTX 4090, 0 %, 18796 MiB, 60.17 W, 33, 2520 MHz, 10251 MHz
2026/08/11 15:25:13.268, 0, NVIDIA GeForce RTX 4090, 100 %, 19916 MiB, 248.39 W, 40, 2760 MHz, 10251 MHz
2026/08/11 15:25:18.268, 0, NVIDIA GeForce RTX 4090, 100 %, 19916 MiB, 236.71 W, 42, 2760 MHz, 10251 MHz
2026/08/11 15:25:23.269, 0, NVIDIA GeForce RTX 4090, 100 %, 19916 MiB, 226.82 W, 42, 2760 MHz, 10251 MHz
2026/08/11 15:25:28.269, 0, NVIDIA GeForce RTX 4090, 0 %, 19940 MiB, 204.12 W, 40, 2760 MHz, 10251 MHz
2026/08/11 15:25:33.270, 0, NVIDIA GeForce RTX 4090, 100 %, 19940 MiB, 244.31 W, 44, 2760 MHz, 10251 MHz
2026/08/11 15:25:38.270, 0, NVIDIA GeForce RTX 4090, 100 %, 19940 MiB, 233.10 W, 44, 2760 MHz, 10251 MHz
2026/08/11 15:25:43.271, 0, NVIDIA GeForce RTX 4090, 100 %, 19940 MiB, 224.18 W, 45, 2760 MHz, 10251 MHz
2026/08/11 15:25:48.272, 0, NVIDIA GeForce RTX 4090, 100 %, 19940 MiB, 217.05 W, 45, 2760 MHz, 10251 MHz
2026/08/11 15:25:53.272, 0, NVIDIA GeForce RTX 4090, 100 %, 19940 MiB, 210.65 W, 45, 2760 MHz, 10251 MHz
2026/08/11 15:25:58.273, 0, NVIDIA GeForce RTX 4090, 100 %, 20068 MiB, 249.16 W, 47, 2760 MHz, 10251 MHz
2026/08/11 15:26:03.273, 0, NVIDIA GeForce RTX 4090, 100 %, 20068 MiB, 237.45 W, 47, 2760 MHz, 10251 MHz
2026/08/11 15:26:08.274, 0, NVIDIA GeForce RTX 4090, 100 %, 20068 MiB, 228.38 W, 47, 2760 MHz, 10251 MHz
2026/08/11 15:26:13.275, 0, NVIDIA GeForce RTX 4090, 100 %, 20068 MiB, 220.54 W, 47, 2760 MHz, 10251 MHz
2026/08/11 15:26:18.275, 0, NVIDIA GeForce RTX 4090, 100 %, 20068 MiB, 214.19 W, 47, 2760 MHz, 10251 MHz
2026/08/11 15:26:23.276, 0, NVIDIA GeForce RTX 4090, 100 %, 20068 MiB, 209.07 W, 47, 2760 MHz, 10251 MHz
2026/08/11 15:26:28.277, 0, NVIDIA GeForce RTX 4090, 100 %, 20068 MiB, 203.96 W, 47, 2760 MHz, 10251 MHz
2026/08/11 15:26:33.277, 0, NVIDIA GeForce RTX 4090, 0 %, 20068 MiB, 104.21 W, 42, 2760 MHz, 10251 MHz
2026/08/11 15:26:38.278, 0, NVIDIA GeForce RTX 4090, 100 %, 20068 MiB, 246.57 W, 48, 2760 MHz, 10251 MHz
2026/08/11 15:26:43.278, 0, NVIDIA GeForce RTX 4090, 100 %, 20068 MiB, 235.64 W, 48, 2760 MHz, 10251 MHz
2026/08/11 15:26:48.279, 0, NVIDIA GeForce RTX 4090, 100 %, 20068 MiB, 226.68 W, 48, 2760 MHz, 10251 MHz
2026/08/11 15:26:53.279, 0, NVIDIA GeForce RTX 4090, 100 %, 20068 MiB, 219.78 W, 48, 2760 MHz, 10251 MHz
2026/08/11 15:26:58.280, 0, NVIDIA GeForce RTX 4090, 100 %, 20068 MiB, 213.68 W, 48, 2760 MHz, 10251 MHz
2026/08/11 15:27:03.280, 0, NVIDIA GeForce RTX 4090, 100 %, 20068 MiB, 208.55 W, 48, 2760 MHz, 10251 MHz
2026/08/11 15:27:08.281, 0, NVIDIA GeForce RTX 4090, 100 %, 20068 MiB, 203.66 W, 48, 2760 MHz, 10251 MHz
2026/08/11 15:27:13.282, 0, NVIDIA GeForce RTX 4090, 100 %, 20068 MiB, 199.67 W, 48, 2760 MHz, 10251 MHz
2026/08/11 15:27:18.282, 0, NVIDIA GeForce RTX 4090, 100 %, 20068 MiB, 195.71 W, 48, 2760 MHz, 10251 MHz
2026/08/11 15:27:23.282, 0, NVIDIA GeForce RTX 4090, 100 %, 20068 MiB, 192.33 W, 47, 2760 MHz, 10251 MHz
2026/08/11 15:27:28.283, 0, NVIDIA GeForce RTX 4090, 100 %, 20068 MiB, 189.04 W, 47, 2760 MHz, 10251 MHz
2026/08/11 15:27:33.284, 0, NVIDIA GeForce RTX 4090, 100 %, 20068 MiB, 186.28 W, 47, 2760 MHz, 10251 MHz
2026/08/11 15:27:38.284, 0, NVIDIA GeForce RTX 4090, 100 %, 20068 MiB, 183.94 W, 47, 2760 MHz, 10251 MHz
2026/08/11 15:27:43.285, 0, NVIDIA GeForce RTX 4090, 100 %, 20068 MiB, 182.11 W, 47, 2760 MHz, 10251 MHz
2026/08/11 15:27:48.285, 0, NVIDIA GeForce RTX 4090, 100 %, 20068 MiB, 179.81 W, 47, 2760 MHz, 10251 MHz
2026/08/11 15:27:53.286, 0, NVIDIA GeForce RTX 4090, 100 %, 20068 MiB, 177.98 W, 46, 2760 MHz, 10251 MHz
2026/08/11 15:27:58.286, 0, NVIDIA GeForce RTX 4090, 100 %, 20068 MiB, 175.50 W, 46, 2760 MHz, 10251 MHz
2026/08/11 15:28:03.287, 0, NVIDIA GeForce RTX 4090, 0 %, 22340 MiB, 62.03 W, 41, 2520 MHz, 10251 MHz
2026/08/11 15:28:08.287, 0, NVIDIA GeForce RTX 4090, 100 %, 20324 MiB, 252.09 W, 48, 2760 MHz, 10251 MHz
2026/08/11 15:28:13.288, 0, NVIDIA GeForce RTX 4090, 100 %, 20324 MiB, 240.01 W, 48, 2760 MHz, 10251 MHz
2026/08/11 15:28:18.289, 0, NVIDIA GeForce RTX 4090, 100 %, 20324 MiB, 230.63 W, 48, 2760 MHz, 10251 MHz
2026/08/11 15:28:23.289, 0, NVIDIA GeForce RTX 4090, 100 %, 20324 MiB, 222.52 W, 48, 2760 MHz, 10251 MHz
2026/08/11 15:28:28.290, 0, NVIDIA GeForce RTX 4090, 100 %, 20324 MiB, 215.71 W, 48, 2760 MHz, 10251 MHz
2026/08/11 15:28:33.290, 0, NVIDIA GeForce RTX 4090, 100 %, 20324 MiB, 210.34 W, 48, 2760 MHz, 10251 MHz
2026/08/11 15:28:38.291, 0, NVIDIA GeForce RTX 4090, 100 %, 20324 MiB, 205.29 W, 48, 2760 MHz, 10251 MHz
2026/08/11 15:28:43.291, 0, NVIDIA GeForce RTX 4090, 100 %, 20324 MiB, 201.51 W, 48, 2760 MHz, 10251 MHz
2026/08/11 15:28:48.292, 0, NVIDIA GeForce RTX 4090, 100 %, 20324 MiB, 197.33 W, 48, 2760 MHz, 10251 MHz
2026/08/11 15:28:53.293, 0, NVIDIA GeForce RTX 4090, 100 %, 20324 MiB, 193.98 W, 47, 2760 MHz, 10251 MHz
2026/08/11 15:28:58.293, 0, NVIDIA GeForce RTX 4090, 100 %, 20324 MiB, 191.24 W, 47, 2760 MHz, 10251 MHz
2026/08/11 15:29:03.294, 0, NVIDIA GeForce RTX 4090, 100 %, 20324 MiB, 187.79 W, 47, 2760 MHz, 10251 MHz
2026/08/11 15:29:08.294, 0, NVIDIA GeForce RTX 4090, 100 %, 20324 MiB, 185.56 W, 47, 2760 MHz, 10251 MHz
2026/08/11 15:29:13.295, 0, NVIDIA GeForce RTX 4090, 100 %, 20324 MiB, 183.01 W, 47, 2760 MHz, 10251 MHz
2026/08/11 15:29:18.296, 0, NVIDIA GeForce RTX 4090, 100 %, 20324 MiB, 181.07 W, 46, 2760 MHz, 10251 MHz
2026/08/11 15:29:23.296, 0, NVIDIA GeForce RTX 4090, 100 %, 20324 MiB, 179.14 W, 46, 2760 MHz, 10251 MHz
2026/08/11 15:29:28.297, 0, NVIDIA GeForce RTX 4090, 100 %, 20324 MiB, 176.93 W, 46, 2760 MHz, 10251 MHz
2026/08/11 15:29:33.297, 0, NVIDIA GeForce RTX 4090, 100 %, 20324 MiB, 175.25 W, 46, 2760 MHz, 10251 MHz
2026/08/11 15:29:38.298, 0, NVIDIA GeForce RTX 4090, 100 %, 20324 MiB, 173.29 W, 46, 2760 MHz, 10251 MHz
2026/08/11 15:29:43.298, 0, NVIDIA GeForce RTX 4090, 100 %, 20324 MiB, 171.61 W, 46, 2760 MHz, 10251 MHz
2026/08/11 15:29:48.299, 0, NVIDIA GeForce RTX 4090, 100 %, 20324 MiB, 169.74 W, 46, 2760 MHz, 10251 MHz
2026/08/11 15:29:53.300, 0, NVIDIA GeForce RTX 4090, 100 %, 20324 MiB, 169.11 W, 46, 2760 MHz, 10251 MHz
2026/08/11 15:29:58.300, 0, NVIDIA GeForce RTX 4090, 100 %, 20324 MiB, 167.59 W, 45, 2760 MHz, 10251 MHz
2026/08/11 15:30:03.301, 0, NVIDIA GeForce RTX 4090, 100 %, 20324 MiB, 166.21 W, 45, 2760 MHz, 10251 MHz
2026/08/11 15:30:08.301, 0, NVIDIA GeForce RTX 4090, 100 %, 20324 MiB, 165.06 W, 45, 2760 MHz, 10251 MHz
2026/08/11 15:30:13.302, 0, NVIDIA GeForce RTX 4090, 100 %, 20324 MiB, 164.08 W, 45, 2760 MHz, 10251 MHz
2026/08/11 15:30:18.303, 0, NVIDIA GeForce RTX 4090, 100 %, 20324 MiB, 162.71 W, 45, 2760 MHz, 10251 MHz
2026/08/11 15:30:23.304, 0, NVIDIA GeForce RTX 4090, 100 %, 20324 MiB, 161.58 W, 45, 2760 MHz, 10251 MHz
2026/08/11 15:30:28.304, 0, NVIDIA GeForce RTX 4090, 100 %, 20324 MiB, 160.72 W, 44, 2760 MHz, 10251 MHz
2026/08/11 15:30:33.305, 0, NVIDIA GeForce RTX 4090, 100 %, 20324 MiB, 159.30 W, 45, 2760 MHz, 10251 MHz
2026/08/11 15:30:38.306, 0, NVIDIA GeForce RTX 4090, 100 %, 20324 MiB, 158.93 W, 44, 2760 MHz, 10251 MHz
2026/08/11 15:30:43.306, 0, NVIDIA GeForce RTX 4090, 100 %, 20324 MiB, 158.26 W, 44, 2760 MHz, 10251 MHz
2026/08/11 15:30:48.307, 0, NVIDIA GeForce RTX 4090, 100 %, 20324 MiB, 157.35 W, 44, 2760 MHz, 10251 MHz
2026/08/11 15:30:53.308, 0, NVIDIA GeForce RTX 4090, 100 %, 20324 MiB, 156.21 W, 44, 2760 MHz, 10251 MHz
2026/08/11 15:30:58.308, 0, NVIDIA GeForce RTX 4090, 100 %, 20324 MiB, 155.15 W, 44, 2760 MHz, 10251 MHz
2026/08/11 15:31:03.309, 0, NVIDIA GeForce RTX 4090, 100 %, 20324 MiB, 154.75 W, 44, 2760 MHz, 10251 MHz
2026/08/11 15:31:08.309, 0, NVIDIA GeForce RTX 4090, 100 %, 20324 MiB, 154.10 W, 44, 2760 MHz, 10251 MHz
2026/08/11 15:31:13.310, 0, NVIDIA GeForce RTX 4090, 100 %, 20324 MiB, 153.16 W, 44, 2760 MHz, 10251 MHz
2026/08/11 15:31:18.311, 0, NVIDIA GeForce RTX 4090, 100 %, 20324 MiB, 152.57 W, 43, 2760 MHz, 10251 MHz
2026/08/11 15:31:23.311, 0, NVIDIA GeForce RTX 4090, 100 %, 20324 MiB, 151.58 W, 44, 2760 MHz, 10251 MHz
2026/08/11 15:31:28.312, 0, NVIDIA GeForce RTX 4090, 100 %, 20324 MiB, 151.16 W, 43, 2760 MHz, 10251 MHz
2026/08/11 15:31:33.313, 0, NVIDIA GeForce RTX 4090, 100 %, 20324 MiB, 150.67 W, 43, 2760 MHz, 10251 MHz
2026/08/11 15:31:38.313, 0, NVIDIA GeForce RTX 4090, 100 %, 20324 MiB, 149.86 W, 43, 2760 MHz, 10251 MHz
2026/08/11 15:31:43.314, 0, NVIDIA GeForce RTX 4090, 100 %, 20324 MiB, 149.17 W, 43, 2760 MHz, 10251 MHz
2026/08/11 15:31:48.315, 0, NVIDIA GeForce RTX 4090, 100 %, 20324 MiB, 148.32 W, 43, 2760 MHz, 10251 MHz
2026/08/11 15:31:53.315, 0, NVIDIA GeForce RTX 4090, 100 %, 20324 MiB, 148.84 W, 43, 2760 MHz, 10251 MHz
2026/08/11 15:31:58.316, 0, NVIDIA GeForce RTX 4090, 0 %, 22596 MiB, 67.31 W, 39, 2520 MHz, 10251 MHz
2026/08/11 15:32:03.317, 0, NVIDIA GeForce RTX 4090, 0 %, 22596 MiB, 60.19 W, 38, 2520 MHz, 10251 MHz
2026/08/11 15:32:08.317, 0, NVIDIA GeForce RTX 4090, 0 %, 22596 MiB, 60.18 W, 38, 2520 MHz, 10251 MHz
2026/08/11 15:32:13.318, 0, NVIDIA GeForce RTX 4090, 0 %, 22596 MiB, 46.28 W, 36, 345 MHz, 405 MHz
2026/08/11 15:32:18.318, 0, NVIDIA GeForce RTX 4090, 0 %, 22596 MiB, 21.17 W, 35, 210 MHz, 405 MHz
2026/08/11 15:32:23.319, 0, NVIDIA GeForce RTX 4090, 100 %, 20868 MiB, 249.92 W, 43, 2760 MHz, 10251 MHz
2026/08/11 15:32:28.319, 0, NVIDIA GeForce RTX 4090, 100 %, 20868 MiB, 238.18 W, 44, 2760 MHz, 10251 MHz
2026/08/11 15:32:33.320, 0, NVIDIA GeForce RTX 4090, 100 %, 20868 MiB, 228.06 W, 45, 2760 MHz, 10251 MHz
2026/08/11 15:32:38.321, 0, NVIDIA GeForce RTX 4090, 100 %, 20868 MiB, 220.65 W, 45, 2760 MHz, 10251 MHz
2026/08/11 15:32:43.321, 0, NVIDIA GeForce RTX 4090, 100 %, 20868 MiB, 214.22 W, 45, 2760 MHz, 10251 MHz
2026/08/11 15:32:48.322, 0, NVIDIA GeForce RTX 4090, 100 %, 20868 MiB, 208.84 W, 45, 2760 MHz, 10251 MHz
2026/08/11 15:32:53.322, 0, NVIDIA GeForce RTX 4090, 100 %, 20868 MiB, 203.99 W, 45, 2760 MHz, 10251 MHz
2026/08/11 15:32:58.323, 0, NVIDIA GeForce RTX 4090, 100 %, 20868 MiB, 199.54 W, 46, 2760 MHz, 10251 MHz
2026/08/11 15:33:03.323, 0, NVIDIA GeForce RTX 4090, 100 %, 20868 MiB, 196.03 W, 46, 2760 MHz, 10251 MHz
2026/08/11 15:33:08.324, 0, NVIDIA GeForce RTX 4090, 100 %, 20868 MiB, 192.63 W, 46, 2760 MHz, 10251 MHz
2026/08/11 15:33:13.325, 0, NVIDIA GeForce RTX 4090, 100 %, 20868 MiB, 189.58 W, 45, 2760 MHz, 10251 MHz
2026/08/11 15:33:18.325, 0, NVIDIA GeForce RTX 4090, 100 %, 20868 MiB, 187.35 W, 46, 2760 MHz, 10251 MHz
2026/08/11 15:33:23.326, 0, NVIDIA GeForce RTX 4090, 100 %, 20868 MiB, 184.52 W, 45, 2760 MHz, 10251 MHz
2026/08/11 15:33:28.327, 0, NVIDIA GeForce RTX 4090, 100 %, 20868 MiB, 182.16 W, 45, 2760 MHz, 10251 MHz
2026/08/11 15:33:33.327, 0, NVIDIA GeForce RTX 4090, 100 %, 20868 MiB, 180.31 W, 45, 2760 MHz, 10251 MHz
2026/08/11 15:33:38.328, 0, NVIDIA GeForce RTX 4090, 100 %, 20868 MiB, 178.19 W, 45, 2760 MHz, 10251 MHz
2026/08/11 15:33:43.328, 0, NVIDIA GeForce RTX 4090, 100 %, 20868 MiB, 176.41 W, 45, 2760 MHz, 10251 MHz
2026/08/11 15:33:48.329, 0, NVIDIA GeForce RTX 4090, 100 %, 20868 MiB, 174.49 W, 45, 2760 MHz, 10251 MHz
2026/08/11 15:33:53.329, 0, NVIDIA GeForce RTX 4090, 100 %, 20868 MiB, 172.74 W, 45, 2760 MHz, 10251 MHz
2026/08/11 15:33:58.330, 0, NVIDIA GeForce RTX 4090, 100 %, 20868 MiB, 171.31 W, 45, 2760 MHz, 10251 MHz
2026/08/11 15:34:03.330, 0, NVIDIA GeForce RTX 4090, 100 %, 20868 MiB, 169.73 W, 45, 2760 MHz, 10251 MHz
2026/08/11 15:34:08.331, 0, NVIDIA GeForce RTX 4090, 100 %, 20868 MiB, 168.34 W, 45, 2760 MHz, 10251 MHz
2026/08/11 15:34:13.331, 0, NVIDIA GeForce RTX 4090, 100 %, 20868 MiB, 167.15 W, 45, 2760 MHz, 10251 MHz
2026/08/11 15:34:18.332, 0, NVIDIA GeForce RTX 4090, 100 %, 20868 MiB, 166.28 W, 45, 2760 MHz, 10251 MHz
2026/08/11 15:34:23.332, 0, NVIDIA GeForce RTX 4090, 100 %, 20868 MiB, 165.04 W, 44, 2760 MHz, 10251 MHz
2026/08/11 15:34:28.333, 0, NVIDIA GeForce RTX 4090, 100 %, 20868 MiB, 163.61 W, 45, 2760 MHz, 10251 MHz
2026/08/11 15:34:33.334, 0, NVIDIA GeForce RTX 4090, 100 %, 20868 MiB, 162.20 W, 44, 2760 MHz, 10251 MHz
2026/08/11 15:34:38.334, 0, NVIDIA GeForce RTX 4090, 100 %, 20868 MiB, 161.12 W, 44, 2760 MHz, 10251 MHz
2026/08/11 15:34:43.335, 0, NVIDIA GeForce RTX 4090, 100 %, 20868 MiB, 160.96 W, 44, 2760 MHz, 10251 MHz
2026/08/11 15:34:48.335, 0, NVIDIA GeForce RTX 4090, 100 %, 20868 MiB, 159.72 W, 44, 2760 MHz, 10251 MHz
2026/08/11 15:34:53.336, 0, NVIDIA GeForce RTX 4090, 100 %, 20868 MiB, 158.63 W, 44, 2760 MHz, 10251 MHz
2026/08/11 15:34:58.337, 0, NVIDIA GeForce RTX 4090, 100 %, 20868 MiB, 157.42 W, 44, 2760 MHz, 10251 MHz
2026/08/11 15:35:03.337, 0, NVIDIA GeForce RTX 4090, 100 %, 20868 MiB, 156.66 W, 44, 2760 MHz, 10251 MHz
2026/08/11 15:35:08.338, 0, NVIDIA GeForce RTX 4090, 100 %, 20868 MiB, 155.94 W, 44, 2760 MHz, 10251 MHz
2026/08/11 15:35:13.338, 0, NVIDIA GeForce RTX 4090, 100 %, 20868 MiB, 154.89 W, 44, 2760 MHz, 10251 MHz
2026/08/11 15:35:18.339, 0, NVIDIA GeForce RTX 4090, 100 %, 20868 MiB, 154.98 W, 43, 2760 MHz, 10251 MHz
2026/08/11 15:35:23.340, 0, NVIDIA GeForce RTX 4090, 100 %, 20868 MiB, 153.95 W, 44, 2760 MHz, 10251 MHz
2026/08/11 15:35:28.340, 0, NVIDIA GeForce RTX 4090, 100 %, 20868 MiB, 153.24 W, 43, 2760 MHz, 10251 MHz
2026/08/11 15:35:33.341, 0, NVIDIA GeForce RTX 4090, 100 %, 20868 MiB, 152.43 W, 44, 2760 MHz, 10251 MHz
2026/08/11 15:35:38.341, 0, NVIDIA GeForce RTX 4090, 100 %, 20868 MiB, 152.25 W, 43, 2760 MHz, 10251 MHz
2026/08/11 15:35:43.342, 0, NVIDIA GeForce RTX 4090, 100 %, 20868 MiB, 151.34 W, 43, 2760 MHz, 10251 MHz
2026/08/11 15:35:48.342, 0, NVIDIA GeForce RTX 4090, 100 %, 20868 MiB, 150.39 W, 43, 2760 MHz, 10251 MHz
2026/08/11 15:35:53.343, 0, NVIDIA GeForce RTX 4090, 100 %, 20868 MiB, 150.04 W, 43, 2760 MHz, 10251 MHz
2026/08/11 15:35:58.344, 0, NVIDIA GeForce RTX 4090, 100 %, 20868 MiB, 149.33 W, 43, 2760 MHz, 10251 MHz
2026/08/11 15:36:03.344, 0, NVIDIA GeForce RTX 4090, 100 %, 20868 MiB, 148.59 W, 43, 2760 MHz, 10251 MHz
2026/08/11 15:36:08.345, 0, NVIDIA GeForce RTX 4090, 100 %, 20868 MiB, 148.46 W, 43, 2760 MHz, 10251 MHz
2026/08/11 15:36:13.345, 0, NVIDIA GeForce RTX 4090, 100 %, 20868 MiB, 148.32 W, 43, 2760 MHz, 10251 MHz
2026/08/11 15:36:18.346, 0, NVIDIA GeForce RTX 4090, 100 %, 20868 MiB, 147.57 W, 43, 2760 MHz, 10251 MHz
2026/08/11 15:36:23.346, 0, NVIDIA GeForce RTX 4090, 100 %, 20868 MiB, 146.93 W, 43, 2760 MHz, 10251 MHz
2026/08/11 15:36:28.347, 0, NVIDIA GeForce RTX 4090, 100 %, 20868 MiB, 146.20 W, 43, 2760 MHz, 10251 MHz
2026/08/11 15:36:33.348, 0, NVIDIA GeForce RTX 4090, 100 %, 20868 MiB, 145.82 W, 42, 2760 MHz, 10251 MHz
2026/08/11 15:36:38.348, 0, NVIDIA GeForce RTX 4090, 100 %, 20868 MiB, 145.52 W, 42, 2760 MHz, 10251 MHz
2026/08/11 15:36:43.349, 0, NVIDIA GeForce RTX 4090, 100 %, 20868 MiB, 145.23 W, 43, 2760 MHz, 10251 MHz
2026/08/11 15:36:48.349, 0, NVIDIA GeForce RTX 4090, 100 %, 20868 MiB, 144.93 W, 43, 2760 MHz, 10251 MHz
2026/08/11 15:36:53.350, 0, NVIDIA GeForce RTX 4090, 100 %, 20868 MiB, 144.12 W, 43, 2760 MHz, 10251 MHz
2026/08/11 15:36:58.350, 0, NVIDIA GeForce RTX 4090, 100 %, 20868 MiB, 143.72 W, 43, 2760 MHz, 10251 MHz
2026/08/11 15:37:03.351, 0, NVIDIA GeForce RTX 4090, 100 %, 20868 MiB, 143.20 W, 42, 2760 MHz, 10251 MHz
2026/08/11 15:37:08.351, 0, NVIDIA GeForce RTX 4090, 100 %, 20868 MiB, 142.99 W, 42, 2760 MHz, 10251 MHz
2026/08/11 15:37:13.352, 0, NVIDIA GeForce RTX 4090, 100 %, 20868 MiB, 142.55 W, 42, 2760 MHz, 10251 MHz
2026/08/11 15:37:18.353, 0, NVIDIA GeForce RTX 4090, 100 %, 20868 MiB, 142.75 W, 42, 2760 MHz, 10251 MHz
2026/08/11 15:37:23.353, 0, NVIDIA GeForce RTX 4090, 100 %, 20868 MiB, 142.31 W, 42, 2760 MHz, 10251 MHz
2026/08/11 15:37:28.354, 0, NVIDIA GeForce RTX 4090, 100 %, 20868 MiB, 141.80 W, 42, 2760 MHz, 10251 MHz
2026/08/11 15:37:33.354, 0, NVIDIA GeForce RTX 4090, 100 %, 20868 MiB, 141.65 W, 42, 2760 MHz, 10251 MHz
2026/08/11 15:37:38.355, 0, NVIDIA GeForce RTX 4090, 100 %, 20868 MiB, 141.35 W, 42, 2760 MHz, 10251 MHz
2026/08/11 15:37:43.355, 0, NVIDIA GeForce RTX 4090, 100 %, 20868 MiB, 141.16 W, 42, 2760 MHz, 10251 MHz
2026/08/11 15:37:48.356, 0, NVIDIA GeForce RTX 4090, 100 %, 20868 MiB, 140.73 W, 42, 2760 MHz, 10251 MHz
2026/08/11 15:37:53.356, 0, NVIDIA GeForce RTX 4090, 100 %, 20868 MiB, 139.86 W, 41, 2760 MHz, 10251 MHz
2026/08/11 15:37:58.357, 0, NVIDIA GeForce RTX 4090, 100 %, 20868 MiB, 139.73 W, 42, 2760 MHz, 10251 MHz
2026/08/11 15:38:03.358, 0, NVIDIA GeForce RTX 4090, 100 %, 20868 MiB, 139.48 W, 41, 2760 MHz, 10251 MHz
2026/08/11 15:38:08.358, 0, NVIDIA GeForce RTX 4090, 100 %, 20868 MiB, 139.29 W, 41, 2760 MHz, 10251 MHz
2026/08/11 15:38:13.359, 0, NVIDIA GeForce RTX 4090, 100 %, 20868 MiB, 138.87 W, 41, 2760 MHz, 10251 MHz
2026/08/11 15:38:18.359, 0, NVIDIA GeForce RTX 4090, 100 %, 20868 MiB, 138.61 W, 41, 2760 MHz, 10251 MHz
2026/08/11 15:38:23.360, 0, NVIDIA GeForce RTX 4090, 100 %, 20868 MiB, 138.93 W, 41, 2760 MHz, 10251 MHz
2026/08/11 15:38:28.361, 0, NVIDIA GeForce RTX 4090, 100 %, 20868 MiB, 137.99 W, 41, 2760 MHz, 10251 MHz
2026/08/11 15:38:33.361, 0, NVIDIA GeForce RTX 4090, 100 %, 20868 MiB, 137.57 W, 41, 2760 MHz, 10251 MHz
2026/08/11 15:38:38.362, 0, NVIDIA GeForce RTX 4090, 100 %, 20868 MiB, 137.71 W, 41, 2760 MHz, 10251 MHz
2026/08/11 15:38:43.362, 0, NVIDIA GeForce RTX 4090, 100 %, 20868 MiB, 137.10 W, 41, 2760 MHz, 10251 MHz
2026/08/11 15:38:48.363, 0, NVIDIA GeForce RTX 4090, 100 %, 20868 MiB, 137.04 W, 41, 2760 MHz, 10251 MHz
2026/08/11 15:38:53.363, 0, NVIDIA GeForce RTX 4090, 100 %, 20868 MiB, 136.83 W, 41, 2760 MHz, 10251 MHz
2026/08/11 15:38:58.364, 0, NVIDIA GeForce RTX 4090, 100 %, 20868 MiB, 136.62 W, 41, 2760 MHz, 10251 MHz
2026/08/11 15:39:03.365, 0, NVIDIA GeForce RTX 4090, 100 %, 20868 MiB, 136.15 W, 41, 2760 MHz, 10251 MHz
2026/08/11 15:39:08.365, 0, NVIDIA GeForce RTX 4090, 100 %, 20868 MiB, 136.25 W, 41, 2760 MHz, 10251 MHz
2026/08/11 15:39:13.366, 0, NVIDIA GeForce RTX 4090, 100 %, 20868 MiB, 135.81 W, 41, 2760 MHz, 10251 MHz
2026/08/11 15:39:18.366, 0, NVIDIA GeForce RTX 4090, 100 %, 20868 MiB, 135.26 W, 41, 2760 MHz, 10251 MHz
2026/08/11 15:39:23.367, 0, NVIDIA GeForce RTX 4090, 100 %, 20868 MiB, 135.26 W, 41, 2760 MHz, 10251 MHz
2026/08/11 15:39:28.367, 0, NVIDIA GeForce RTX 4090, 100 %, 20868 MiB, 134.77 W, 41, 2760 MHz, 10251 MHz
2026/08/11 15:39:33.368, 0, NVIDIA GeForce RTX 4090, 100 %, 20868 MiB, 134.74 W, 41, 2760 MHz, 10251 MHz
2026/08/11 15:39:38.368, 0, NVIDIA GeForce RTX 4090, 100 %, 20868 MiB, 134.58 W, 40, 2760 MHz, 10251 MHz
2026/08/11 15:39:43.369, 0, NVIDIA GeForce RTX 4090, 100 %, 20868 MiB, 134.18 W, 40, 2760 MHz, 10251 MHz
2026/08/11 15:39:48.369, 0, NVIDIA GeForce RTX 4090, 100 %, 20868 MiB, 133.74 W, 40, 2760 MHz, 10251 MHz
2026/08/11 15:39:53.370, 0, NVIDIA GeForce RTX 4090, 100 %, 20868 MiB, 133.46 W, 41, 2760 MHz, 10251 MHz
2026/08/11 15:39:58.371, 0, NVIDIA GeForce RTX 4090, 100 %, 20868 MiB, 133.32 W, 41, 2760 MHz, 10251 MHz
2026/08/11 15:40:03.371, 0, NVIDIA GeForce RTX 4090, 100 %, 20868 MiB, 133.58 W, 41, 2760 MHz, 10251 MHz
2026/08/11 15:40:08.372, 0, NVIDIA GeForce RTX 4090, 100 %, 20868 MiB, 133.50 W, 40, 2760 MHz, 10251 MHz
2026/08/11 15:40:13.372, 0, NVIDIA GeForce RTX 4090, 100 %, 20868 MiB, 133.38 W, 41, 2760 MHz, 10251 MHz
2026/08/11 15:40:18.373, 0, NVIDIA GeForce RTX 4090, 100 %, 20868 MiB, 133.32 W, 40, 2760 MHz, 10251 MHz
2026/08/11 15:40:23.374, 0, NVIDIA GeForce RTX 4090, 100 %, 20868 MiB, 133.08 W, 40, 2760 MHz, 10251 MHz
2026/08/11 15:40:28.374, 0, NVIDIA GeForce RTX 4090, 100 %, 20868 MiB, 132.69 W, 40, 2760 MHz, 10251 MHz
2026/08/11 15:40:33.375, 0, NVIDIA GeForce RTX 4090, 100 %, 20868 MiB, 132.56 W, 40, 2760 MHz, 10251 MHz
2026/08/11 15:40:38.376, 0, NVIDIA GeForce RTX 4090, 100 %, 20868 MiB, 132.65 W, 40, 2760 MHz, 10251 MHz
2026/08/11 15:40:43.376, 0, NVIDIA GeForce RTX 4090, 100 %, 20868 MiB, 132.11 W, 40, 2760 MHz, 10251 MHz
2026/08/11 15:40:48.377, 0, NVIDIA GeForce RTX 4090, 100 %, 20868 MiB, 132.04 W, 40, 2760 MHz, 10251 MHz
2026/08/11 15:40:53.377, 0, NVIDIA GeForce RTX 4090, 100 %, 20868 MiB, 131.90 W, 40, 2760 MHz, 10251 MHz
2026/08/11 15:40:58.378, 0, NVIDIA GeForce RTX 4090, 100 %, 20868 MiB, 131.40 W, 40, 2760 MHz, 10251 MHz
2026/08/11 15:41:03.379, 0, NVIDIA GeForce RTX 4090, 100 %, 20868 MiB, 131.53 W, 40, 2760 MHz, 10251 MHz
2026/08/11 15:41:08.379, 0, NVIDIA GeForce RTX 4090, 100 %, 20868 MiB, 131.51 W, 40, 2760 MHz, 10251 MHz
2026/08/11 15:41:13.380, 0, NVIDIA GeForce RTX 4090, 100 %, 20868 MiB, 131.02 W, 40, 2760 MHz, 10251 MHz
2026/08/11 15:41:18.380, 0, NVIDIA GeForce RTX 4090, 100 %, 20868 MiB, 130.65 W, 40, 2760 MHz, 10251 MHz
2026/08/11 15:41:23.381, 0, NVIDIA GeForce RTX 4090, 100 %, 20868 MiB, 130.97 W, 40, 2760 MHz, 10251 MHz
2026/08/11 15:41:28.381, 0, NVIDIA GeForce RTX 4090, 100 %, 20868 MiB, 130.53 W, 40, 2760 MHz, 10251 MHz
2026/08/11 15:41:33.382, 0, NVIDIA GeForce RTX 4090, 100 %, 20868 MiB, 130.63 W, 40, 2760 MHz, 10251 MHz
2026/08/11 15:41:38.383, 0, NVIDIA GeForce RTX 4090, 100 %, 20868 MiB, 130.28 W, 40, 2760 MHz, 10251 MHz
2026/08/11 15:41:43.383, 0, NVIDIA GeForce RTX 4090, 100 %, 20868 MiB, 130.40 W, 40, 2760 MHz, 10251 MHz
2026/08/11 15:41:48.384, 0, NVIDIA GeForce RTX 4090, 100 %, 20868 MiB, 130.91 W, 40, 2760 MHz, 10251 MHz
2026/08/11 15:41:53.384, 0, NVIDIA GeForce RTX 4090, 100 %, 20868 MiB, 129.94 W, 40, 2760 MHz, 10251 MHz
2026/08/11 15:41:58.385, 0, NVIDIA GeForce RTX 4090, 100 %, 20868 MiB, 130.16 W, 40, 2760 MHz, 10251 MHz
2026/08/11 15:42:03.385, 0, NVIDIA GeForce RTX 4090, 100 %, 20868 MiB, 129.78 W, 40, 2760 MHz, 10251 MHz
2026/08/11 15:42:08.386, 0, NVIDIA GeForce RTX 4090, 100 %, 20868 MiB, 129.72 W, 40, 2760 MHz, 10251 MHz
2026/08/11 15:42:13.387, 0, NVIDIA GeForce RTX 4090, 100 %, 20868 MiB, 129.23 W, 40, 2760 MHz, 10251 MHz
2026/08/11 15:42:18.387, 0, NVIDIA GeForce RTX 4090, 100 %, 20868 MiB, 129.73 W, 40, 2760 MHz, 10251 MHz
2026/08/11 15:42:23.388, 0, NVIDIA GeForce RTX 4090, 100 %, 20868 MiB, 129.27 W, 40, 2760 MHz, 10251 MHz
2026/08/11 15:42:28.388, 0, NVIDIA GeForce RTX 4090, 100 %, 20868 MiB, 128.93 W, 40, 2760 MHz, 10251 MHz
2026/08/11 15:42:33.389, 0, NVIDIA GeForce RTX 4090, 100 %, 20868 MiB, 128.69 W, 40, 2760 MHz, 10251 MHz
2026/08/11 15:42:38.389, 0, NVIDIA GeForce RTX 4090, 100 %, 20868 MiB, 129.05 W, 40, 2760 MHz, 10251 MHz
2026/08/11 15:42:43.390, 0, NVIDIA GeForce RTX 4090, 100 %, 20868 MiB, 128.86 W, 40, 2760 MHz, 10251 MHz
2026/08/11 15:42:48.390, 0, NVIDIA GeForce RTX 4090, 100 %, 20868 MiB, 128.77 W, 40, 2760 MHz, 10251 MHz
2026/08/11 15:42:53.391, 0, NVIDIA GeForce RTX 4090, 100 %, 20868 MiB, 128.87 W, 40, 2760 MHz, 10251 MHz
2026/08/11 15:42:58.391, 0, NVIDIA GeForce RTX 4090, 100 %, 20868 MiB, 128.70 W, 40, 2760 MHz, 10251 MHz
2026/08/11 15:43:03.392, 0, NVIDIA GeForce RTX 4090, 100 %, 20868 MiB, 128.63 W, 40, 2760 MHz, 10251 MHz
2026/08/11 15:43:08.393, 0, NVIDIA GeForce RTX 4090, 100 %, 20868 MiB, 128.45 W, 40, 2760 MHz, 10251 MHz
2026/08/11 15:43:13.393, 0, NVIDIA GeForce RTX 4090, 100 %, 20868 MiB, 128.33 W, 40, 2760 MHz, 10251 MHz
2026/08/11 15:43:18.394, 0, NVIDIA GeForce RTX 4090, 100 %, 20868 MiB, 127.89 W, 40, 2760 MHz, 10251 MHz
2026/08/11 15:43:23.395, 0, NVIDIA GeForce RTX 4090, 100 %, 20868 MiB, 128.24 W, 40, 2760 MHz, 10251 MHz
2026/08/11 15:43:28.395, 0, NVIDIA GeForce RTX 4090, 100 %, 20868 MiB, 127.55 W, 40, 2760 MHz, 10251 MHz
2026/08/11 15:43:33.396, 0, NVIDIA GeForce RTX 4090, 100 %, 20868 MiB, 128.36 W, 40, 2760 MHz, 10251 MHz
2026/08/11 15:43:38.396, 0, NVIDIA GeForce RTX 4090, 100 %, 20868 MiB, 128.35 W, 40, 2760 MHz, 10251 MHz
2026/08/11 15:43:43.397, 0, NVIDIA GeForce RTX 4090, 100 %, 20868 MiB, 127.28 W, 40, 2760 MHz, 10251 MHz
2026/08/11 15:43:48.397, 0, NVIDIA GeForce RTX 4090, 100 %, 23140 MiB, 127.44 W, 40, 2760 MHz, 10251 MHz
2026/08/11 15:43:53.398, 0, NVIDIA GeForce RTX 4090, 0 %, 1 MiB, 58.48 W, 36, 540 MHz, 5001 MHz
2026/08/11 15:43:58.398, 0, NVIDIA GeForce RTX 4090, 0 %, 1 MiB, 20.87 W, 35, 210 MHz, 405 MHz
2026/08/11 15:44:03.399, 0, NVIDIA GeForce RTX 4090, 0 %, 1 MiB, 21.07 W, 34, 210 MHz, 405 MHz
2026/08/11 15:44:08.400, 0, NVIDIA GeForce RTX 4090, 0 %, 1 MiB, 20.87 W, 33, 210 MHz, 405 MHz
2026/08/11 15:44:13.400, 0, NVIDIA GeForce RTX 4090, 0 %, 1 MiB, 20.17 W, 33, 210 MHz, 405 MHz
2026/08/11 15:44:18.401, 0, NVIDIA GeForce RTX 4090, 0 %, 1 MiB, 20.67 W, 32, 210 MHz, 405 MHz
2026/08/11 15:44:23.401, 0, NVIDIA GeForce RTX 4090, 0 %, 1 MiB, 20.37 W, 32, 210 MHz, 405 MHz
2026/08/11 15:44:28.402, 0, NVIDIA GeForce RTX 4090, 7 %, 1132 MiB, 59.48 W, 33, 2520 MHz, 10251 MHz
2026/08/11 15:44:33.403, 0, NVIDIA GeForce RTX 4090, 1 %, 3212 MiB, 59.78 W, 33, 2520 MHz, 10251 MHz
2026/08/11 15:44:38.403, 0, NVIDIA GeForce RTX 4090, 2 %, 4588 MiB, 59.28 W, 33, 2520 MHz, 10251 MHz
2026/08/11 15:44:43.404, 0, NVIDIA GeForce RTX 4090, 0 %, 5740 MiB, 59.29 W, 33, 2520 MHz, 10251 MHz
2026/08/11 15:44:48.404, 0, NVIDIA GeForce RTX 4090, 0 %, 6828 MiB, 59.27 W, 33, 2520 MHz, 10251 MHz
2026/08/11 15:44:53.405, 0, NVIDIA GeForce RTX 4090, 2 %, 8012 MiB, 59.23 W, 33, 2520 MHz, 10251 MHz
2026/08/11 15:44:58.405, 0, NVIDIA GeForce RTX 4090, 0 %, 9132 MiB, 59.01 W, 33, 2520 MHz, 10251 MHz
2026/08/11 15:45:03.406, 0, NVIDIA GeForce RTX 4090, 0 %, 10188 MiB, 59.02 W, 33, 2520 MHz, 10251 MHz
2026/08/11 15:45:08.406, 0, NVIDIA GeForce RTX 4090, 2 %, 11340 MiB, 58.48 W, 33, 2520 MHz, 10251 MHz
2026/08/11 15:45:13.407, 0, NVIDIA GeForce RTX 4090, 0 %, 12492 MiB, 59.07 W, 33, 2520 MHz, 10251 MHz
2026/08/11 15:45:18.407, 0, NVIDIA GeForce RTX 4090, 0 %, 13612 MiB, 59.04 W, 33, 2520 MHz, 10251 MHz
2026/08/11 15:45:23.408, 0, NVIDIA GeForce RTX 4090, 2 %, 14764 MiB, 58.87 W, 33, 2520 MHz, 10251 MHz
2026/08/11 15:45:28.408, 0, NVIDIA GeForce RTX 4090, 1 %, 15820 MiB, 58.77 W, 33, 2520 MHz, 10251 MHz
2026/08/11 15:45:33.409, 0, NVIDIA GeForce RTX 4090, 2 %, 16972 MiB, 58.28 W, 32, 2520 MHz, 10251 MHz
2026/08/11 15:45:38.409, 0, NVIDIA GeForce RTX 4090, 0 %, 17900 MiB, 58.32 W, 32, 2520 MHz, 10251 MHz
2026/08/11 15:45:43.410, 0, NVIDIA GeForce RTX 4090, 0 %, 17900 MiB, 58.46 W, 32, 2520 MHz, 10251 MHz
2026/08/11 15:45:48.410, 0, NVIDIA GeForce RTX 4090, 0 %, 17964 MiB, 58.53 W, 32, 2520 MHz, 10251 MHz
2026/08/11 15:45:53.411, 0, NVIDIA GeForce RTX 4090, 0 %, 17964 MiB, 58.60 W, 32, 2520 MHz, 10251 MHz
2026/08/11 15:45:58.411, 0, NVIDIA GeForce RTX 4090, 0 %, 17964 MiB, 58.37 W, 32, 2520 MHz, 10251 MHz
2026/08/11 15:46:03.412, 0, NVIDIA GeForce RTX 4090, 0 %, 17964 MiB, 25.25 W, 31, 345 MHz, 405 MHz
2026/08/11 15:46:08.413, 0, NVIDIA GeForce RTX 4090, 0 %, 17964 MiB, 19.39 W, 31, 210 MHz, 405 MHz
2026/08/11 15:46:13.413, 0, NVIDIA GeForce RTX 4090, 0 %, 1 MiB, 72.04 W, 32, 2775 MHz, 10501 MHz
2026/08/11 15:46:18.414, 0, NVIDIA GeForce RTX 4090, 4 %, 2732 MiB, 59.42 W, 32, 2520 MHz, 10251 MHz
2026/08/11 15:46:23.414, 0, NVIDIA GeForce RTX 4090, 0 %, 4172 MiB, 58.94 W, 32, 2520 MHz, 10251 MHz
2026/08/11 15:46:28.415, 0, NVIDIA GeForce RTX 4090, 2 %, 5356 MiB, 59.08 W, 32, 2520 MHz, 10251 MHz
2026/08/11 15:46:33.415, 0, NVIDIA GeForce RTX 4090, 0 %, 6412 MiB, 58.77 W, 32, 2520 MHz, 10251 MHz
2026/08/11 15:46:38.416, 0, NVIDIA GeForce RTX 4090, 2 %, 7564 MiB, 58.61 W, 32, 2520 MHz, 10251 MHz
2026/08/11 15:46:43.416, 0, NVIDIA GeForce RTX 4090, 0 %, 8716 MiB, 58.94 W, 32, 2520 MHz, 10251 MHz
2026/08/11 15:46:48.417, 0, NVIDIA GeForce RTX 4090, 0 %, 9804 MiB, 58.81 W, 32, 2520 MHz, 10251 MHz
2026/08/11 15:46:53.418, 0, NVIDIA GeForce RTX 4090, 2 %, 10988 MiB, 59.31 W, 32, 2520 MHz, 10251 MHz
2026/08/11 15:46:58.418, 0, NVIDIA GeForce RTX 4090, 1 %, 12140 MiB, 59.43 W, 32, 2520 MHz, 10251 MHz
2026/08/11 15:47:03.419, 0, NVIDIA GeForce RTX 4090, 0 %, 13260 MiB, 58.95 W, 32, 2520 MHz, 10251 MHz
2026/08/11 15:47:08.420, 0, NVIDIA GeForce RTX 4090, 2 %, 14412 MiB, 58.90 W, 32, 2520 MHz, 10251 MHz
2026/08/11 15:47:13.420, 0, NVIDIA GeForce RTX 4090, 0 %, 15596 MiB, 59.12 W, 32, 2520 MHz, 10251 MHz
2026/08/11 15:47:18.421, 0, NVIDIA GeForce RTX 4090, 2 %, 16716 MiB, 58.94 W, 32, 2520 MHz, 10251 MHz
2026/08/11 15:47:23.421, 0, NVIDIA GeForce RTX 4090, 1 %, 17868 MiB, 59.09 W, 32, 2520 MHz, 10251 MHz
2026/08/11 15:47:28.422, 0, NVIDIA GeForce RTX 4090, 0 %, 19020 MiB, 59.21 W, 32, 2520 MHz, 10251 MHz
2026/08/11 15:47:33.423, 0, NVIDIA GeForce RTX 4090, 0 %, 19756 MiB, 59.06 W, 32, 2520 MHz, 10251 MHz
2026/08/11 15:47:38.424, 0, NVIDIA GeForce RTX 4090, 0 %, 19756 MiB, 58.80 W, 32, 2520 MHz, 10251 MHz
2026/08/11 15:47:43.424, 0, NVIDIA GeForce RTX 4090, 0 %, 19820 MiB, 58.61 W, 32, 2520 MHz, 10251 MHz
2026/08/11 15:47:48.425, 0, NVIDIA GeForce RTX 4090, 0 %, 19820 MiB, 58.47 W, 32, 2520 MHz, 10251 MHz
2026/08/11 15:47:53.425, 0, NVIDIA GeForce RTX 4090, 0 %, 19820 MiB, 58.28 W, 32, 2520 MHz, 10251 MHz
2026/08/11 15:47:58.426, 0, NVIDIA GeForce RTX 4090, 0 %, 19820 MiB, 26.55 W, 31, 225 MHz, 405 MHz
2026/08/11 15:48:03.426, 0, NVIDIA GeForce RTX 4090, 0 %, 19820 MiB, 19.88 W, 31, 210 MHz, 405 MHz
2026/08/11 15:48:08.427, 0, NVIDIA GeForce RTX 4090, 0 %, 1 MiB, 56.85 W, 31, 540 MHz, 810 MHz
2026/08/11 15:48:13.427, 0, NVIDIA GeForce RTX 4090, 0 %, 2988 MiB, 58.54 W, 32, 2520 MHz, 10251 MHz
2026/08/11 15:48:18.428, 0, NVIDIA GeForce RTX 4090, 0 %, 4364 MiB, 58.43 W, 32, 2520 MHz, 10251 MHz
2026/08/11 15:48:23.429, 0, NVIDIA GeForce RTX 4090, 2 %, 5516 MiB, 58.58 W, 32, 2520 MHz, 10251 MHz
2026/08/11 15:48:28.429, 0, NVIDIA GeForce RTX 4090, 0 %, 6668 MiB, 58.70 W, 32, 2520 MHz, 10251 MHz
2026/08/11 15:48:33.430, 0, NVIDIA GeForce RTX 4090, 1 %, 7724 MiB, 59.03 W, 32, 2520 MHz, 10251 MHz
2026/08/11 15:48:38.430, 0, NVIDIA GeForce RTX 4090, 0 %, 8844 MiB, 59.13 W, 32, 2520 MHz, 10251 MHz
2026/08/11 15:48:43.431, 0, NVIDIA GeForce RTX 4090, 2 %, 9996 MiB, 58.24 W, 32, 2520 MHz, 10251 MHz
2026/08/11 15:48:48.431, 0, NVIDIA GeForce RTX 4090, 0 %, 11084 MiB, 58.65 W, 32, 2520 MHz, 10251 MHz
2026/08/11 15:48:53.432, 0, NVIDIA GeForce RTX 4090, 2 %, 12204 MiB, 58.40 W, 32, 2520 MHz, 10251 MHz
2026/08/11 15:48:58.433, 0, NVIDIA GeForce RTX 4090, 0 %, 13324 MiB, 58.62 W, 32, 2520 MHz, 10251 MHz
2026/08/11 15:49:03.433, 0, NVIDIA GeForce RTX 4090, 3 %, 14380 MiB, 58.42 W, 32, 2520 MHz, 10251 MHz
2026/08/11 15:49:08.434, 0, NVIDIA GeForce RTX 4090, 0 %, 15500 MiB, 58.75 W, 32, 2520 MHz, 10251 MHz
2026/08/11 15:49:13.434, 0, NVIDIA GeForce RTX 4090, 2 %, 16620 MiB, 58.76 W, 32, 2520 MHz, 10251 MHz
2026/08/11 15:49:18.435, 0, NVIDIA GeForce RTX 4090, 0 %, 17868 MiB, 59.17 W, 32, 2520 MHz, 10251 MHz
2026/08/11 15:49:23.436, 0, NVIDIA GeForce RTX 4090, 0 %, 17868 MiB, 58.15 W, 32, 2520 MHz, 10251 MHz
2026/08/11 15:49:28.436, 0, NVIDIA GeForce RTX 4090, 0 %, 17932 MiB, 58.24 W, 32, 2520 MHz, 10251 MHz
2026/08/11 15:49:33.437, 0, NVIDIA GeForce RTX 4090, 0 %, 17932 MiB, 58.56 W, 32, 2520 MHz, 10251 MHz
2026/08/11 15:49:38.437, 0, NVIDIA GeForce RTX 4090, 0 %, 17932 MiB, 58.45 W, 32, 2520 MHz, 10251 MHz
2026/08/11 15:49:43.438, 0, NVIDIA GeForce RTX 4090, 0 %, 17932 MiB, 35.32 W, 31, 435 MHz, 810 MHz
2026/08/11 15:49:48.439, 0, NVIDIA GeForce RTX 4090, 0 %, 17932 MiB, 20.07 W, 31, 210 MHz, 405 MHz
2026/08/11 15:49:53.439, 0, NVIDIA GeForce RTX 4090, 0 %, 1 MiB, 71.95 W, 32, 2775 MHz, 10501 MHz
2026/08/11 15:49:58.440, 0, NVIDIA GeForce RTX 4090, 3 %, 2540 MiB, 58.78 W, 32, 2520 MHz, 10251 MHz
2026/08/11 15:50:03.440, 0, NVIDIA GeForce RTX 4090, 2 %, 4012 MiB, 58.83 W, 32, 2520 MHz, 10251 MHz
2026/08/11 15:50:08.441, 0, NVIDIA GeForce RTX 4090, 1 %, 5164 MiB, 59.34 W, 32, 2520 MHz, 10251 MHz
2026/08/11 15:50:13.441, 0, NVIDIA GeForce RTX 4090, 3 %, 6316 MiB, 58.89 W, 32, 2520 MHz, 10251 MHz
2026/08/11 15:50:18.442, 0, NVIDIA GeForce RTX 4090, 0 %, 7436 MiB, 58.21 W, 32, 2520 MHz, 10251 MHz
2026/08/11 15:50:23.442, 0, NVIDIA GeForce RTX 4090, 2 %, 8588 MiB, 58.85 W, 32, 2520 MHz, 10251 MHz
2026/08/11 15:50:28.443, 0, NVIDIA GeForce RTX 4090, 0 %, 9708 MiB, 58.78 W, 32, 2520 MHz, 10251 MHz
2026/08/11 15:50:33.444, 0, NVIDIA GeForce RTX 4090, 2 %, 10796 MiB, 59.10 W, 32, 2520 MHz, 10251 MHz
2026/08/11 15:50:38.444, 0, NVIDIA GeForce RTX 4090, 0 %, 11980 MiB, 59.08 W, 32, 2520 MHz, 10251 MHz
2026/08/11 15:50:43.446, 0, NVIDIA GeForce RTX 4090, 2 %, 13100 MiB, 59.02 W, 32, 2520 MHz, 10251 MHz
2026/08/11 15:50:48.446, 0, NVIDIA GeForce RTX 4090, 0 %, 14188 MiB, 59.30 W, 32, 2520 MHz, 10251 MHz
2026/08/11 15:50:53.447, 0, NVIDIA GeForce RTX 4090, 0 %, 15340 MiB, 58.94 W, 32, 2520 MHz, 10251 MHz
2026/08/11 15:50:58.448, 0, NVIDIA GeForce RTX 4090, 2 %, 16460 MiB, 58.67 W, 32, 2520 MHz, 10251 MHz
2026/08/11 15:51:03.450, 0, NVIDIA GeForce RTX 4090, 0 %, 17612 MiB, 59.06 W, 32, 2520 MHz, 10251 MHz
2026/08/11 15:51:08.450, 0, NVIDIA GeForce RTX 4090, 0 %, 18828 MiB, 59.19 W, 32, 2520 MHz, 10251 MHz
2026/08/11 15:51:13.451, 0, NVIDIA GeForce RTX 4090, 0 %, 19756 MiB, 58.73 W, 32, 2520 MHz, 10251 MHz
2026/08/11 15:51:18.451, 0, NVIDIA GeForce RTX 4090, 0 %, 19756 MiB, 58.75 W, 32, 2520 MHz, 10251 MHz
2026/08/11 15:51:23.452, 0, NVIDIA GeForce RTX 4090, 0 %, 19788 MiB, 58.67 W, 32, 2520 MHz, 10251 MHz
2026/08/11 15:51:28.452, 0, NVIDIA GeForce RTX 4090, 0 %, 19788 MiB, 58.27 W, 32, 2520 MHz, 10251 MHz
2026/08/11 15:51:33.453, 0, NVIDIA GeForce RTX 4090, 0 %, 19788 MiB, 58.55 W, 32, 2520 MHz, 10251 MHz
2026/08/11 15:51:38.453, 0, NVIDIA GeForce RTX 4090, 0 %, 19788 MiB, 23.17 W, 31, 210 MHz, 405 MHz
2026/08/11 15:51:43.454, 0, NVIDIA GeForce RTX 4090, 0 %, 19788 MiB, 19.77 W, 31, 210 MHz, 405 MHz
2026/08/11 15:51:48.455, 0, NVIDIA GeForce RTX 4090, 0 %, 1 MiB, 60.80 W, 31, 600 MHz, 810 MHz
2026/08/11 15:51:53.456, 0, NVIDIA GeForce RTX 4090, 0 %, 2732 MiB, 58.73 W, 32, 2520 MHz, 10251 MHz
2026/08/11 15:51:58.457, 0, NVIDIA GeForce RTX 4090, 0 %, 4172 MiB, 59.10 W, 32, 2520 MHz, 10251 MHz
2026/08/11 15:52:03.457, 0, NVIDIA GeForce RTX 4090, 2 %, 5292 MiB, 58.28 W, 32, 2520 MHz, 10251 MHz
2026/08/11 15:52:08.458, 0, NVIDIA GeForce RTX 4090, 0 %, 6444 MiB, 58.28 W, 32, 2520 MHz, 10251 MHz
2026/08/11 15:52:13.459, 0, NVIDIA GeForce RTX 4090, 2 %, 7564 MiB, 58.26 W, 32, 2520 MHz, 10251 MHz
2026/08/11 15:52:18.459, 0, NVIDIA GeForce RTX 4090, 1 %, 8652 MiB, 58.36 W, 32, 2520 MHz, 10251 MHz
2026/08/11 15:52:23.460, 0, NVIDIA GeForce RTX 4090, 3 %, 9804 MiB, 58.88 W, 32, 2520 MHz, 10251 MHz
2026/08/11 15:52:28.461, 0, NVIDIA GeForce RTX 4090, 1 %, 10988 MiB, 58.77 W, 32, 2520 MHz, 10251 MHz
2026/08/11 15:52:33.461, 0, NVIDIA GeForce RTX 4090, 1 %, 12108 MiB, 58.39 W, 32, 2520 MHz, 10251 MHz
2026/08/11 15:52:38.462, 0, NVIDIA GeForce RTX 4090, 0 %, 13196 MiB, 58.95 W, 32, 2520 MHz, 10251 MHz
2026/08/11 15:52:43.463, 0, NVIDIA GeForce RTX 4090, 2 %, 14380 MiB, 58.98 W, 32, 2520 MHz, 10251 MHz
2026/08/11 15:52:48.464, 0, NVIDIA GeForce RTX 4090, 0 %, 15500 MiB, 58.76 W, 32, 2520 MHz, 10251 MHz
2026/08/11 15:52:53.464, 0, NVIDIA GeForce RTX 4090, 2 %, 16620 MiB, 59.06 W, 32, 2520 MHz, 10251 MHz
2026/08/11 15:52:58.465, 0, NVIDIA GeForce RTX 4090, 100 %, 17964 MiB, 236.23 W, 39, 2760 MHz, 10251 MHz
2026/08/11 15:53:03.465, 0, NVIDIA GeForce RTX 4090, 100 %, 17964 MiB, 238.66 W, 41, 2760 MHz, 10251 MHz
2026/08/11 15:53:08.466, 0, NVIDIA GeForce RTX 4090, 100 %, 17964 MiB, 228.26 W, 41, 2760 MHz, 10251 MHz
2026/08/11 15:53:13.467, 0, NVIDIA GeForce RTX 4090, 100 %, 17964 MiB, 220.18 W, 42, 2760 MHz, 10251 MHz
2026/08/11 15:53:18.468, 0, NVIDIA GeForce RTX 4090, 100 %, 17960 MiB, 249.81 W, 44, 2760 MHz, 10251 MHz
2026/08/11 15:53:23.468, 0, NVIDIA GeForce RTX 4090, 100 %, 17960 MiB, 238.03 W, 44, 2760 MHz, 10251 MHz
2026/08/11 15:53:28.469, 0, NVIDIA GeForce RTX 4090, 100 %, 17960 MiB, 228.08 W, 44, 2760 MHz, 10251 MHz
2026/08/11 15:53:33.470, 0, NVIDIA GeForce RTX 4090, 100 %, 17960 MiB, 220.80 W, 44, 2760 MHz, 10251 MHz
2026/08/11 15:53:38.470, 0, NVIDIA GeForce RTX 4090, 100 %, 17960 MiB, 248.50 W, 46, 2760 MHz, 10251 MHz
2026/08/11 15:53:43.471, 0, NVIDIA GeForce RTX 4090, 100 %, 17960 MiB, 237.26 W, 46, 2760 MHz, 10251 MHz
2026/08/11 15:53:48.471, 0, NVIDIA GeForce RTX 4090, 100 %, 17960 MiB, 227.41 W, 46, 2760 MHz, 10251 MHz
2026/08/11 15:53:53.472, 0, NVIDIA GeForce RTX 4090, 100 %, 17960 MiB, 220.39 W, 46, 2760 MHz, 10251 MHz
2026/08/11 15:53:58.473, 0, NVIDIA GeForce RTX 4090, 100 %, 17960 MiB, 246.72 W, 47, 2760 MHz, 10251 MHz
2026/08/11 15:54:03.473, 0, NVIDIA GeForce RTX 4090, 100 %, 17960 MiB, 236.24 W, 47, 2760 MHz, 10251 MHz
2026/08/11 15:54:08.474, 0, NVIDIA GeForce RTX 4090, 100 %, 17960 MiB, 227.18 W, 48, 2760 MHz, 10251 MHz
2026/08/11 15:54:13.475, 0, NVIDIA GeForce RTX 4090, 100 %, 17960 MiB, 192.66 W, 44, 2760 MHz, 10251 MHz
2026/08/11 15:54:18.475, 0, NVIDIA GeForce RTX 4090, 100 %, 17960 MiB, 245.45 W, 48, 2760 MHz, 10251 MHz
2026/08/11 15:54:23.476, 0, NVIDIA GeForce RTX 4090, 100 %, 17960 MiB, 234.67 W, 48, 2760 MHz, 10251 MHz
2026/08/11 15:54:28.477, 0, NVIDIA GeForce RTX 4090, 100 %, 17960 MiB, 225.73 W, 48, 2760 MHz, 10251 MHz
2026/08/11 15:54:33.477, 0, NVIDIA GeForce RTX 4090, 100 %, 17960 MiB, 240.91 W, 49, 2745 MHz, 10251 MHz
2026/08/11 15:54:38.478, 0, NVIDIA GeForce RTX 4090, 100 %, 17960 MiB, 243.05 W, 49, 2745 MHz, 10251 MHz
2026/08/11 15:54:43.478, 0, NVIDIA GeForce RTX 4090, 100 %, 17960 MiB, 232.87 W, 49, 2745 MHz, 10251 MHz
2026/08/11 15:54:48.479, 0, NVIDIA GeForce RTX 4090, 100 %, 17960 MiB, 223.90 W, 49, 2745 MHz, 10251 MHz
2026/08/11 15:54:53.479, 0, NVIDIA GeForce RTX 4090, 0 %, 260 MiB, 79.43 W, 43, 2760 MHz, 10501 MHz
2026/08/11 15:54:58.480, 0, NVIDIA GeForce RTX 4090, 16 %, 2316 MiB, 62.34 W, 41, 2520 MHz, 10251 MHz
2026/08/11 15:55:03.480, 0, NVIDIA GeForce RTX 4090, 1 %, 3820 MiB, 60.88 W, 40, 2520 MHz, 10251 MHz
2026/08/11 15:55:08.481, 0, NVIDIA GeForce RTX 4090, 2 %, 5004 MiB, 60.88 W, 39, 2520 MHz, 10251 MHz
2026/08/11 15:55:13.481, 0, NVIDIA GeForce RTX 4090, 0 %, 6156 MiB, 60.48 W, 39, 2520 MHz, 10251 MHz
2026/08/11 15:55:18.482, 0, NVIDIA GeForce RTX 4090, 2 %, 7148 MiB, 59.97 W, 38, 2520 MHz, 10251 MHz
2026/08/11 15:55:23.482, 0, NVIDIA GeForce RTX 4090, 0 %, 8140 MiB, 60.10 W, 38, 2520 MHz, 10251 MHz
2026/08/11 15:55:28.483, 0, NVIDIA GeForce RTX 4090, 2 %, 9260 MiB, 59.68 W, 37, 2520 MHz, 10251 MHz
2026/08/11 15:55:33.484, 0, NVIDIA GeForce RTX 4090, 0 %, 10348 MiB, 60.02 W, 36, 2520 MHz, 10251 MHz
2026/08/11 15:55:38.484, 0, NVIDIA GeForce RTX 4090, 0 %, 11436 MiB, 59.52 W, 36, 2520 MHz, 10251 MHz
2026/08/11 15:55:43.485, 0, NVIDIA GeForce RTX 4090, 2 %, 12620 MiB, 59.61 W, 36, 2520 MHz, 10251 MHz
2026/08/11 15:55:48.485, 0, NVIDIA GeForce RTX 4090, 0 %, 13772 MiB, 59.08 W, 35, 2520 MHz, 10251 MHz
2026/08/11 15:55:53.486, 0, NVIDIA GeForce RTX 4090, 0 %, 14892 MiB, 59.48 W, 35, 2520 MHz, 10251 MHz
2026/08/11 15:55:58.487, 0, NVIDIA GeForce RTX 4090, 2 %, 16012 MiB, 59.71 W, 35, 2520 MHz, 10251 MHz
2026/08/11 15:56:03.487, 0, NVIDIA GeForce RTX 4090, 0 %, 17100 MiB, 59.36 W, 34, 2520 MHz, 10251 MHz
2026/08/11 15:56:08.488, 0, NVIDIA GeForce RTX 4090, 0 %, 18316 MiB, 59.34 W, 34, 2520 MHz, 10251 MHz
2026/08/11 15:56:13.488, 0, NVIDIA GeForce RTX 4090, 0 %, 19916 MiB, 105.51 W, 40, 2775 MHz, 10251 MHz
2026/08/11 15:56:18.489, 0, NVIDIA GeForce RTX 4090, 100 %, 19916 MiB, 240.77 W, 42, 2760 MHz, 10251 MHz
2026/08/11 15:56:23.489, 0, NVIDIA GeForce RTX 4090, 100 %, 19916 MiB, 229.85 W, 43, 2760 MHz, 10251 MHz
2026/08/11 15:56:28.490, 0, NVIDIA GeForce RTX 4090, 100 %, 19916 MiB, 221.76 W, 43, 2760 MHz, 10251 MHz
2026/08/11 15:56:33.490, 0, NVIDIA GeForce RTX 4090, 100 %, 19940 MiB, 237.33 W, 45, 2760 MHz, 10251 MHz
2026/08/11 15:56:38.491, 0, NVIDIA GeForce RTX 4090, 100 %, 19940 MiB, 241.39 W, 45, 2760 MHz, 10251 MHz
2026/08/11 15:56:43.492, 0, NVIDIA GeForce RTX 4090, 100 %, 19940 MiB, 230.77 W, 45, 2760 MHz, 10251 MHz
2026/08/11 15:56:48.492, 0, NVIDIA GeForce RTX 4090, 100 %, 19940 MiB, 222.47 W, 45, 2760 MHz, 10251 MHz
2026/08/11 15:56:53.493, 0, NVIDIA GeForce RTX 4090, 100 %, 19940 MiB, 226.84 W, 47, 2760 MHz, 10251 MHz
2026/08/11 15:56:58.493, 0, NVIDIA GeForce RTX 4090, 100 %, 19940 MiB, 242.20 W, 47, 2760 MHz, 10251 MHz
2026/08/11 15:57:03.494, 0, NVIDIA GeForce RTX 4090, 100 %, 19940 MiB, 231.51 W, 47, 2760 MHz, 10251 MHz
2026/08/11 15:57:08.494, 0, NVIDIA GeForce RTX 4090, 100 %, 19940 MiB, 222.68 W, 47, 2760 MHz, 10251 MHz
2026/08/11 15:57:13.495, 0, NVIDIA GeForce RTX 4090, 100 %, 19940 MiB, 255.35 W, 48, 2760 MHz, 10251 MHz
2026/08/11 15:57:18.496, 0, NVIDIA GeForce RTX 4090, 100 %, 19940 MiB, 242.48 W, 48, 2760 MHz, 10251 MHz
2026/08/11 15:57:23.496, 0, NVIDIA GeForce RTX 4090, 100 %, 19940 MiB, 232.13 W, 48, 2760 MHz, 10251 MHz
2026/08/11 15:57:28.497, 0, NVIDIA GeForce RTX 4090, 100 %, 19940 MiB, 223.96 W, 48, 2760 MHz, 10251 MHz
2026/08/11 15:57:33.497, 0, NVIDIA GeForce RTX 4090, 100 %, 19940 MiB, 253.89 W, 49, 2760 MHz, 10251 MHz
2026/08/11 15:57:38.498, 0, NVIDIA GeForce RTX 4090, 100 %, 19940 MiB, 243.21 W, 49, 2760 MHz, 10251 MHz
2026/08/11 15:57:43.498, 0, NVIDIA GeForce RTX 4090, 100 %, 19940 MiB, 232.80 W, 49, 2760 MHz, 10251 MHz
2026/08/11 15:57:48.499, 0, NVIDIA GeForce RTX 4090, 100 %, 19940 MiB, 224.26 W, 49, 2760 MHz, 10251 MHz
2026/08/11 15:57:53.499, 0, NVIDIA GeForce RTX 4090, 100 %, 19940 MiB, 256.28 W, 50, 2745 MHz, 10251 MHz
2026/08/11 15:57:58.500, 0, NVIDIA GeForce RTX 4090, 100 %, 19940 MiB, 243.04 W, 50, 2745 MHz, 10251 MHz
2026/08/11 15:58:03.500, 0, NVIDIA GeForce RTX 4090, 100 %, 19940 MiB, 232.84 W, 50, 2745 MHz, 10251 MHz
2026/08/11 15:58:08.501, 0, NVIDIA GeForce RTX 4090, 100 %, 19940 MiB, 224.47 W, 50, 2745 MHz, 10251 MHz
2026/08/11 15:58:13.502, 0, NVIDIA GeForce RTX 4090, 4 %, 260 MiB, 81.52 W, 44, 2760 MHz, 10501 MHz
2026/08/11 15:58:18.502, 0, NVIDIA GeForce RTX 4090, 1 %, 2124 MiB, 62.33 W, 42, 2520 MHz, 10251 MHz
2026/08/11 15:58:23.503, 0, NVIDIA GeForce RTX 4090, 2 %, 3532 MiB, 61.71 W, 41, 2520 MHz, 10251 MHz
2026/08/11 15:58:28.503, 0, NVIDIA GeForce RTX 4090, 0 %, 4780 MiB, 61.43 W, 40, 2520 MHz, 10251 MHz
2026/08/11 15:58:33.504, 0, NVIDIA GeForce RTX 4090, 0 %, 5804 MiB, 60.64 W, 39, 2520 MHz, 10251 MHz
2026/08/11 15:58:38.505, 0, NVIDIA GeForce RTX 4090, 2 %, 6956 MiB, 60.47 W, 39, 2520 MHz, 10251 MHz
2026/08/11 15:58:43.505, 0, NVIDIA GeForce RTX 4090, 0 %, 8140 MiB, 60.71 W, 38, 2520 MHz, 10251 MHz
2026/08/11 15:58:48.506, 0, NVIDIA GeForce RTX 4090, 2 %, 9260 MiB, 60.24 W, 38, 2520 MHz, 10251 MHz
2026/08/11 15:58:53.506, 0, NVIDIA GeForce RTX 4090, 0 %, 10348 MiB, 60.15 W, 37, 2520 MHz, 10251 MHz
2026/08/11 15:58:58.507, 0, NVIDIA GeForce RTX 4090, 1 %, 11436 MiB, 60.05 W, 37, 2520 MHz, 10251 MHz
2026/08/11 15:59:03.508, 0, NVIDIA GeForce RTX 4090, 2 %, 12556 MiB, 59.55 W, 36, 2520 MHz, 10251 MHz
2026/08/11 15:59:08.508, 0, NVIDIA GeForce RTX 4090, 2 %, 13676 MiB, 59.62 W, 36, 2520 MHz, 10251 MHz
2026/08/11 15:59:13.509, 0, NVIDIA GeForce RTX 4090, 2 %, 14764 MiB, 59.68 W, 35, 2520 MHz, 10251 MHz
2026/08/11 15:59:18.510, 0, NVIDIA GeForce RTX 4090, 0 %, 15948 MiB, 59.29 W, 35, 2520 MHz, 10251 MHz
2026/08/11 15:59:23.510, 0, NVIDIA GeForce RTX 4090, 1 %, 17036 MiB, 59.32 W, 35, 2520 MHz, 10251 MHz
2026/08/11 15:59:28.511, 0, NVIDIA GeForce RTX 4090, 100 %, 17864 MiB, 252.10 W, 43, 2760 MHz, 10251 MHz
2026/08/11 15:59:33.511, 0, NVIDIA GeForce RTX 4090, 100 %, 17864 MiB, 250.44 W, 44, 2760 MHz, 10251 MHz
2026/08/11 15:59:38.512, 0, NVIDIA GeForce RTX 4090, 0 %, 260 MiB, 74.32 W, 38, 2760 MHz, 10501 MHz
2026/08/11 15:59:43.513, 0, NVIDIA GeForce RTX 4090, 15 %, 2252 MiB, 60.48 W, 36, 2520 MHz, 10251 MHz
2026/08/11 15:59:48.513, 0, NVIDIA GeForce RTX 4090, 2 %, 3692 MiB, 59.86 W, 36, 2520 MHz, 10251 MHz
2026/08/11 15:59:53.514, 0, NVIDIA GeForce RTX 4090, 0 %, 4940 MiB, 59.57 W, 36, 2520 MHz, 10251 MHz
2026/08/11 15:59:58.514, 0, NVIDIA GeForce RTX 4090, 2 %, 6028 MiB, 59.28 W, 35, 2520 MHz, 10251 MHz
2026/08/11 16:00:03.515, 0, NVIDIA GeForce RTX 4090, 0 %, 7212 MiB, 59.40 W, 35, 2520 MHz, 10251 MHz
2026/08/11 16:00:08.516, 0, NVIDIA GeForce RTX 4090, 0 %, 8364 MiB, 59.08 W, 35, 2520 MHz, 10251 MHz
2026/08/11 16:00:13.516, 0, NVIDIA GeForce RTX 4090, 0 %, 9420 MiB, 59.81 W, 34, 2520 MHz, 10251 MHz
2026/08/11 16:00:18.517, 0, NVIDIA GeForce RTX 4090, 0 %, 10476 MiB, 59.97 W, 34, 2520 MHz, 10251 MHz
2026/08/11 16:00:23.518, 0, NVIDIA GeForce RTX 4090, 2 %, 11628 MiB, 59.75 W, 34, 2520 MHz, 10251 MHz
2026/08/11 16:00:28.518, 0, NVIDIA GeForce RTX 4090, 0 %, 12780 MiB, 59.38 W, 34, 2520 MHz, 10251 MHz
2026/08/11 16:00:33.519, 0, NVIDIA GeForce RTX 4090, 0 %, 13868 MiB, 59.24 W, 33, 2520 MHz, 10251 MHz
2026/08/11 16:00:38.519, 0, NVIDIA GeForce RTX 4090, 2 %, 14956 MiB, 59.19 W, 33, 2520 MHz, 10251 MHz
2026/08/11 16:00:43.520, 0, NVIDIA GeForce RTX 4090, 2 %, 16044 MiB, 58.81 W, 33, 2520 MHz, 10251 MHz
2026/08/11 16:00:48.521, 0, NVIDIA GeForce RTX 4090, 0 %, 17164 MiB, 58.62 W, 33, 2520 MHz, 10251 MHz
2026/08/11 16:00:53.521, 0, NVIDIA GeForce RTX 4090, 0 %, 18316 MiB, 58.70 W, 33, 2520 MHz, 10251 MHz
2026/08/11 16:00:58.522, 0, NVIDIA GeForce RTX 4090, 100 %, 19848 MiB, 245.12 W, 40, 2775 MHz, 10251 MHz
2026/08/11 16:01:03.523, 0, NVIDIA GeForce RTX 4090, 84 %, 19848 MiB, 250.95 W, 42, 2760 MHz, 10251 MHz
2026/08/11 16:01:08.523, 0, NVIDIA GeForce RTX 4090, 100 %, 19848 MiB, 252.56 W, 43, 2760 MHz, 10251 MHz
2026/08/11 16:01:13.524, 0, NVIDIA GeForce RTX 4090, 0 %, 396 MiB, 43.84 W, 35, 2520 MHz, 10251 MHz
2026/08/11 16:01:18.524, 0, NVIDIA GeForce RTX 4090, 1 %, 3084 MiB, 59.31 W, 35, 2520 MHz, 10251 MHz
2026/08/11 16:01:23.525, 0, NVIDIA GeForce RTX 4090, 0 %, 4364 MiB, 59.18 W, 34, 2520 MHz, 10251 MHz
2026/08/11 16:01:28.526, 0, NVIDIA GeForce RTX 4090, 0 %, 5484 MiB, 59.10 W, 34, 2520 MHz, 10251 MHz
2026/08/11 16:01:33.527, 0, NVIDIA GeForce RTX 4090, 3 %, 6604 MiB, 59.06 W, 34, 2520 MHz, 10251 MHz
2026/08/11 16:01:38.527, 0, NVIDIA GeForce RTX 4090, 3 %, 7660 MiB, 59.18 W, 34, 2520 MHz, 10251 MHz
2026/08/11 16:01:43.528, 0, NVIDIA GeForce RTX 4090, 0 %, 8844 MiB, 59.20 W, 33, 2520 MHz, 10251 MHz
2026/08/11 16:01:48.529, 0, NVIDIA GeForce RTX 4090, 0 %, 9932 MiB, 59.10 W, 33, 2520 MHz, 10251 MHz
2026/08/11 16:01:53.530, 0, NVIDIA GeForce RTX 4090, 3 %, 11116 MiB, 58.52 W, 33, 2520 MHz, 10251 MHz
2026/08/11 16:01:58.530, 0, NVIDIA GeForce RTX 4090, 3 %, 12268 MiB, 59.28 W, 33, 2520 MHz, 10251 MHz
2026/08/11 16:02:03.531, 0, NVIDIA GeForce RTX 4090, 0 %, 13452 MiB, 59.15 W, 33, 2520 MHz, 10251 MHz
2026/08/11 16:02:08.532, 0, NVIDIA GeForce RTX 4090, 0 %, 14572 MiB, 58.97 W, 33, 2520 MHz, 10251 MHz
2026/08/11 16:02:13.532, 0, NVIDIA GeForce RTX 4090, 2 %, 15692 MiB, 58.88 W, 33, 2520 MHz, 10251 MHz
2026/08/11 16:02:18.533, 0, NVIDIA GeForce RTX 4090, 0 %, 16876 MiB, 59.12 W, 33, 2520 MHz, 10251 MHz
2026/08/11 16:02:23.534, 0, NVIDIA GeForce RTX 4090, 0 %, 18060 MiB, 58.85 W, 32, 2520 MHz, 10251 MHz
2026/08/11 16:02:28.534, 0, NVIDIA GeForce RTX 4090, 0 %, 19244 MiB, 58.80 W, 32, 2520 MHz, 10251 MHz
2026/08/11 16:02:33.535, 0, NVIDIA GeForce RTX 4090, 84 %, 260 MiB, 75.96 W, 34, 2775 MHz, 10251 MHz
2026/08/11 16:02:38.535, 0, NVIDIA GeForce RTX 4090, 0 %, 2124 MiB, 59.30 W, 33, 2520 MHz, 10251 MHz
2026/08/11 16:02:43.536, 0, NVIDIA GeForce RTX 4090, 2 %, 3628 MiB, 58.51 W, 33, 2520 MHz, 10251 MHz
2026/08/11 16:02:48.537, 0, NVIDIA GeForce RTX 4090, 2 %, 4812 MiB, 58.87 W, 33, 2520 MHz, 10251 MHz
2026/08/11 16:02:53.537, 0, NVIDIA GeForce RTX 4090, 0 %, 5996 MiB, 59.33 W, 32, 2520 MHz, 10251 MHz
2026/08/11 16:02:58.538, 0, NVIDIA GeForce RTX 4090, 2 %, 7148 MiB, 58.76 W, 32, 2520 MHz, 10251 MHz
2026/08/11 16:03:03.538, 0, NVIDIA GeForce RTX 4090, 0 %, 8268 MiB, 58.62 W, 32, 2520 MHz, 10251 MHz
2026/08/11 16:03:08.539, 0, NVIDIA GeForce RTX 4090, 0 %, 9420 MiB, 58.57 W, 32, 2520 MHz, 10251 MHz
2026/08/11 16:03:13.539, 0, NVIDIA GeForce RTX 4090, 0 %, 10572 MiB, 58.69 W, 32, 2520 MHz, 10251 MHz
2026/08/11 16:03:18.540, 0, NVIDIA GeForce RTX 4090, 0 %, 11692 MiB, 58.64 W, 32, 2520 MHz, 10251 MHz
2026/08/11 16:03:23.541, 0, NVIDIA GeForce RTX 4090, 2 %, 12844 MiB, 58.71 W, 32, 2520 MHz, 10251 MHz
2026/08/11 16:03:28.541, 0, NVIDIA GeForce RTX 4090, 0 %, 13900 MiB, 58.27 W, 32, 2520 MHz, 10251 MHz
2026/08/11 16:03:33.542, 0, NVIDIA GeForce RTX 4090, 0 %, 14988 MiB, 58.51 W, 32, 2520 MHz, 10251 MHz
2026/08/11 16:03:38.543, 0, NVIDIA GeForce RTX 4090, 0 %, 16108 MiB, 58.62 W, 32, 2520 MHz, 10251 MHz
2026/08/11 16:03:43.544, 0, NVIDIA GeForce RTX 4090, 0 %, 17196 MiB, 58.58 W, 32, 2520 MHz, 10251 MHz
2026/08/11 16:03:48.544, 0, NVIDIA GeForce RTX 4090, 4 %, 18444 MiB, 59.00 W, 32, 2520 MHz, 10251 MHz
2026/08/11 16:03:53.545, 0, NVIDIA GeForce RTX 4090, 76 %, 19908 MiB, 228.66 W, 38, 2760 MHz, 10251 MHz
2026/08/11 16:03:58.545, 0, NVIDIA GeForce RTX 4090, 0 %, 22180 MiB, 225.18 W, 37, 2760 MHz, 10251 MHz
2026/08/11 16:04:03.546, 0, NVIDIA GeForce RTX 4090, 0 %, 1 MiB, 29.14 W, 32, 405 MHz, 810 MHz
2026/08/11 16:04:08.547, 0, NVIDIA GeForce RTX 4090, 0 %, 1 MiB, 20.09 W, 31, 210 MHz, 405 MHz
2026/08/11 16:04:13.547, 0, NVIDIA GeForce RTX 4090, 0 %, 1 MiB, 20.14 W, 31, 210 MHz, 405 MHz
2026/08/11 16:04:18.548, 0, NVIDIA GeForce RTX 4090, 0 %, 1 MiB, 19.74 W, 31, 210 MHz, 405 MHz
2026/08/11 16:04:23.560, 0, NVIDIA GeForce RTX 4090, 0 %, 2892 MiB, 58.20 W, 32, 2520 MHz, 10251 MHz
2026/08/11 16:04:28.561, 0, NVIDIA GeForce RTX 4090, 2 %, 4268 MiB, 57.63 W, 32, 2520 MHz, 10251 MHz
2026/08/11 16:04:33.561, 0, NVIDIA GeForce RTX 4090, 1 %, 5356 MiB, 58.15 W, 32, 2520 MHz, 10251 MHz
2026/08/11 16:04:38.562, 0, NVIDIA GeForce RTX 4090, 0 %, 6508 MiB, 58.23 W, 32, 2520 MHz, 10251 MHz
2026/08/11 16:04:43.563, 0, NVIDIA GeForce RTX 4090, 3 %, 7564 MiB, 58.31 W, 32, 2520 MHz, 10251 MHz
2026/08/11 16:04:48.563, 0, NVIDIA GeForce RTX 4090, 2 %, 8716 MiB, 58.22 W, 32, 2520 MHz, 10251 MHz
2026/08/11 16:04:53.564, 0, NVIDIA GeForce RTX 4090, 2 %, 9804 MiB, 58.17 W, 32, 2520 MHz, 10251 MHz
2026/08/11 16:04:58.564, 0, NVIDIA GeForce RTX 4090, 0 %, 10988 MiB, 58.62 W, 32, 2520 MHz, 10251 MHz
2026/08/11 16:05:03.565, 0, NVIDIA GeForce RTX 4090, 0 %, 12140 MiB, 58.24 W, 32, 2520 MHz, 10251 MHz
2026/08/11 16:05:08.566, 0, NVIDIA GeForce RTX 4090, 1 %, 13324 MiB, 58.44 W, 32, 2520 MHz, 10251 MHz
2026/08/11 16:05:13.566, 0, NVIDIA GeForce RTX 4090, 1 %, 14412 MiB, 59.00 W, 32, 2520 MHz, 10251 MHz
2026/08/11 16:05:18.567, 0, NVIDIA GeForce RTX 4090, 1 %, 15596 MiB, 58.08 W, 32, 2520 MHz, 10251 MHz
2026/08/11 16:05:23.568, 0, NVIDIA GeForce RTX 4090, 0 %, 16748 MiB, 58.11 W, 32, 2520 MHz, 10251 MHz
2026/08/11 16:05:28.568, 0, NVIDIA GeForce RTX 4090, 0 %, 17868 MiB, 58.00 W, 32, 2520 MHz, 10251 MHz
2026/08/11 16:05:33.569, 0, NVIDIA GeForce RTX 4090, 0 %, 19116 MiB, 58.07 W, 32, 2520 MHz, 10251 MHz
2026/08/11 16:05:38.569, 0, NVIDIA GeForce RTX 4090, 100 %, 22340 MiB, 262.57 W, 43, 2760 MHz, 10251 MHz
2026/08/11 16:05:43.570, 0, NVIDIA GeForce RTX 4090, 100 %, 22340 MiB, 304.46 W, 46, 2760 MHz, 10251 MHz
2026/08/11 16:05:48.571, 0, NVIDIA GeForce RTX 4090, 100 %, 19876 MiB, 251.68 W, 43, 2760 MHz, 10251 MHz
2026/08/11 16:05:53.571, 0, NVIDIA GeForce RTX 4090, 100 %, 19876 MiB, 239.04 W, 43, 2760 MHz, 10251 MHz
2026/08/11 16:05:58.572, 0, NVIDIA GeForce RTX 4090, 100 %, 19876 MiB, 229.12 W, 44, 2760 MHz, 10251 MHz
2026/08/11 16:06:03.572, 0, NVIDIA GeForce RTX 4090, 100 %, 19876 MiB, 250.43 W, 45, 2760 MHz, 10251 MHz
2026/08/11 16:06:08.574, 0, NVIDIA GeForce RTX 4090, 100 %, 19876 MiB, 239.44 W, 45, 2760 MHz, 10251 MHz
2026/08/11 16:06:13.574, 0, NVIDIA GeForce RTX 4090, 100 %, 19876 MiB, 229.29 W, 45, 2760 MHz, 10251 MHz
2026/08/11 16:06:18.575, 0, NVIDIA GeForce RTX 4090, 100 %, 19876 MiB, 251.85 W, 46, 2760 MHz, 10251 MHz
2026/08/11 16:06:23.576, 0, NVIDIA GeForce RTX 4090, 100 %, 19876 MiB, 239.55 W, 47, 2760 MHz, 10251 MHz
2026/08/11 16:06:28.577, 0, NVIDIA GeForce RTX 4090, 100 %, 19876 MiB, 230.18 W, 47, 2760 MHz, 10251 MHz
2026/08/11 16:06:33.577, 0, NVIDIA GeForce RTX 4090, 0 %, 22148 MiB, 72.18 W, 41, 2520 MHz, 10251 MHz
2026/08/11 16:06:38.578, 0, NVIDIA GeForce RTX 4090, 0 %, 22148 MiB, 60.87 W, 39, 2520 MHz, 10251 MHz
2026/08/11 16:06:43.578, 0, NVIDIA GeForce RTX 4090, 0 %, 22148 MiB, 60.70 W, 38, 2520 MHz, 10251 MHz
2026/08/11 16:06:48.579, 0, NVIDIA GeForce RTX 4090, 0 %, 22148 MiB, 60.45 W, 38, 2520 MHz, 10251 MHz
2026/08/11 16:06:53.580, 0, NVIDIA GeForce RTX 4090, 0 %, 22148 MiB, 20.79 W, 36, 210 MHz, 405 MHz
2026/08/11 16:06:58.580, 0, NVIDIA GeForce RTX 4090, 100 %, 20868 MiB, 250.32 W, 44, 2760 MHz, 10251 MHz
2026/08/11 16:07:03.581, 0, NVIDIA GeForce RTX 4090, 100 %, 20868 MiB, 238.32 W, 45, 2760 MHz, 10251 MHz
2026/08/11 16:07:08.581, 0, NVIDIA GeForce RTX 4090, 100 %, 20868 MiB, 228.75 W, 45, 2760 MHz, 10251 MHz
2026/08/11 16:07:13.582, 0, NVIDIA GeForce RTX 4090, 100 %, 20868 MiB, 220.57 W, 45, 2760 MHz, 10251 MHz
2026/08/11 16:07:18.582, 0, NVIDIA GeForce RTX 4090, 100 %, 20868 MiB, 214.29 W, 45, 2760 MHz, 10251 MHz
2026/08/11 16:07:23.583, 0, NVIDIA GeForce RTX 4090, 100 %, 20868 MiB, 208.71 W, 45, 2760 MHz, 10251 MHz
2026/08/11 16:07:28.584, 0, NVIDIA GeForce RTX 4090, 100 %, 20868 MiB, 203.72 W, 45, 2760 MHz, 10251 MHz
2026/08/11 16:07:33.584, 0, NVIDIA GeForce RTX 4090, 100 %, 20868 MiB, 199.22 W, 45, 2760 MHz, 10251 MHz
2026/08/11 16:07:38.585, 0, NVIDIA GeForce RTX 4090, 100 %, 20868 MiB, 195.52 W, 45, 2760 MHz, 10251 MHz
2026/08/11 16:07:43.586, 0, NVIDIA GeForce RTX 4090, 100 %, 20868 MiB, 192.67 W, 46, 2760 MHz, 10251 MHz
2026/08/11 16:07:48.586, 0, NVIDIA GeForce RTX 4090, 100 %, 20868 MiB, 189.49 W, 46, 2760 MHz, 10251 MHz
2026/08/11 16:07:53.587, 0, NVIDIA GeForce RTX 4090, 100 %, 20868 MiB, 187.06 W, 45, 2760 MHz, 10251 MHz
2026/08/11 16:07:58.587, 0, NVIDIA GeForce RTX 4090, 100 %, 20868 MiB, 184.37 W, 45, 2760 MHz, 10251 MHz
2026/08/11 16:08:03.588, 0, NVIDIA GeForce RTX 4090, 100 %, 20868 MiB, 181.96 W, 45, 2760 MHz, 10251 MHz
2026/08/11 16:08:08.589, 0, NVIDIA GeForce RTX 4090, 100 %, 20868 MiB, 179.60 W, 45, 2760 MHz, 10251 MHz
2026/08/11 16:08:13.589, 0, NVIDIA GeForce RTX 4090, 100 %, 20868 MiB, 177.23 W, 45, 2760 MHz, 10251 MHz
2026/08/11 16:08:18.590, 0, NVIDIA GeForce RTX 4090, 100 %, 20868 MiB, 175.71 W, 45, 2760 MHz, 10251 MHz
2026/08/11 16:08:23.591, 0, NVIDIA GeForce RTX 4090, 100 %, 20868 MiB, 174.00 W, 45, 2760 MHz, 10251 MHz
2026/08/11 16:08:28.591, 0, NVIDIA GeForce RTX 4090, 100 %, 20868 MiB, 172.16 W, 45, 2760 MHz, 10251 MHz
2026/08/11 16:08:33.592, 0, NVIDIA GeForce RTX 4090, 100 %, 20868 MiB, 170.40 W, 45, 2760 MHz, 10251 MHz
2026/08/11 16:08:38.593, 0, NVIDIA GeForce RTX 4090, 100 %, 20868 MiB, 169.62 W, 45, 2760 MHz, 10251 MHz
2026/08/11 16:08:43.594, 0, NVIDIA GeForce RTX 4090, 100 %, 20868 MiB, 167.94 W, 45, 2760 MHz, 10251 MHz
2026/08/11 16:08:48.594, 0, NVIDIA GeForce RTX 4090, 100 %, 20868 MiB, 166.27 W, 45, 2760 MHz, 10251 MHz
2026/08/11 16:08:53.595, 0, NVIDIA GeForce RTX 4090, 100 %, 20868 MiB, 165.28 W, 44, 2760 MHz, 10251 MHz
2026/08/11 16:08:58.596, 0, NVIDIA GeForce RTX 4090, 100 %, 20868 MiB, 163.96 W, 44, 2760 MHz, 10251 MHz
2026/08/11 16:09:03.596, 0, NVIDIA GeForce RTX 4090, 100 %, 20868 MiB, 163.11 W, 44, 2760 MHz, 10251 MHz
2026/08/11 16:09:08.597, 0, NVIDIA GeForce RTX 4090, 100 %, 20868 MiB, 162.18 W, 44, 2760 MHz, 10251 MHz
2026/08/11 16:09:13.598, 0, NVIDIA GeForce RTX 4090, 100 %, 20868 MiB, 160.93 W, 44, 2760 MHz, 10251 MHz
2026/08/11 16:09:18.598, 0, NVIDIA GeForce RTX 4090, 100 %, 20868 MiB, 159.57 W, 44, 2760 MHz, 10251 MHz
2026/08/11 16:09:23.599, 0, NVIDIA GeForce RTX 4090, 100 %, 20868 MiB, 158.85 W, 44, 2760 MHz, 10251 MHz
2026/08/11 16:09:28.599, 0, NVIDIA GeForce RTX 4090, 100 %, 20868 MiB, 158.27 W, 44, 2760 MHz, 10251 MHz
2026/08/11 16:09:33.600, 0, NVIDIA GeForce RTX 4090, 100 %, 20868 MiB, 157.46 W, 43, 2760 MHz, 10251 MHz
2026/08/11 16:09:38.601, 0, NVIDIA GeForce RTX 4090, 100 %, 20868 MiB, 157.06 W, 43, 2760 MHz, 10251 MHz
2026/08/11 16:09:43.601, 0, NVIDIA GeForce RTX 4090, 100 %, 20868 MiB, 155.64 W, 43, 2760 MHz, 10251 MHz
2026/08/11 16:09:48.602, 0, NVIDIA GeForce RTX 4090, 100 %, 20868 MiB, 154.61 W, 43, 2760 MHz, 10251 MHz
2026/08/11 16:09:53.602, 0, NVIDIA GeForce RTX 4090, 100 %, 20868 MiB, 153.99 W, 43, 2760 MHz, 10251 MHz
2026/08/11 16:09:58.603, 0, NVIDIA GeForce RTX 4090, 100 %, 20868 MiB, 153.51 W, 43, 2760 MHz, 10251 MHz
2026/08/11 16:10:03.604, 0, NVIDIA GeForce RTX 4090, 100 %, 20868 MiB, 153.27 W, 43, 2760 MHz, 10251 MHz
2026/08/11 16:10:08.604, 0, NVIDIA GeForce RTX 4090, 100 %, 20868 MiB, 152.64 W, 43, 2760 MHz, 10251 MHz
2026/08/11 16:10:13.605, 0, NVIDIA GeForce RTX 4090, 100 %, 20868 MiB, 152.17 W, 43, 2760 MHz, 10251 MHz
2026/08/11 16:10:18.606, 0, NVIDIA GeForce RTX 4090, 100 %, 20868 MiB, 151.04 W, 43, 2760 MHz, 10251 MHz
2026/08/11 16:10:23.606, 0, NVIDIA GeForce RTX 4090, 100 %, 20868 MiB, 150.18 W, 43, 2760 MHz, 10251 MHz
2026/08/11 16:10:28.607, 0, NVIDIA GeForce RTX 4090, 100 %, 20868 MiB, 149.68 W, 43, 2760 MHz, 10251 MHz
2026/08/11 16:10:33.608, 0, NVIDIA GeForce RTX 4090, 100 %, 20868 MiB, 149.35 W, 43, 2760 MHz, 10251 MHz
2026/08/11 16:10:38.608, 0, NVIDIA GeForce RTX 4090, 100 %, 20868 MiB, 148.52 W, 43, 2760 MHz, 10251 MHz
2026/08/11 16:10:43.609, 0, NVIDIA GeForce RTX 4090, 100 %, 20868 MiB, 148.42 W, 42, 2760 MHz, 10251 MHz
2026/08/11 16:10:48.609, 0, NVIDIA GeForce RTX 4090, 100 %, 20868 MiB, 147.58 W, 42, 2760 MHz, 10251 MHz
2026/08/11 16:10:53.610, 0, NVIDIA GeForce RTX 4090, 100 %, 20868 MiB, 147.32 W, 42, 2760 MHz, 10251 MHz
2026/08/11 16:10:58.611, 0, NVIDIA GeForce RTX 4090, 100 %, 20868 MiB, 146.73 W, 42, 2760 MHz, 10251 MHz
2026/08/11 16:11:03.611, 0, NVIDIA GeForce RTX 4090, 100 %, 20868 MiB, 146.11 W, 42, 2760 MHz, 10251 MHz
2026/08/11 16:11:08.612, 0, NVIDIA GeForce RTX 4090, 100 %, 20868 MiB, 145.49 W, 42, 2760 MHz, 10251 MHz
2026/08/11 16:11:13.613, 0, NVIDIA GeForce RTX 4090, 100 %, 20868 MiB, 145.06 W, 42, 2760 MHz, 10251 MHz
2026/08/11 16:11:18.613, 0, NVIDIA GeForce RTX 4090, 100 %, 20868 MiB, 144.50 W, 42, 2760 MHz, 10251 MHz
2026/08/11 16:11:23.614, 0, NVIDIA GeForce RTX 4090, 100 %, 20868 MiB, 144.10 W, 42, 2760 MHz, 10251 MHz
2026/08/11 16:11:28.615, 0, NVIDIA GeForce RTX 4090, 100 %, 20868 MiB, 144.00 W, 42, 2760 MHz, 10251 MHz
2026/08/11 16:11:33.615, 0, NVIDIA GeForce RTX 4090, 100 %, 20868 MiB, 143.40 W, 42, 2760 MHz, 10251 MHz
2026/08/11 16:11:38.616, 0, NVIDIA GeForce RTX 4090, 100 %, 20868 MiB, 143.04 W, 42, 2760 MHz, 10251 MHz
2026/08/11 16:11:43.617, 0, NVIDIA GeForce RTX 4090, 100 %, 20868 MiB, 142.67 W, 42, 2760 MHz, 10251 MHz
2026/08/11 16:11:48.618, 0, NVIDIA GeForce RTX 4090, 100 %, 20868 MiB, 141.98 W, 42, 2760 MHz, 10251 MHz
2026/08/11 16:11:53.618, 0, NVIDIA GeForce RTX 4090, 99 %, 20868 MiB, 141.78 W, 42, 2760 MHz, 10251 MHz
2026/08/11 16:11:58.619, 0, NVIDIA GeForce RTX 4090, 100 %, 20868 MiB, 141.57 W, 42, 2760 MHz, 10251 MHz
2026/08/11 16:12:03.620, 0, NVIDIA GeForce RTX 4090, 100 %, 20868 MiB, 141.17 W, 42, 2760 MHz, 10251 MHz
2026/08/11 16:12:08.620, 0, NVIDIA GeForce RTX 4090, 100 %, 20868 MiB, 140.64 W, 42, 2760 MHz, 10251 MHz
2026/08/11 16:12:13.621, 0, NVIDIA GeForce RTX 4090, 100 %, 20868 MiB, 140.20 W, 41, 2760 MHz, 10251 MHz
2026/08/11 16:12:18.622, 0, NVIDIA GeForce RTX 4090, 100 %, 20868 MiB, 139.99 W, 42, 2760 MHz, 10251 MHz
2026/08/11 16:12:23.622, 0, NVIDIA GeForce RTX 4090, 100 %, 20868 MiB, 139.87 W, 41, 2760 MHz, 10251 MHz
2026/08/11 16:12:28.623, 0, NVIDIA GeForce RTX 4090, 100 %, 20868 MiB, 139.63 W, 41, 2760 MHz, 10251 MHz
2026/08/11 16:12:33.623, 0, NVIDIA GeForce RTX 4090, 100 %, 20868 MiB, 139.53 W, 41, 2760 MHz, 10251 MHz
2026/08/11 16:12:38.624, 0, NVIDIA GeForce RTX 4090, 100 %, 20868 MiB, 139.20 W, 41, 2760 MHz, 10251 MHz
2026/08/11 16:12:43.625, 0, NVIDIA GeForce RTX 4090, 100 %, 20868 MiB, 138.79 W, 42, 2760 MHz, 10251 MHz
2026/08/11 16:12:48.625, 0, NVIDIA GeForce RTX 4090, 100 %, 20868 MiB, 138.64 W, 41, 2760 MHz, 10251 MHz
2026/08/11 16:12:53.626, 0, NVIDIA GeForce RTX 4090, 100 %, 20868 MiB, 138.61 W, 41, 2760 MHz, 10251 MHz
2026/08/11 16:12:58.626, 0, NVIDIA GeForce RTX 4090, 100 %, 20868 MiB, 138.15 W, 41, 2760 MHz, 10251 MHz
2026/08/11 16:13:03.627, 0, NVIDIA GeForce RTX 4090, 100 %, 20868 MiB, 137.79 W, 41, 2760 MHz, 10251 MHz
2026/08/11 16:13:08.628, 0, NVIDIA GeForce RTX 4090, 100 %, 20868 MiB, 137.10 W, 41, 2760 MHz, 10251 MHz
2026/08/11 16:13:13.628, 0, NVIDIA GeForce RTX 4090, 100 %, 20868 MiB, 137.26 W, 41, 2760 MHz, 10251 MHz
2026/08/11 16:13:18.629, 0, NVIDIA GeForce RTX 4090, 100 %, 20868 MiB, 136.58 W, 41, 2760 MHz, 10251 MHz
2026/08/11 16:13:23.630, 0, NVIDIA GeForce RTX 4090, 100 %, 20868 MiB, 136.83 W, 41, 2760 MHz, 10251 MHz
2026/08/11 16:13:28.630, 0, NVIDIA GeForce RTX 4090, 100 %, 20868 MiB, 136.31 W, 41, 2760 MHz, 10251 MHz
2026/08/11 16:13:33.631, 0, NVIDIA GeForce RTX 4090, 100 %, 20868 MiB, 136.47 W, 42, 2760 MHz, 10251 MHz
2026/08/11 16:13:38.632, 0, NVIDIA GeForce RTX 4090, 100 %, 20868 MiB, 136.28 W, 41, 2760 MHz, 10251 MHz
2026/08/11 16:13:43.632, 0, NVIDIA GeForce RTX 4090, 100 %, 20868 MiB, 136.03 W, 41, 2760 MHz, 10251 MHz
2026/08/11 16:13:48.633, 0, NVIDIA GeForce RTX 4090, 100 %, 20868 MiB, 135.46 W, 41, 2760 MHz, 10251 MHz
2026/08/11 16:13:53.634, 0, NVIDIA GeForce RTX 4090, 100 %, 20868 MiB, 135.67 W, 41, 2760 MHz, 10251 MHz
2026/08/11 16:13:58.634, 0, NVIDIA GeForce RTX 4090, 100 %, 20868 MiB, 135.29 W, 41, 2760 MHz, 10251 MHz
2026/08/11 16:14:03.635, 0, NVIDIA GeForce RTX 4090, 100 %, 20868 MiB, 134.95 W, 41, 2760 MHz, 10251 MHz
2026/08/11 16:14:08.636, 0, NVIDIA GeForce RTX 4090, 100 %, 20868 MiB, 134.37 W, 41, 2760 MHz, 10251 MHz
2026/08/11 16:14:13.636, 0, NVIDIA GeForce RTX 4090, 100 %, 20868 MiB, 134.97 W, 41, 2760 MHz, 10251 MHz
2026/08/11 16:14:18.637, 0, NVIDIA GeForce RTX 4090, 100 %, 20868 MiB, 134.53 W, 41, 2760 MHz, 10251 MHz
2026/08/11 16:14:23.637, 0, NVIDIA GeForce RTX 4090, 100 %, 20868 MiB, 134.20 W, 41, 2760 MHz, 10251 MHz
2026/08/11 16:14:28.638, 0, NVIDIA GeForce RTX 4090, 100 %, 20868 MiB, 134.31 W, 41, 2760 MHz, 10251 MHz
2026/08/11 16:14:33.639, 0, NVIDIA GeForce RTX 4090, 100 %, 20868 MiB, 133.77 W, 41, 2760 MHz, 10251 MHz
2026/08/11 16:14:38.640, 0, NVIDIA GeForce RTX 4090, 100 %, 20868 MiB, 133.82 W, 41, 2760 MHz, 10251 MHz
2026/08/11 16:14:43.640, 0, NVIDIA GeForce RTX 4090, 100 %, 20868 MiB, 133.55 W, 41, 2760 MHz, 10251 MHz
2026/08/11 16:14:48.641, 0, NVIDIA GeForce RTX 4090, 100 %, 20868 MiB, 133.31 W, 41, 2760 MHz, 10251 MHz
2026/08/11 16:14:53.642, 0, NVIDIA GeForce RTX 4090, 100 %, 20868 MiB, 133.01 W, 41, 2760 MHz, 10251 MHz
2026/08/11 16:14:58.642, 0, NVIDIA GeForce RTX 4090, 100 %, 20868 MiB, 132.28 W, 41, 2760 MHz, 10251 MHz
2026/08/11 16:15:03.643, 0, NVIDIA GeForce RTX 4090, 100 %, 20868 MiB, 132.72 W, 41, 2760 MHz, 10251 MHz
2026/08/11 16:15:08.644, 0, NVIDIA GeForce RTX 4090, 100 %, 20868 MiB, 132.47 W, 41, 2760 MHz, 10251 MHz
2026/08/11 16:15:13.644, 0, NVIDIA GeForce RTX 4090, 100 %, 20868 MiB, 132.38 W, 41, 2760 MHz, 10251 MHz
2026/08/11 16:15:18.645, 0, NVIDIA GeForce RTX 4090, 100 %, 20868 MiB, 132.02 W, 41, 2760 MHz, 10251 MHz
2026/08/11 16:15:23.646, 0, NVIDIA GeForce RTX 4090, 100 %, 20868 MiB, 132.18 W, 41, 2760 MHz, 10251 MHz
2026/08/11 16:15:28.646, 0, NVIDIA GeForce RTX 4090, 100 %, 20868 MiB, 132.24 W, 41, 2760 MHz, 10251 MHz
2026/08/11 16:15:33.647, 0, NVIDIA GeForce RTX 4090, 100 %, 20868 MiB, 131.56 W, 41, 2760 MHz, 10251 MHz
2026/08/11 16:15:38.648, 0, NVIDIA GeForce RTX 4090, 100 %, 20868 MiB, 131.09 W, 41, 2760 MHz, 10251 MHz
2026/08/11 16:15:43.648, 0, NVIDIA GeForce RTX 4090, 100 %, 20868 MiB, 131.33 W, 41, 2760 MHz, 10251 MHz
2026/08/11 16:15:48.649, 0, NVIDIA GeForce RTX 4090, 100 %, 20868 MiB, 131.43 W, 41, 2760 MHz, 10251 MHz
2026/08/11 16:15:53.650, 0, NVIDIA GeForce RTX 4090, 100 %, 20868 MiB, 131.18 W, 41, 2760 MHz, 10251 MHz
2026/08/11 16:15:58.650, 0, NVIDIA GeForce RTX 4090, 100 %, 20868 MiB, 131.35 W, 40, 2760 MHz, 10251 MHz
2026/08/11 16:16:03.651, 0, NVIDIA GeForce RTX 4090, 100 %, 20868 MiB, 131.25 W, 41, 2760 MHz, 10251 MHz
2026/08/11 16:16:08.652, 0, NVIDIA GeForce RTX 4090, 100 %, 20868 MiB, 130.33 W, 40, 2760 MHz, 10251 MHz
2026/08/11 16:16:13.652, 0, NVIDIA GeForce RTX 4090, 100 %, 20868 MiB, 130.96 W, 40, 2760 MHz, 10251 MHz
2026/08/11 16:16:18.653, 0, NVIDIA GeForce RTX 4090, 100 %, 20868 MiB, 130.41 W, 40, 2760 MHz, 10251 MHz
2026/08/11 16:16:23.653, 0, NVIDIA GeForce RTX 4090, 100 %, 20868 MiB, 130.54 W, 40, 2760 MHz, 10251 MHz
2026/08/11 16:16:28.654, 0, NVIDIA GeForce RTX 4090, 100 %, 20868 MiB, 130.79 W, 40, 2760 MHz, 10251 MHz
2026/08/11 16:16:33.656, 0, NVIDIA GeForce RTX 4090, 100 %, 20868 MiB, 129.99 W, 41, 2760 MHz, 10251 MHz
2026/08/11 16:16:38.656, 0, NVIDIA GeForce RTX 4090, 100 %, 20868 MiB, 129.88 W, 40, 2760 MHz, 10251 MHz
2026/08/11 16:16:43.657, 0, NVIDIA GeForce RTX 4090, 100 %, 20868 MiB, 129.64 W, 40, 2760 MHz, 10251 MHz
2026/08/11 16:16:48.657, 0, NVIDIA GeForce RTX 4090, 100 %, 20868 MiB, 129.90 W, 40, 2760 MHz, 10251 MHz
2026/08/11 16:16:53.658, 0, NVIDIA GeForce RTX 4090, 100 %, 20868 MiB, 129.56 W, 40, 2760 MHz, 10251 MHz
2026/08/11 16:16:58.659, 0, NVIDIA GeForce RTX 4090, 100 %, 20868 MiB, 129.25 W, 40, 2760 MHz, 10251 MHz
2026/08/11 16:17:03.660, 0, NVIDIA GeForce RTX 4090, 100 %, 20868 MiB, 129.32 W, 40, 2760 MHz, 10251 MHz
2026/08/11 16:17:08.660, 0, NVIDIA GeForce RTX 4090, 100 %, 20868 MiB, 129.15 W, 40, 2760 MHz, 10251 MHz
2026/08/11 16:17:13.661, 0, NVIDIA GeForce RTX 4090, 100 %, 20868 MiB, 129.17 W, 40, 2760 MHz, 10251 MHz
2026/08/11 16:17:18.661, 0, NVIDIA GeForce RTX 4090, 100 %, 20868 MiB, 128.99 W, 40, 2760 MHz, 10251 MHz
2026/08/11 16:17:23.662, 0, NVIDIA GeForce RTX 4090, 100 %, 20868 MiB, 129.00 W, 40, 2760 MHz, 10251 MHz
2026/08/11 16:17:28.663, 0, NVIDIA GeForce RTX 4090, 100 %, 20868 MiB, 128.43 W, 40, 2760 MHz, 10251 MHz
2026/08/11 16:17:33.663, 0, NVIDIA GeForce RTX 4090, 100 %, 20868 MiB, 128.60 W, 40, 2760 MHz, 10251 MHz
2026/08/11 16:17:38.664, 0, NVIDIA GeForce RTX 4090, 100 %, 20868 MiB, 128.73 W, 40, 2760 MHz, 10251 MHz
2026/08/11 16:17:43.665, 0, NVIDIA GeForce RTX 4090, 100 %, 20868 MiB, 128.67 W, 40, 2760 MHz, 10251 MHz
2026/08/11 16:17:48.665, 0, NVIDIA GeForce RTX 4090, 100 %, 20868 MiB, 128.16 W, 40, 2760 MHz, 10251 MHz
2026/08/11 16:17:53.666, 0, NVIDIA GeForce RTX 4090, 100 %, 20868 MiB, 128.05 W, 40, 2760 MHz, 10251 MHz
2026/08/11 16:17:58.666, 0, NVIDIA GeForce RTX 4090, 100 %, 20868 MiB, 128.37 W, 40, 2760 MHz, 10251 MHz
2026/08/11 16:18:03.667, 0, NVIDIA GeForce RTX 4090, 100 %, 20868 MiB, 128.00 W, 40, 2760 MHz, 10251 MHz
2026/08/11 16:18:08.668, 0, NVIDIA GeForce RTX 4090, 100 %, 20868 MiB, 127.76 W, 40, 2760 MHz, 10251 MHz
2026/08/11 16:18:13.668, 0, NVIDIA GeForce RTX 4090, 100 %, 20868 MiB, 127.24 W, 40, 2760 MHz, 10251 MHz
2026/08/11 16:18:18.669, 0, NVIDIA GeForce RTX 4090, 100 %, 20868 MiB, 127.76 W, 40, 2760 MHz, 10251 MHz
2026/08/11 16:18:23.670, 0, NVIDIA GeForce RTX 4090, 100 %, 23140 MiB, 143.01 W, 44, 2760 MHz, 10251 MHz
2026/08/11 16:18:28.670, 0, NVIDIA GeForce RTX 4090, 100 %, 22148 MiB, 335.52 W, 49, 2760 MHz, 10251 MHz
2026/08/11 16:18:33.671, 0, NVIDIA GeForce RTX 4090, 100 %, 22148 MiB, 333.03 W, 50, 2760 MHz, 10251 MHz
2026/08/11 16:18:38.672, 0, NVIDIA GeForce RTX 4090, 93 %, 19908 MiB, 288.93 W, 48, 2760 MHz, 10251 MHz
2026/08/11 16:18:43.672, 0, NVIDIA GeForce RTX 4090, 59 %, 19876 MiB, 238.74 W, 48, 2760 MHz, 10251 MHz
2026/08/11 16:18:48.673, 0, NVIDIA GeForce RTX 4090, 100 %, 19844 MiB, 241.32 W, 48, 2760 MHz, 10251 MHz
2026/08/11 16:18:53.674, 0, NVIDIA GeForce RTX 4090, 100 %, 19844 MiB, 243.92 W, 49, 2760 MHz, 10251 MHz
2026/08/11 16:18:58.674, 0, NVIDIA GeForce RTX 4090, 100 %, 19844 MiB, 244.60 W, 48, 2760 MHz, 10251 MHz
2026/08/11 16:19:03.675, 0, NVIDIA GeForce RTX 4090, 100 %, 19844 MiB, 244.54 W, 48, 2760 MHz, 10251 MHz
2026/08/11 16:19:08.676, 0, NVIDIA GeForce RTX 4090, 100 %, 19844 MiB, 252.42 W, 49, 2760 MHz, 10251 MHz
2026/08/11 16:19:13.676, 0, NVIDIA GeForce RTX 4090, 98 %, 22116 MiB, 251.63 W, 50, 2760 MHz, 10251 MHz
2026/08/11 16:19:18.677, 0, NVIDIA GeForce RTX 4090, 86 %, 19844 MiB, 252.18 W, 50, 2760 MHz, 10251 MHz
2026/08/11 16:19:23.677, 0, NVIDIA GeForce RTX 4090, 87 %, 19844 MiB, 251.68 W, 50, 2760 MHz, 10251 MHz
2026/08/11 16:19:28.678, 0, NVIDIA GeForce RTX 4090, 100 %, 19844 MiB, 244.30 W, 50, 2760 MHz, 10251 MHz
2026/08/11 16:19:33.679, 0, NVIDIA GeForce RTX 4090, 100 %, 19844 MiB, 245.03 W, 50, 2760 MHz, 10251 MHz
2026/08/11 16:19:38.679, 0, NVIDIA GeForce RTX 4090, 100 %, 19844 MiB, 244.87 W, 50, 2760 MHz, 10251 MHz
2026/08/11 16:19:43.680, 0, NVIDIA GeForce RTX 4090, 100 %, 19844 MiB, 245.00 W, 49, 2760 MHz, 10251 MHz
2026/08/11 16:19:48.681, 0, NVIDIA GeForce RTX 4090, 100 %, 19844 MiB, 252.32 W, 53, 2760 MHz, 10251 MHz
2026/08/11 16:19:53.681, 0, NVIDIA GeForce RTX 4090, 100 %, 22116 MiB, 252.50 W, 51, 2745 MHz, 10251 MHz
2026/08/11 16:19:58.682, 0, NVIDIA GeForce RTX 4090, 0 %, 260 MiB, 78.38 W, 45, 2760 MHz, 10501 MHz
2026/08/11 16:20:03.683, 0, NVIDIA GeForce RTX 4090, 0 %, 2732 MiB, 62.67 W, 43, 2520 MHz, 10251 MHz
2026/08/11 16:20:08.683, 0, NVIDIA GeForce RTX 4090, 0 %, 4108 MiB, 62.29 W, 41, 2520 MHz, 10251 MHz
2026/08/11 16:20:13.684, 0, NVIDIA GeForce RTX 4090, 3 %, 5228 MiB, 62.28 W, 41, 2520 MHz, 10251 MHz
2026/08/11 16:20:18.685, 0, NVIDIA GeForce RTX 4090, 2 %, 6316 MiB, 62.02 W, 40, 2520 MHz, 10251 MHz
2026/08/11 16:20:23.685, 0, NVIDIA GeForce RTX 4090, 0 %, 7436 MiB, 61.82 W, 39, 2520 MHz, 10251 MHz
2026/08/11 16:20:28.686, 0, NVIDIA GeForce RTX 4090, 2 %, 8588 MiB, 61.46 W, 38, 2520 MHz, 10251 MHz
2026/08/11 16:20:33.686, 0, NVIDIA GeForce RTX 4090, 3 %, 9644 MiB, 60.89 W, 38, 2520 MHz, 10251 MHz
2026/08/11 16:20:38.687, 0, NVIDIA GeForce RTX 4090, 0 %, 10796 MiB, 60.44 W, 37, 2520 MHz, 10251 MHz
2026/08/11 16:20:43.688, 0, NVIDIA GeForce RTX 4090, 0 %, 11916 MiB, 59.90 W, 37, 2520 MHz, 10251 MHz
2026/08/11 16:20:48.688, 0, NVIDIA GeForce RTX 4090, 2 %, 13100 MiB, 60.62 W, 36, 2520 MHz, 10251 MHz
2026/08/11 16:20:53.689, 0, NVIDIA GeForce RTX 4090, 0 %, 14188 MiB, 60.32 W, 36, 2520 MHz, 10251 MHz
2026/08/11 16:20:58.690, 0, NVIDIA GeForce RTX 4090, 0 %, 15340 MiB, 60.03 W, 35, 2520 MHz, 10251 MHz
2026/08/11 16:21:03.690, 0, NVIDIA GeForce RTX 4090, 3 %, 16460 MiB, 59.96 W, 35, 2520 MHz, 10251 MHz
2026/08/11 16:21:08.691, 0, NVIDIA GeForce RTX 4090, 5 %, 17612 MiB, 59.51 W, 35, 2520 MHz, 10251 MHz
2026/08/11 16:21:13.692, 0, NVIDIA GeForce RTX 4090, 0 %, 18668 MiB, 59.65 W, 34, 2520 MHz, 10251 MHz
2026/08/11 16:21:18.692, 0, NVIDIA GeForce RTX 4090, 0 %, 22116 MiB, 88.56 W, 35, 2760 MHz, 10251 MHz
2026/08/11 16:21:23.693, 0, NVIDIA GeForce RTX 4090, 0 %, 1 MiB, 50.24 W, 33, 360 MHz, 810 MHz
2026/08/11 16:21:28.693, 0, NVIDIA GeForce RTX 4090, 0 %, 1 MiB, 20.44 W, 32, 210 MHz, 405 MHz
2026/08/11 16:21:33.694, 0, NVIDIA GeForce RTX 4090, 0 %, 1 MiB, 20.12 W, 32, 210 MHz, 405 MHz
2026/08/11 16:21:38.695, 0, NVIDIA GeForce RTX 4090, 0 %, 1 MiB, 19.90 W, 32, 210 MHz, 405 MHz
2026/08/11 16:21:43.695, 0, NVIDIA GeForce RTX 4090, 0 %, 1 MiB, 19.69 W, 31, 210 MHz, 405 MHz
2026/08/11 16:21:48.696, 0, NVIDIA GeForce RTX 4090, 0 %, 1 MiB, 19.54 W, 31, 210 MHz, 405 MHz
2026/08/11 16:21:53.696, 0, NVIDIA GeForce RTX 4090, 0 %, 1132 MiB, 58.14 W, 32, 2520 MHz, 10251 MHz
2026/08/11 16:21:58.697, 0, NVIDIA GeForce RTX 4090, 0 %, 3404 MiB, 58.10 W, 32, 2520 MHz, 10251 MHz
2026/08/11 16:22:03.698, 0, NVIDIA GeForce RTX 4090, 2 %, 4556 MiB, 58.37 W, 32, 2520 MHz, 10251 MHz
2026/08/11 16:22:08.699, 0, NVIDIA GeForce RTX 4090, 0 %, 5676 MiB, 58.48 W, 32, 2520 MHz, 10251 MHz
2026/08/11 16:22:13.699, 0, NVIDIA GeForce RTX 4090, 1 %, 6796 MiB, 58.23 W, 32, 2520 MHz, 10251 MHz
2026/08/11 16:22:18.700, 0, NVIDIA GeForce RTX 4090, 2 %, 7948 MiB, 58.38 W, 32, 2520 MHz, 10251 MHz
2026/08/11 16:22:23.701, 0, NVIDIA GeForce RTX 4090, 1 %, 9132 MiB, 58.59 W, 32, 2520 MHz, 10251 MHz
2026/08/11 16:22:28.701, 0, NVIDIA GeForce RTX 4090, 2 %, 10252 MiB, 58.49 W, 32, 2520 MHz, 10251 MHz
2026/08/11 16:22:33.702, 0, NVIDIA GeForce RTX 4090, 2 %, 11340 MiB, 58.40 W, 32, 2520 MHz, 10251 MHz
2026/08/11 16:22:38.703, 0, NVIDIA GeForce RTX 4090, 2 %, 12364 MiB, 58.42 W, 32, 2520 MHz, 10251 MHz
2026/08/11 16:22:43.703, 0, NVIDIA GeForce RTX 4090, 2 %, 13484 MiB, 58.78 W, 32, 2520 MHz, 10251 MHz
2026/08/11 16:22:48.704, 0, NVIDIA GeForce RTX 4090, 0 %, 14668 MiB, 58.10 W, 32, 2520 MHz, 10251 MHz
2026/08/11 16:22:53.704, 0, NVIDIA GeForce RTX 4090, 0 %, 15820 MiB, 58.56 W, 32, 2520 MHz, 10251 MHz
2026/08/11 16:22:58.705, 0, NVIDIA GeForce RTX 4090, 0 %, 16940 MiB, 58.76 W, 32, 2520 MHz, 10251 MHz
2026/08/11 16:23:03.705, 0, NVIDIA GeForce RTX 4090, 100 %, 17864 MiB, 251.52 W, 41, 2760 MHz, 10251 MHz
2026/08/11 16:23:08.706, 0, NVIDIA GeForce RTX 4090, 100 %, 17864 MiB, 252.70 W, 42, 2760 MHz, 10251 MHz
2026/08/11 16:23:13.707, 0, NVIDIA GeForce RTX 4090, 83 %, 17864 MiB, 252.02 W, 43, 2760 MHz, 10251 MHz
2026/08/11 16:23:18.707, 0, NVIDIA GeForce RTX 4090, 0 %, 260 MiB, 78.65 W, 38, 2760 MHz, 10501 MHz
2026/08/11 16:23:23.708, 0, NVIDIA GeForce RTX 4090, 1 %, 1132 MiB, 60.90 W, 36, 2520 MHz, 10251 MHz
2026/08/11 16:23:28.708, 0, NVIDIA GeForce RTX 4090, 0 %, 3564 MiB, 60.67 W, 35, 2520 MHz, 10251 MHz
2026/08/11 16:23:33.709, 0, NVIDIA GeForce RTX 4090, 0 %, 4780 MiB, 60.15 W, 35, 2520 MHz, 10251 MHz
2026/08/11 16:23:38.710, 0, NVIDIA GeForce RTX 4090, 0 %, 5900 MiB, 60.29 W, 34, 2520 MHz, 10251 MHz
2026/08/11 16:23:43.710, 0, NVIDIA GeForce RTX 4090, 0 %, 7020 MiB, 59.76 W, 34, 2520 MHz, 10251 MHz
2026/08/11 16:23:48.711, 0, NVIDIA GeForce RTX 4090, 3 %, 8204 MiB, 59.94 W, 34, 2520 MHz, 10251 MHz
2026/08/11 16:23:53.711, 0, NVIDIA GeForce RTX 4090, 0 %, 9292 MiB, 60.03 W, 34, 2520 MHz, 10251 MHz
2026/08/11 16:23:58.712, 0, NVIDIA GeForce RTX 4090, 2 %, 10412 MiB, 59.65 W, 33, 2520 MHz, 10251 MHz
2026/08/11 16:24:03.712, 0, NVIDIA GeForce RTX 4090, 2 %, 11500 MiB, 59.46 W, 33, 2520 MHz, 10251 MHz
2026/08/11 16:24:08.713, 0, NVIDIA GeForce RTX 4090, 2 %, 12620 MiB, 59.63 W, 33, 2520 MHz, 10251 MHz
2026/08/11 16:24:13.714, 0, NVIDIA GeForce RTX 4090, 0 %, 13740 MiB, 59.08 W, 33, 2520 MHz, 10251 MHz
2026/08/11 16:24:18.714, 0, NVIDIA GeForce RTX 4090, 2 %, 14892 MiB, 59.03 W, 33, 2520 MHz, 10251 MHz
2026/08/11 16:24:23.715, 0, NVIDIA GeForce RTX 4090, 0 %, 16044 MiB, 58.52 W, 33, 2520 MHz, 10251 MHz
2026/08/11 16:24:28.715, 0, NVIDIA GeForce RTX 4090, 0 %, 17132 MiB, 58.57 W, 32, 2520 MHz, 10251 MHz
2026/08/11 16:24:33.716, 0, NVIDIA GeForce RTX 4090, 0 %, 18220 MiB, 58.42 W, 32, 2520 MHz, 10251 MHz
2026/08/11 16:24:38.717, 0, NVIDIA GeForce RTX 4090, 0 %, 19820 MiB, 58.78 W, 32, 2520 MHz, 10251 MHz
2026/08/11 16:24:43.717, 0, NVIDIA GeForce RTX 4090, 100 %, 19844 MiB, 250.35 W, 41, 2760 MHz, 10251 MHz
2026/08/11 16:24:48.718, 0, NVIDIA GeForce RTX 4090, 100 %, 19844 MiB, 251.72 W, 42, 2760 MHz, 10251 MHz
2026/08/11 16:24:53.718, 0, NVIDIA GeForce RTX 4090, 87 %, 19844 MiB, 248.56 W, 43, 2760 MHz, 10251 MHz
2026/08/11 16:24:58.719, 0, NVIDIA GeForce RTX 4090, 0 %, 1 MiB, 73.32 W, 37, 2760 MHz, 10501 MHz
2026/08/11 16:25:03.720, 0, NVIDIA GeForce RTX 4090, 0 %, 1 MiB, 20.26 W, 34, 210 MHz, 405 MHz
2026/08/11 16:25:08.720, 0, NVIDIA GeForce RTX 4090, 0 %, 1 MiB, 21.06 W, 33, 210 MHz, 405 MHz
2026/08/11 16:25:13.721, 0, NVIDIA GeForce RTX 4090, 0 %, 1 MiB, 20.36 W, 33, 210 MHz, 405 MHz
2026/08/11 16:25:18.721, 0, NVIDIA GeForce RTX 4090, 0 %, 1 MiB, 20.74 W, 32, 210 MHz, 405 MHz
2026/08/11 16:25:23.722, 0, NVIDIA GeForce RTX 4090, 0 %, 1 MiB, 20.13 W, 32, 210 MHz, 405 MHz
2026/08/11 16:25:28.723, 0, NVIDIA GeForce RTX 4090, 0 %, 1 MiB, 20.43 W, 31, 210 MHz, 405 MHz
