timestamp, index, name, utilization.gpu [%], memory.used [MiB], power.draw [W], temperature.gpu, clocks.current.sm [MHz], clocks.current.memory [MHz]
2026/08/11 11:56:01.153, 0, NVIDIA GeForce RTX 4090, 100 %, 19912 MiB, 135.79 W, 53, 2745 MHz, 10251 MHz
2026/08/11 11:56:06.161, 0, NVIDIA GeForce RTX 4090, 100 %, 19912 MiB, 135.99 W, 53, 2745 MHz, 10251 MHz
2026/08/11 11:56:11.162, 0, NVIDIA GeForce RTX 4090, 100 %, 19912 MiB, 136.23 W, 53, 2745 MHz, 10251 MHz
2026/08/11 11:56:16.162, 0, NVIDIA GeForce RTX 4090, 100 %, 19912 MiB, 135.39 W, 53, 2745 MHz, 10251 MHz
2026/08/11 11:56:21.163, 0, NVIDIA GeForce RTX 4090, 100 %, 19912 MiB, 136.01 W, 53, 2745 MHz, 10251 MHz
2026/08/11 11:56:26.164, 0, NVIDIA GeForce RTX 4090, 100 %, 19912 MiB, 135.13 W, 53, 2745 MHz, 10251 MHz
2026/08/11 11:56:31.164, 0, NVIDIA GeForce RTX 4090, 100 %, 19912 MiB, 135.20 W, 53, 2745 MHz, 10251 MHz
2026/08/11 11:56:36.165, 0, NVIDIA GeForce RTX 4090, 100 %, 19912 MiB, 135.15 W, 53, 2745 MHz, 10251 MHz
2026/08/11 11:56:41.166, 0, NVIDIA GeForce RTX 4090, 100 %, 19912 MiB, 135.06 W, 53, 2745 MHz, 10251 MHz
2026/08/11 11:56:46.166, 0, NVIDIA GeForce RTX 4090, 100 %, 19912 MiB, 134.61 W, 53, 2745 MHz, 10251 MHz
2026/08/11 11:56:51.167, 0, NVIDIA GeForce RTX 4090, 100 %, 19912 MiB, 134.97 W, 53, 2745 MHz, 10251 MHz
2026/08/11 11:56:56.168, 0, NVIDIA GeForce RTX 4090, 100 %, 19912 MiB, 134.05 W, 53, 2745 MHz, 10251 MHz
2026/08/11 11:57:01.168, 0, NVIDIA GeForce RTX 4090, 100 %, 19912 MiB, 134.36 W, 53, 2745 MHz, 10251 MHz
2026/08/11 11:57:06.169, 0, NVIDIA GeForce RTX 4090, 100 %, 19912 MiB, 134.05 W, 53, 2745 MHz, 10251 MHz
2026/08/11 11:57:11.169, 0, NVIDIA GeForce RTX 4090, 100 %, 19912 MiB, 133.87 W, 53, 2745 MHz, 10251 MHz
2026/08/11 11:57:16.170, 0, NVIDIA GeForce RTX 4090, 100 %, 19912 MiB, 134.04 W, 53, 2745 MHz, 10251 MHz
2026/08/11 11:57:21.170, 0, NVIDIA GeForce RTX 4090, 100 %, 19912 MiB, 134.16 W, 53, 2745 MHz, 10251 MHz
2026/08/11 11:57:26.171, 0, NVIDIA GeForce RTX 4090, 100 %, 19912 MiB, 134.29 W, 53, 2745 MHz, 10251 MHz
2026/08/11 11:57:31.171, 0, NVIDIA GeForce RTX 4090, 100 %, 19912 MiB, 134.37 W, 53, 2745 MHz, 10251 MHz
2026/08/11 11:57:36.172, 0, NVIDIA GeForce RTX 4090, 100 %, 19912 MiB, 133.79 W, 53, 2745 MHz, 10251 MHz
2026/08/11 11:57:41.173, 0, NVIDIA GeForce RTX 4090, 100 %, 19912 MiB, 133.76 W, 53, 2745 MHz, 10251 MHz
2026/08/11 11:57:46.173, 0, NVIDIA GeForce RTX 4090, 100 %, 19912 MiB, 133.39 W, 52, 2745 MHz, 10251 MHz
2026/08/11 11:57:51.174, 0, NVIDIA GeForce RTX 4090, 100 %, 19912 MiB, 133.51 W, 53, 2745 MHz, 10251 MHz
2026/08/11 11:57:56.174, 0, NVIDIA GeForce RTX 4090, 100 %, 19912 MiB, 133.00 W, 52, 2745 MHz, 10251 MHz
2026/08/11 11:58:01.175, 0, NVIDIA GeForce RTX 4090, 100 %, 19912 MiB, 133.29 W, 52, 2745 MHz, 10251 MHz
2026/08/11 11:58:06.176, 0, NVIDIA GeForce RTX 4090, 100 %, 19912 MiB, 133.07 W, 52, 2745 MHz, 10251 MHz
2026/08/11 11:58:11.177, 0, NVIDIA GeForce RTX 4090, 100 %, 19912 MiB, 133.32 W, 52, 2745 MHz, 10251 MHz
2026/08/11 11:58:16.177, 0, NVIDIA GeForce RTX 4090, 100 %, 19912 MiB, 132.37 W, 52, 2745 MHz, 10251 MHz
2026/08/11 11:58:21.178, 0, NVIDIA GeForce RTX 4090, 100 %, 19912 MiB, 132.29 W, 52, 2745 MHz, 10251 MHz
2026/08/11 11:58:26.178, 0, NVIDIA GeForce RTX 4090, 100 %, 19912 MiB, 132.25 W, 52, 2745 MHz, 10251 MHz
2026/08/11 11:58:31.179, 0, NVIDIA GeForce RTX 4090, 100 %, 19912 MiB, 131.98 W, 52, 2745 MHz, 10251 MHz
2026/08/11 11:58:36.180, 0, NVIDIA GeForce RTX 4090, 100 %, 19912 MiB, 132.19 W, 52, 2745 MHz, 10251 MHz
2026/08/11 11:58:41.180, 0, NVIDIA GeForce RTX 4090, 100 %, 19912 MiB, 132.72 W, 52, 2745 MHz, 10251 MHz
2026/08/11 11:58:46.181, 0, NVIDIA GeForce RTX 4090, 100 %, 19912 MiB, 132.43 W, 52, 2745 MHz, 10251 MHz
2026/08/11 11:58:51.182, 0, NVIDIA GeForce RTX 4090, 100 %, 19912 MiB, 132.14 W, 52, 2745 MHz, 10251 MHz
2026/08/11 11:58:56.182, 0, NVIDIA GeForce RTX 4090, 100 %, 19912 MiB, 132.19 W, 52, 2745 MHz, 10251 MHz
2026/08/11 11:59:01.183, 0, NVIDIA GeForce RTX 4090, 100 %, 19912 MiB, 132.14 W, 52, 2745 MHz, 10251 MHz
2026/08/11 11:59:06.183, 0, NVIDIA GeForce RTX 4090, 100 %, 19912 MiB, 132.03 W, 52, 2745 MHz, 10251 MHz
2026/08/11 11:59:11.186, 0, NVIDIA GeForce RTX 4090, 100 %, 19912 MiB, 131.58 W, 52, 2745 MHz, 10251 MHz
2026/08/11 11:59:16.187, 0, NVIDIA GeForce RTX 4090, 100 %, 19912 MiB, 132.11 W, 52, 2745 MHz, 10251 MHz
2026/08/11 11:59:21.188, 0, NVIDIA GeForce RTX 4090, 100 %, 19912 MiB, 131.67 W, 52, 2745 MHz, 10251 MHz
2026/08/11 11:59:26.188, 0, NVIDIA GeForce RTX 4090, 100 %, 19912 MiB, 131.65 W, 52, 2745 MHz, 10251 MHz
2026/08/11 11:59:31.189, 0, NVIDIA GeForce RTX 4090, 100 %, 19912 MiB, 131.27 W, 52, 2745 MHz, 10251 MHz
2026/08/11 11:59:36.190, 0, NVIDIA GeForce RTX 4090, 100 %, 19912 MiB, 130.94 W, 52, 2745 MHz, 10251 MHz
2026/08/11 11:59:41.190, 0, NVIDIA GeForce RTX 4090, 100 %, 19912 MiB, 131.53 W, 52, 2745 MHz, 10251 MHz
2026/08/11 11:59:46.191, 0, NVIDIA GeForce RTX 4090, 100 %, 19912 MiB, 131.13 W, 52, 2745 MHz, 10251 MHz
2026/08/11 11:59:51.191, 0, NVIDIA GeForce RTX 4090, 100 %, 19912 MiB, 130.80 W, 52, 2745 MHz, 10251 MHz
2026/08/11 11:59:56.192, 0, NVIDIA GeForce RTX 4090, 100 %, 19912 MiB, 130.91 W, 51, 2745 MHz, 10251 MHz
2026/08/11 12:00:01.193, 0, NVIDIA GeForce RTX 4090, 100 %, 19912 MiB, 130.66 W, 52, 2745 MHz, 10251 MHz
2026/08/11 12:00:06.194, 0, NVIDIA GeForce RTX 4090, 100 %, 19912 MiB, 130.39 W, 51, 2745 MHz, 10251 MHz
2026/08/11 12:00:11.194, 0, NVIDIA GeForce RTX 4090, 100 %, 19912 MiB, 130.18 W, 51, 2745 MHz, 10251 MHz
2026/08/11 12:00:16.195, 0, NVIDIA GeForce RTX 4090, 100 %, 19912 MiB, 131.00 W, 51, 2745 MHz, 10251 MHz
2026/08/11 12:00:21.196, 0, NVIDIA GeForce RTX 4090, 100 %, 19912 MiB, 129.93 W, 51, 2745 MHz, 10251 MHz
2026/08/11 12:00:26.197, 0, NVIDIA GeForce RTX 4090, 100 %, 19912 MiB, 130.30 W, 51, 2745 MHz, 10251 MHz
2026/08/11 12:00:31.198, 0, NVIDIA GeForce RTX 4090, 100 %, 19912 MiB, 130.16 W, 51, 2745 MHz, 10251 MHz
2026/08/11 12:00:36.199, 0, NVIDIA GeForce RTX 4090, 100 %, 19912 MiB, 130.47 W, 51, 2745 MHz, 10251 MHz
2026/08/11 12:00:41.199, 0, NVIDIA GeForce RTX 4090, 100 %, 19912 MiB, 130.24 W, 51, 2745 MHz, 10251 MHz
2026/08/11 12:00:46.200, 0, NVIDIA GeForce RTX 4090, 100 %, 19912 MiB, 129.58 W, 51, 2745 MHz, 10251 MHz
2026/08/11 12:00:51.201, 0, NVIDIA GeForce RTX 4090, 100 %, 19912 MiB, 129.82 W, 52, 2745 MHz, 10251 MHz
2026/08/11 12:00:56.202, 0, NVIDIA GeForce RTX 4090, 100 %, 19912 MiB, 129.79 W, 51, 2745 MHz, 10251 MHz
2026/08/11 12:01:01.202, 0, NVIDIA GeForce RTX 4090, 100 %, 19912 MiB, 129.86 W, 51, 2745 MHz, 10251 MHz
2026/08/11 12:01:06.203, 0, NVIDIA GeForce RTX 4090, 100 %, 19912 MiB, 129.26 W, 51, 2745 MHz, 10251 MHz
2026/08/11 12:01:11.204, 0, NVIDIA GeForce RTX 4090, 100 %, 19912 MiB, 128.94 W, 51, 2745 MHz, 10251 MHz
2026/08/11 12:01:16.204, 0, NVIDIA GeForce RTX 4090, 100 %, 19912 MiB, 129.15 W, 51, 2745 MHz, 10251 MHz
2026/08/11 12:01:21.205, 0, NVIDIA GeForce RTX 4090, 100 %, 19912 MiB, 129.12 W, 51, 2745 MHz, 10251 MHz
2026/08/11 12:01:26.206, 0, NVIDIA GeForce RTX 4090, 100 %, 19912 MiB, 129.26 W, 51, 2745 MHz, 10251 MHz
2026/08/11 12:01:31.207, 0, NVIDIA GeForce RTX 4090, 100 %, 19912 MiB, 128.97 W, 51, 2745 MHz, 10251 MHz
2026/08/11 12:01:36.207, 0, NVIDIA GeForce RTX 4090, 100 %, 19912 MiB, 128.81 W, 51, 2745 MHz, 10251 MHz
2026/08/11 12:01:41.208, 0, NVIDIA GeForce RTX 4090, 100 %, 19912 MiB, 128.62 W, 51, 2745 MHz, 10251 MHz
2026/08/11 12:01:46.208, 0, NVIDIA GeForce RTX 4090, 100 %, 19912 MiB, 129.05 W, 51, 2745 MHz, 10251 MHz
2026/08/11 12:01:51.209, 0, NVIDIA GeForce RTX 4090, 100 %, 19912 MiB, 128.86 W, 51, 2745 MHz, 10251 MHz
2026/08/11 12:01:56.210, 0, NVIDIA GeForce RTX 4090, 100 %, 19912 MiB, 128.87 W, 51, 2745 MHz, 10251 MHz
2026/08/11 12:02:01.211, 0, NVIDIA GeForce RTX 4090, 100 %, 19912 MiB, 128.65 W, 51, 2745 MHz, 10251 MHz
2026/08/11 12:02:06.212, 0, NVIDIA GeForce RTX 4090, 100 %, 19912 MiB, 128.94 W, 51, 2745 MHz, 10251 MHz
2026/08/11 12:02:11.212, 0, NVIDIA GeForce RTX 4090, 100 %, 19912 MiB, 128.55 W, 51, 2745 MHz, 10251 MHz
2026/08/11 12:02:16.213, 0, NVIDIA GeForce RTX 4090, 100 %, 19912 MiB, 128.75 W, 51, 2745 MHz, 10251 MHz
2026/08/11 12:02:21.214, 0, NVIDIA GeForce RTX 4090, 100 %, 19912 MiB, 128.13 W, 51, 2745 MHz, 10251 MHz
2026/08/11 12:02:26.214, 0, NVIDIA GeForce RTX 4090, 100 %, 19912 MiB, 127.89 W, 51, 2745 MHz, 10251 MHz
2026/08/11 12:02:31.215, 0, NVIDIA GeForce RTX 4090, 100 %, 19912 MiB, 128.24 W, 51, 2745 MHz, 10251 MHz
2026/08/11 12:02:36.215, 0, NVIDIA GeForce RTX 4090, 100 %, 19912 MiB, 128.40 W, 51, 2745 MHz, 10251 MHz
2026/08/11 12:02:41.216, 0, NVIDIA GeForce RTX 4090, 100 %, 19912 MiB, 128.44 W, 50, 2745 MHz, 10251 MHz
2026/08/11 12:02:46.216, 0, NVIDIA GeForce RTX 4090, 100 %, 19912 MiB, 128.26 W, 50, 2745 MHz, 10251 MHz
2026/08/11 12:02:51.217, 0, NVIDIA GeForce RTX 4090, 100 %, 19912 MiB, 128.27 W, 50, 2745 MHz, 10251 MHz
2026/08/11 12:02:56.218, 0, NVIDIA GeForce RTX 4090, 100 %, 19912 MiB, 127.94 W, 51, 2745 MHz, 10251 MHz
2026/08/11 12:03:01.218, 0, NVIDIA GeForce RTX 4090, 100 %, 19912 MiB, 128.18 W, 50, 2745 MHz, 10251 MHz
2026/08/11 12:03:06.219, 0, NVIDIA GeForce RTX 4090, 100 %, 19912 MiB, 128.39 W, 50, 2745 MHz, 10251 MHz
2026/08/11 12:03:11.220, 0, NVIDIA GeForce RTX 4090, 100 %, 19912 MiB, 127.85 W, 50, 2745 MHz, 10251 MHz
2026/08/11 12:03:16.221, 0, NVIDIA GeForce RTX 4090, 100 %, 19912 MiB, 127.52 W, 50, 2745 MHz, 10251 MHz
2026/08/11 12:03:21.222, 0, NVIDIA GeForce RTX 4090, 100 %, 19912 MiB, 127.22 W, 50, 2745 MHz, 10251 MHz
2026/08/11 12:03:26.222, 0, NVIDIA GeForce RTX 4090, 100 %, 19912 MiB, 127.64 W, 50, 2745 MHz, 10251 MHz
2026/08/11 12:03:31.223, 0, NVIDIA GeForce RTX 4090, 100 %, 19912 MiB, 127.08 W, 50, 2745 MHz, 10251 MHz
2026/08/11 12:03:36.224, 0, NVIDIA GeForce RTX 4090, 100 %, 19912 MiB, 126.94 W, 50, 2745 MHz, 10251 MHz
2026/08/11 12:03:41.224, 0, NVIDIA GeForce RTX 4090, 100 %, 19912 MiB, 127.00 W, 50, 2745 MHz, 10251 MHz
2026/08/11 12:03:46.225, 0, NVIDIA GeForce RTX 4090, 100 %, 19912 MiB, 127.72 W, 50, 2745 MHz, 10251 MHz
2026/08/11 12:03:51.226, 0, NVIDIA GeForce RTX 4090, 100 %, 19912 MiB, 127.07 W, 50, 2745 MHz, 10251 MHz
2026/08/11 12:03:56.226, 0, NVIDIA GeForce RTX 4090, 100 %, 19912 MiB, 126.73 W, 50, 2745 MHz, 10251 MHz
2026/08/11 12:04:01.227, 0, NVIDIA GeForce RTX 4090, 100 %, 19912 MiB, 127.03 W, 50, 2745 MHz, 10251 MHz
2026/08/11 12:04:06.227, 0, NVIDIA GeForce RTX 4090, 100 %, 19912 MiB, 126.59 W, 50, 2745 MHz, 10251 MHz
2026/08/11 12:04:11.228, 0, NVIDIA GeForce RTX 4090, 100 %, 19912 MiB, 126.51 W, 50, 2745 MHz, 10251 MHz
2026/08/11 12:04:16.229, 0, NVIDIA GeForce RTX 4090, 100 %, 19912 MiB, 127.20 W, 50, 2745 MHz, 10251 MHz
2026/08/11 12:04:21.229, 0, NVIDIA GeForce RTX 4090, 100 %, 19912 MiB, 127.16 W, 50, 2745 MHz, 10251 MHz
2026/08/11 12:04:26.230, 0, NVIDIA GeForce RTX 4090, 100 %, 19912 MiB, 126.82 W, 50, 2745 MHz, 10251 MHz
2026/08/11 12:04:31.231, 0, NVIDIA GeForce RTX 4090, 100 %, 19912 MiB, 126.35 W, 50, 2745 MHz, 10251 MHz
2026/08/11 12:04:36.231, 0, NVIDIA GeForce RTX 4090, 100 %, 19912 MiB, 126.49 W, 50, 2745 MHz, 10251 MHz
2026/08/11 12:04:41.232, 0, NVIDIA GeForce RTX 4090, 100 %, 19912 MiB, 126.68 W, 50, 2745 MHz, 10251 MHz
2026/08/11 12:04:46.233, 0, NVIDIA GeForce RTX 4090, 100 %, 19912 MiB, 126.43 W, 50, 2745 MHz, 10251 MHz
2026/08/11 12:04:51.233, 0, NVIDIA GeForce RTX 4090, 100 %, 19912 MiB, 126.31 W, 50, 2745 MHz, 10251 MHz
2026/08/11 12:04:56.234, 0, NVIDIA GeForce RTX 4090, 100 %, 19912 MiB, 126.54 W, 50, 2745 MHz, 10251 MHz
2026/08/11 12:05:01.234, 0, NVIDIA GeForce RTX 4090, 100 %, 19912 MiB, 126.72 W, 50, 2745 MHz, 10251 MHz
2026/08/11 12:05:06.235, 0, NVIDIA GeForce RTX 4090, 100 %, 19912 MiB, 126.38 W, 50, 2745 MHz, 10251 MHz
2026/08/11 12:05:11.235, 0, NVIDIA GeForce RTX 4090, 100 %, 19912 MiB, 126.11 W, 49, 2745 MHz, 10251 MHz
2026/08/11 12:05:16.236, 0, NVIDIA GeForce RTX 4090, 100 %, 19912 MiB, 125.81 W, 49, 2745 MHz, 10251 MHz
2026/08/11 12:05:21.237, 0, NVIDIA GeForce RTX 4090, 100 %, 19912 MiB, 125.56 W, 50, 2745 MHz, 10251 MHz
2026/08/11 12:05:26.237, 0, NVIDIA GeForce RTX 4090, 100 %, 19912 MiB, 125.97 W, 49, 2745 MHz, 10251 MHz
2026/08/11 12:05:31.238, 0, NVIDIA GeForce RTX 4090, 100 %, 19912 MiB, 125.44 W, 49, 2745 MHz, 10251 MHz
2026/08/11 12:05:36.238, 0, NVIDIA GeForce RTX 4090, 100 %, 19912 MiB, 125.78 W, 49, 2745 MHz, 10251 MHz
2026/08/11 12:05:41.239, 0, NVIDIA GeForce RTX 4090, 100 %, 19912 MiB, 125.08 W, 49, 2745 MHz, 10251 MHz
2026/08/11 12:05:46.239, 0, NVIDIA GeForce RTX 4090, 100 %, 19912 MiB, 125.71 W, 49, 2745 MHz, 10251 MHz
2026/08/11 12:05:51.240, 0, NVIDIA GeForce RTX 4090, 100 %, 19912 MiB, 125.53 W, 49, 2745 MHz, 10251 MHz
2026/08/11 12:05:56.240, 0, NVIDIA GeForce RTX 4090, 100 %, 19912 MiB, 125.60 W, 49, 2745 MHz, 10251 MHz
2026/08/11 12:06:01.241, 0, NVIDIA GeForce RTX 4090, 100 %, 19912 MiB, 124.98 W, 49, 2745 MHz, 10251 MHz
2026/08/11 12:06:06.242, 0, NVIDIA GeForce RTX 4090, 100 %, 19912 MiB, 125.57 W, 49, 2745 MHz, 10251 MHz
2026/08/11 12:06:11.244, 0, NVIDIA GeForce RTX 4090, 100 %, 19912 MiB, 125.10 W, 49, 2745 MHz, 10251 MHz
2026/08/11 12:06:16.244, 0, NVIDIA GeForce RTX 4090, 100 %, 19912 MiB, 125.08 W, 49, 2745 MHz, 10251 MHz
2026/08/11 12:06:21.245, 0, NVIDIA GeForce RTX 4090, 100 %, 19912 MiB, 125.04 W, 49, 2745 MHz, 10251 MHz
2026/08/11 12:06:26.245, 0, NVIDIA GeForce RTX 4090, 100 %, 19912 MiB, 124.79 W, 49, 2745 MHz, 10251 MHz
2026/08/11 12:06:31.246, 0, NVIDIA GeForce RTX 4090, 100 %, 19912 MiB, 125.02 W, 48, 2745 MHz, 10251 MHz
2026/08/11 12:06:36.247, 0, NVIDIA GeForce RTX 4090, 100 %, 19912 MiB, 125.15 W, 48, 2745 MHz, 10251 MHz
2026/08/11 12:06:41.247, 0, NVIDIA GeForce RTX 4090, 100 %, 19912 MiB, 125.22 W, 48, 2745 MHz, 10251 MHz
2026/08/11 12:06:46.248, 0, NVIDIA GeForce RTX 4090, 100 %, 19912 MiB, 124.75 W, 48, 2745 MHz, 10251 MHz
2026/08/11 12:06:51.248, 0, NVIDIA GeForce RTX 4090, 100 %, 19912 MiB, 124.73 W, 48, 2745 MHz, 10251 MHz
2026/08/11 12:06:56.249, 0, NVIDIA GeForce RTX 4090, 100 %, 19912 MiB, 125.07 W, 48, 2745 MHz, 10251 MHz
2026/08/11 12:07:01.250, 0, NVIDIA GeForce RTX 4090, 100 %, 19912 MiB, 124.44 W, 48, 2745 MHz, 10251 MHz
2026/08/11 12:07:06.250, 0, NVIDIA GeForce RTX 4090, 100 %, 19912 MiB, 124.85 W, 48, 2745 MHz, 10251 MHz
2026/08/11 12:07:11.251, 0, NVIDIA GeForce RTX 4090, 100 %, 19912 MiB, 124.61 W, 48, 2745 MHz, 10251 MHz
2026/08/11 12:07:16.251, 0, NVIDIA GeForce RTX 4090, 100 %, 19912 MiB, 124.33 W, 48, 2745 MHz, 10251 MHz
2026/08/11 12:07:21.252, 0, NVIDIA GeForce RTX 4090, 100 %, 19912 MiB, 124.13 W, 48, 2745 MHz, 10251 MHz
2026/08/11 12:07:26.253, 0, NVIDIA GeForce RTX 4090, 100 %, 19912 MiB, 124.37 W, 48, 2745 MHz, 10251 MHz
2026/08/11 12:07:31.253, 0, NVIDIA GeForce RTX 4090, 100 %, 19912 MiB, 124.50 W, 48, 2745 MHz, 10251 MHz
2026/08/11 12:07:36.254, 0, NVIDIA GeForce RTX 4090, 100 %, 19912 MiB, 123.94 W, 48, 2745 MHz, 10251 MHz
2026/08/11 12:07:41.254, 0, NVIDIA GeForce RTX 4090, 100 %, 19912 MiB, 124.21 W, 48, 2745 MHz, 10251 MHz
2026/08/11 12:07:46.255, 0, NVIDIA GeForce RTX 4090, 100 %, 19912 MiB, 123.94 W, 48, 2745 MHz, 10251 MHz
2026/08/11 12:07:51.256, 0, NVIDIA GeForce RTX 4090, 100 %, 19912 MiB, 123.75 W, 47, 2745 MHz, 10251 MHz
2026/08/11 12:07:56.256, 0, NVIDIA GeForce RTX 4090, 100 %, 19912 MiB, 123.91 W, 48, 2745 MHz, 10251 MHz
2026/08/11 12:08:01.257, 0, NVIDIA GeForce RTX 4090, 100 %, 19912 MiB, 123.99 W, 47, 2745 MHz, 10251 MHz
2026/08/11 12:08:06.257, 0, NVIDIA GeForce RTX 4090, 100 %, 19912 MiB, 123.51 W, 48, 2745 MHz, 10251 MHz
2026/08/11 12:08:11.258, 0, NVIDIA GeForce RTX 4090, 100 %, 19912 MiB, 123.50 W, 47, 2745 MHz, 10251 MHz
2026/08/11 12:08:16.258, 0, NVIDIA GeForce RTX 4090, 100 %, 19912 MiB, 123.18 W, 47, 2745 MHz, 10251 MHz
2026/08/11 12:08:21.259, 0, NVIDIA GeForce RTX 4090, 100 %, 19912 MiB, 122.65 W, 48, 2745 MHz, 10251 MHz
2026/08/11 12:08:26.260, 0, NVIDIA GeForce RTX 4090, 100 %, 19912 MiB, 122.93 W, 47, 2745 MHz, 10251 MHz
2026/08/11 12:08:31.260, 0, NVIDIA GeForce RTX 4090, 100 %, 19912 MiB, 122.90 W, 47, 2745 MHz, 10251 MHz
2026/08/11 12:08:36.261, 0, NVIDIA GeForce RTX 4090, 100 %, 19912 MiB, 122.93 W, 47, 2745 MHz, 10251 MHz
2026/08/11 12:08:41.262, 0, NVIDIA GeForce RTX 4090, 100 %, 19912 MiB, 123.01 W, 47, 2745 MHz, 10251 MHz
2026/08/11 12:08:46.262, 0, NVIDIA GeForce RTX 4090, 100 %, 19912 MiB, 123.16 W, 47, 2745 MHz, 10251 MHz
2026/08/11 12:08:51.263, 0, NVIDIA GeForce RTX 4090, 100 %, 19912 MiB, 122.75 W, 47, 2745 MHz, 10251 MHz
2026/08/11 12:08:56.264, 0, NVIDIA GeForce RTX 4090, 100 %, 19912 MiB, 122.66 W, 47, 2745 MHz, 10251 MHz
2026/08/11 12:09:01.264, 0, NVIDIA GeForce RTX 4090, 100 %, 19912 MiB, 122.95 W, 47, 2745 MHz, 10251 MHz
2026/08/11 12:09:06.265, 0, NVIDIA GeForce RTX 4090, 100 %, 19912 MiB, 122.93 W, 47, 2745 MHz, 10251 MHz
2026/08/11 12:09:11.266, 0, NVIDIA GeForce RTX 4090, 100 %, 19912 MiB, 123.42 W, 47, 2745 MHz, 10251 MHz
2026/08/11 12:09:16.267, 0, NVIDIA GeForce RTX 4090, 100 %, 19912 MiB, 123.07 W, 47, 2745 MHz, 10251 MHz
2026/08/11 12:09:21.267, 0, NVIDIA GeForce RTX 4090, 100 %, 19912 MiB, 123.39 W, 47, 2745 MHz, 10251 MHz
2026/08/11 12:09:26.268, 0, NVIDIA GeForce RTX 4090, 100 %, 19912 MiB, 122.89 W, 47, 2745 MHz, 10251 MHz
2026/08/11 12:09:31.269, 0, NVIDIA GeForce RTX 4090, 100 %, 19912 MiB, 123.02 W, 47, 2745 MHz, 10251 MHz
2026/08/11 12:09:36.269, 0, NVIDIA GeForce RTX 4090, 100 %, 19912 MiB, 123.03 W, 47, 2760 MHz, 10251 MHz
2026/08/11 12:09:41.270, 0, NVIDIA GeForce RTX 4090, 100 %, 19912 MiB, 122.90 W, 47, 2760 MHz, 10251 MHz
2026/08/11 12:09:46.271, 0, NVIDIA GeForce RTX 4090, 100 %, 19912 MiB, 122.28 W, 47, 2760 MHz, 10251 MHz
2026/08/11 12:09:51.272, 0, NVIDIA GeForce RTX 4090, 100 %, 19912 MiB, 123.14 W, 47, 2760 MHz, 10251 MHz
2026/08/11 12:09:56.272, 0, NVIDIA GeForce RTX 4090, 100 %, 19912 MiB, 122.52 W, 47, 2760 MHz, 10251 MHz
2026/08/11 12:10:01.273, 0, NVIDIA GeForce RTX 4090, 100 %, 19912 MiB, 123.02 W, 47, 2760 MHz, 10251 MHz
2026/08/11 12:10:06.273, 0, NVIDIA GeForce RTX 4090, 100 %, 19912 MiB, 122.97 W, 47, 2760 MHz, 10251 MHz
2026/08/11 12:10:11.274, 0, NVIDIA GeForce RTX 4090, 100 %, 19912 MiB, 123.20 W, 46, 2760 MHz, 10251 MHz
2026/08/11 12:10:16.275, 0, NVIDIA GeForce RTX 4090, 100 %, 19912 MiB, 122.95 W, 47, 2760 MHz, 10251 MHz
2026/08/11 12:10:21.275, 0, NVIDIA GeForce RTX 4090, 100 %, 19912 MiB, 122.68 W, 47, 2760 MHz, 10251 MHz
2026/08/11 12:10:26.276, 0, NVIDIA GeForce RTX 4090, 100 %, 19912 MiB, 122.45 W, 47, 2760 MHz, 10251 MHz
2026/08/11 12:10:31.277, 0, NVIDIA GeForce RTX 4090, 100 %, 19912 MiB, 122.88 W, 47, 2760 MHz, 10251 MHz
2026/08/11 12:10:36.277, 0, NVIDIA GeForce RTX 4090, 100 %, 19912 MiB, 122.77 W, 47, 2760 MHz, 10251 MHz
2026/08/11 12:10:41.278, 0, NVIDIA GeForce RTX 4090, 100 %, 19912 MiB, 122.61 W, 46, 2760 MHz, 10251 MHz
2026/08/11 12:10:46.279, 0, NVIDIA GeForce RTX 4090, 100 %, 19912 MiB, 122.81 W, 46, 2760 MHz, 10251 MHz
2026/08/11 12:10:51.279, 0, NVIDIA GeForce RTX 4090, 100 %, 19912 MiB, 122.73 W, 46, 2760 MHz, 10251 MHz
2026/08/11 12:10:56.280, 0, NVIDIA GeForce RTX 4090, 100 %, 19912 MiB, 122.31 W, 46, 2760 MHz, 10251 MHz
2026/08/11 12:11:01.281, 0, NVIDIA GeForce RTX 4090, 100 %, 19912 MiB, 122.36 W, 46, 2760 MHz, 10251 MHz
2026/08/11 12:11:06.281, 0, NVIDIA GeForce RTX 4090, 100 %, 19912 MiB, 122.38 W, 46, 2760 MHz, 10251 MHz
2026/08/11 12:11:11.282, 0, NVIDIA GeForce RTX 4090, 100 %, 19912 MiB, 122.63 W, 46, 2760 MHz, 10251 MHz
2026/08/11 12:11:16.283, 0, NVIDIA GeForce RTX 4090, 100 %, 19912 MiB, 122.64 W, 46, 2760 MHz, 10251 MHz
2026/08/11 12:11:21.283, 0, NVIDIA GeForce RTX 4090, 100 %, 19912 MiB, 122.58 W, 46, 2760 MHz, 10251 MHz
2026/08/11 12:11:26.284, 0, NVIDIA GeForce RTX 4090, 100 %, 19912 MiB, 122.42 W, 46, 2760 MHz, 10251 MHz
2026/08/11 12:11:31.284, 0, NVIDIA GeForce RTX 4090, 100 %, 19912 MiB, 122.39 W, 46, 2760 MHz, 10251 MHz
2026/08/11 12:11:36.285, 0, NVIDIA GeForce RTX 4090, 100 %, 19912 MiB, 122.49 W, 46, 2760 MHz, 10251 MHz
2026/08/11 12:11:41.286, 0, NVIDIA GeForce RTX 4090, 100 %, 19912 MiB, 122.41 W, 46, 2760 MHz, 10251 MHz
2026/08/11 12:11:46.286, 0, NVIDIA GeForce RTX 4090, 100 %, 19912 MiB, 122.28 W, 46, 2760 MHz, 10251 MHz
2026/08/11 12:11:51.287, 0, NVIDIA GeForce RTX 4090, 100 %, 19912 MiB, 122.23 W, 46, 2760 MHz, 10251 MHz
2026/08/11 12:11:56.287, 0, NVIDIA GeForce RTX 4090, 100 %, 19912 MiB, 122.00 W, 46, 2760 MHz, 10251 MHz
2026/08/11 12:12:01.288, 0, NVIDIA GeForce RTX 4090, 100 %, 19912 MiB, 122.10 W, 46, 2760 MHz, 10251 MHz
2026/08/11 12:12:06.289, 0, NVIDIA GeForce RTX 4090, 100 %, 19912 MiB, 122.06 W, 46, 2760 MHz, 10251 MHz
2026/08/11 12:12:11.289, 0, NVIDIA GeForce RTX 4090, 100 %, 19912 MiB, 121.65 W, 46, 2760 MHz, 10251 MHz
2026/08/11 12:12:16.290, 0, NVIDIA GeForce RTX 4090, 100 %, 19912 MiB, 121.50 W, 46, 2760 MHz, 10251 MHz
2026/08/11 12:12:21.291, 0, NVIDIA GeForce RTX 4090, 100 %, 19912 MiB, 122.02 W, 46, 2760 MHz, 10251 MHz
2026/08/11 12:12:26.291, 0, NVIDIA GeForce RTX 4090, 100 %, 19912 MiB, 121.53 W, 45, 2760 MHz, 10251 MHz
2026/08/11 12:12:31.292, 0, NVIDIA GeForce RTX 4090, 100 %, 19912 MiB, 121.22 W, 45, 2760 MHz, 10251 MHz
2026/08/11 12:12:36.293, 0, NVIDIA GeForce RTX 4090, 100 %, 19912 MiB, 121.67 W, 46, 2760 MHz, 10251 MHz
2026/08/11 12:12:41.293, 0, NVIDIA GeForce RTX 4090, 100 %, 19912 MiB, 121.46 W, 46, 2760 MHz, 10251 MHz
2026/08/11 12:12:46.294, 0, NVIDIA GeForce RTX 4090, 100 %, 19912 MiB, 121.07 W, 45, 2760 MHz, 10251 MHz
2026/08/11 12:12:51.296, 0, NVIDIA GeForce RTX 4090, 100 %, 19912 MiB, 121.33 W, 45, 2760 MHz, 10251 MHz
2026/08/11 12:12:56.297, 0, NVIDIA GeForce RTX 4090, 100 %, 19912 MiB, 121.38 W, 45, 2760 MHz, 10251 MHz
2026/08/11 12:13:01.298, 0, NVIDIA GeForce RTX 4090, 100 %, 19912 MiB, 121.24 W, 45, 2760 MHz, 10251 MHz
2026/08/11 12:13:06.298, 0, NVIDIA GeForce RTX 4090, 100 %, 19912 MiB, 121.00 W, 45, 2760 MHz, 10251 MHz
2026/08/11 12:13:11.299, 0, NVIDIA GeForce RTX 4090, 100 %, 19912 MiB, 120.99 W, 45, 2760 MHz, 10251 MHz
2026/08/11 12:13:16.300, 0, NVIDIA GeForce RTX 4090, 100 %, 19912 MiB, 121.22 W, 45, 2760 MHz, 10251 MHz
2026/08/11 12:13:21.300, 0, NVIDIA GeForce RTX 4090, 100 %, 19912 MiB, 120.94 W, 45, 2760 MHz, 10251 MHz
2026/08/11 12:13:26.301, 0, NVIDIA GeForce RTX 4090, 100 %, 19912 MiB, 121.18 W, 45, 2760 MHz, 10251 MHz
2026/08/11 12:13:31.301, 0, NVIDIA GeForce RTX 4090, 100 %, 19912 MiB, 120.91 W, 45, 2760 MHz, 10251 MHz
2026/08/11 12:13:36.302, 0, NVIDIA GeForce RTX 4090, 100 %, 19912 MiB, 120.63 W, 45, 2760 MHz, 10251 MHz
2026/08/11 12:13:41.303, 0, NVIDIA GeForce RTX 4090, 100 %, 19912 MiB, 120.50 W, 45, 2760 MHz, 10251 MHz
2026/08/11 12:13:46.303, 0, NVIDIA GeForce RTX 4090, 100 %, 19912 MiB, 121.16 W, 45, 2760 MHz, 10251 MHz
2026/08/11 12:13:51.304, 0, NVIDIA GeForce RTX 4090, 100 %, 19912 MiB, 121.06 W, 45, 2760 MHz, 10251 MHz
2026/08/11 12:13:56.304, 0, NVIDIA GeForce RTX 4090, 100 %, 19912 MiB, 120.73 W, 45, 2760 MHz, 10251 MHz
2026/08/11 12:14:01.305, 0, NVIDIA GeForce RTX 4090, 100 %, 19912 MiB, 120.65 W, 45, 2760 MHz, 10251 MHz
2026/08/11 12:14:06.306, 0, NVIDIA GeForce RTX 4090, 100 %, 19912 MiB, 120.47 W, 45, 2760 MHz, 10251 MHz
2026/08/11 12:14:11.307, 0, NVIDIA GeForce RTX 4090, 100 %, 19912 MiB, 120.78 W, 45, 2760 MHz, 10251 MHz
2026/08/11 12:14:16.307, 0, NVIDIA GeForce RTX 4090, 100 %, 19912 MiB, 120.95 W, 45, 2760 MHz, 10251 MHz
2026/08/11 12:14:21.308, 0, NVIDIA GeForce RTX 4090, 100 %, 19912 MiB, 120.83 W, 45, 2760 MHz, 10251 MHz
2026/08/11 12:14:26.309, 0, NVIDIA GeForce RTX 4090, 100 %, 19912 MiB, 120.84 W, 45, 2760 MHz, 10251 MHz
2026/08/11 12:14:31.309, 0, NVIDIA GeForce RTX 4090, 100 %, 19912 MiB, 120.21 W, 45, 2760 MHz, 10251 MHz
2026/08/11 12:14:36.310, 0, NVIDIA GeForce RTX 4090, 100 %, 19912 MiB, 120.47 W, 45, 2760 MHz, 10251 MHz
2026/08/11 12:14:41.311, 0, NVIDIA GeForce RTX 4090, 100 %, 19912 MiB, 120.63 W, 45, 2760 MHz, 10251 MHz
2026/08/11 12:14:46.312, 0, NVIDIA GeForce RTX 4090, 100 %, 19912 MiB, 120.67 W, 45, 2760 MHz, 10251 MHz
2026/08/11 12:14:51.312, 0, NVIDIA GeForce RTX 4090, 100 %, 19912 MiB, 120.18 W, 45, 2760 MHz, 10251 MHz
2026/08/11 12:14:56.313, 0, NVIDIA GeForce RTX 4090, 100 %, 19912 MiB, 120.48 W, 45, 2760 MHz, 10251 MHz
2026/08/11 12:15:01.313, 0, NVIDIA GeForce RTX 4090, 100 %, 19912 MiB, 120.71 W, 45, 2760 MHz, 10251 MHz
2026/08/11 12:15:06.314, 0, NVIDIA GeForce RTX 4090, 100 %, 19912 MiB, 120.65 W, 45, 2760 MHz, 10251 MHz
2026/08/11 12:15:11.315, 0, NVIDIA GeForce RTX 4090, 100 %, 19912 MiB, 120.61 W, 45, 2760 MHz, 10251 MHz
2026/08/11 12:15:16.315, 0, NVIDIA GeForce RTX 4090, 100 %, 19912 MiB, 120.22 W, 45, 2760 MHz, 10251 MHz
2026/08/11 12:15:21.316, 0, NVIDIA GeForce RTX 4090, 100 %, 19912 MiB, 120.23 W, 45, 2760 MHz, 10251 MHz
2026/08/11 12:15:26.317, 0, NVIDIA GeForce RTX 4090, 100 %, 19912 MiB, 120.14 W, 45, 2760 MHz, 10251 MHz
2026/08/11 12:15:31.317, 0, NVIDIA GeForce RTX 4090, 100 %, 19912 MiB, 119.90 W, 44, 2760 MHz, 10251 MHz
2026/08/11 12:15:36.318, 0, NVIDIA GeForce RTX 4090, 100 %, 19912 MiB, 120.34 W, 44, 2760 MHz, 10251 MHz
2026/08/11 12:15:41.319, 0, NVIDIA GeForce RTX 4090, 100 %, 19912 MiB, 119.70 W, 44, 2760 MHz, 10251 MHz
2026/08/11 12:15:46.319, 0, NVIDIA GeForce RTX 4090, 100 %, 19912 MiB, 119.15 W, 44, 2760 MHz, 10251 MHz
2026/08/11 12:15:51.320, 0, NVIDIA GeForce RTX 4090, 100 %, 19912 MiB, 119.40 W, 44, 2760 MHz, 10251 MHz
2026/08/11 12:15:56.320, 0, NVIDIA GeForce RTX 4090, 100 %, 19912 MiB, 119.34 W, 44, 2760 MHz, 10251 MHz
2026/08/11 12:16:01.321, 0, NVIDIA GeForce RTX 4090, 100 %, 19912 MiB, 119.47 W, 44, 2760 MHz, 10251 MHz
2026/08/11 12:16:06.322, 0, NVIDIA GeForce RTX 4090, 100 %, 19912 MiB, 119.67 W, 44, 2760 MHz, 10251 MHz
2026/08/11 12:16:11.322, 0, NVIDIA GeForce RTX 4090, 100 %, 19912 MiB, 119.39 W, 44, 2760 MHz, 10251 MHz
2026/08/11 12:16:16.323, 0, NVIDIA GeForce RTX 4090, 100 %, 19912 MiB, 119.78 W, 44, 2760 MHz, 10251 MHz
2026/08/11 12:16:21.323, 0, NVIDIA GeForce RTX 4090, 100 %, 19912 MiB, 119.41 W, 44, 2760 MHz, 10251 MHz
2026/08/11 12:16:26.324, 0, NVIDIA GeForce RTX 4090, 100 %, 19912 MiB, 119.07 W, 45, 2760 MHz, 10251 MHz
2026/08/11 12:16:31.325, 0, NVIDIA GeForce RTX 4090, 100 %, 19912 MiB, 119.12 W, 44, 2760 MHz, 10251 MHz
2026/08/11 12:16:36.325, 0, NVIDIA GeForce RTX 4090, 100 %, 19912 MiB, 119.21 W, 44, 2760 MHz, 10251 MHz
2026/08/11 12:16:41.326, 0, NVIDIA GeForce RTX 4090, 100 %, 19912 MiB, 119.00 W, 44, 2760 MHz, 10251 MHz
2026/08/11 12:16:46.326, 0, NVIDIA GeForce RTX 4090, 100 %, 19912 MiB, 119.30 W, 44, 2760 MHz, 10251 MHz
2026/08/11 12:16:51.327, 0, NVIDIA GeForce RTX 4090, 100 %, 19912 MiB, 118.56 W, 44, 2760 MHz, 10251 MHz
2026/08/11 12:16:56.328, 0, NVIDIA GeForce RTX 4090, 100 %, 19912 MiB, 119.32 W, 44, 2760 MHz, 10251 MHz
2026/08/11 12:17:01.329, 0, NVIDIA GeForce RTX 4090, 100 %, 19912 MiB, 119.45 W, 44, 2760 MHz, 10251 MHz
2026/08/11 12:17:06.329, 0, NVIDIA GeForce RTX 4090, 100 %, 19912 MiB, 119.28 W, 44, 2760 MHz, 10251 MHz
2026/08/11 12:17:11.330, 0, NVIDIA GeForce RTX 4090, 100 %, 19912 MiB, 119.09 W, 44, 2760 MHz, 10251 MHz
2026/08/11 12:17:16.330, 0, NVIDIA GeForce RTX 4090, 100 %, 19912 MiB, 118.93 W, 44, 2760 MHz, 10251 MHz
2026/08/11 12:17:21.331, 0, NVIDIA GeForce RTX 4090, 100 %, 19912 MiB, 119.22 W, 44, 2760 MHz, 10251 MHz
2026/08/11 12:17:26.332, 0, NVIDIA GeForce RTX 4090, 100 %, 19912 MiB, 119.04 W, 44, 2760 MHz, 10251 MHz
2026/08/11 12:17:31.333, 0, NVIDIA GeForce RTX 4090, 100 %, 19912 MiB, 118.53 W, 44, 2760 MHz, 10251 MHz
2026/08/11 12:17:36.333, 0, NVIDIA GeForce RTX 4090, 100 %, 19912 MiB, 118.70 W, 44, 2760 MHz, 10251 MHz
2026/08/11 12:17:41.334, 0, NVIDIA GeForce RTX 4090, 100 %, 19912 MiB, 118.79 W, 44, 2760 MHz, 10251 MHz
2026/08/11 12:17:46.335, 0, NVIDIA GeForce RTX 4090, 100 %, 19912 MiB, 118.96 W, 44, 2760 MHz, 10251 MHz
2026/08/11 12:17:51.335, 0, NVIDIA GeForce RTX 4090, 100 %, 19912 MiB, 119.30 W, 44, 2760 MHz, 10251 MHz
2026/08/11 12:17:56.336, 0, NVIDIA GeForce RTX 4090, 100 %, 19912 MiB, 119.04 W, 44, 2760 MHz, 10251 MHz
2026/08/11 12:18:01.336, 0, NVIDIA GeForce RTX 4090, 100 %, 19912 MiB, 119.43 W, 44, 2760 MHz, 10251 MHz
2026/08/11 12:18:06.337, 0, NVIDIA GeForce RTX 4090, 100 %, 19912 MiB, 118.89 W, 44, 2760 MHz, 10251 MHz
2026/08/11 12:18:11.338, 0, NVIDIA GeForce RTX 4090, 100 %, 19912 MiB, 119.15 W, 44, 2760 MHz, 10251 MHz
2026/08/11 12:18:16.338, 0, NVIDIA GeForce RTX 4090, 100 %, 19912 MiB, 119.03 W, 44, 2760 MHz, 10251 MHz
2026/08/11 12:18:21.339, 0, NVIDIA GeForce RTX 4090, 100 %, 19912 MiB, 118.43 W, 43, 2760 MHz, 10251 MHz
2026/08/11 12:18:26.340, 0, NVIDIA GeForce RTX 4090, 100 %, 19912 MiB, 118.00 W, 43, 2760 MHz, 10251 MHz
2026/08/11 12:18:31.340, 0, NVIDIA GeForce RTX 4090, 100 %, 19912 MiB, 118.62 W, 44, 2760 MHz, 10251 MHz
2026/08/11 12:18:36.341, 0, NVIDIA GeForce RTX 4090, 100 %, 19912 MiB, 118.34 W, 44, 2760 MHz, 10251 MHz
2026/08/11 12:18:41.341, 0, NVIDIA GeForce RTX 4090, 100 %, 19912 MiB, 118.34 W, 43, 2760 MHz, 10251 MHz
2026/08/11 12:18:46.342, 0, NVIDIA GeForce RTX 4090, 100 %, 19912 MiB, 118.38 W, 44, 2760 MHz, 10251 MHz
2026/08/11 12:18:51.342, 0, NVIDIA GeForce RTX 4090, 100 %, 19912 MiB, 118.29 W, 43, 2760 MHz, 10251 MHz
2026/08/11 12:18:56.343, 0, NVIDIA GeForce RTX 4090, 100 %, 19912 MiB, 118.24 W, 43, 2760 MHz, 10251 MHz
2026/08/11 12:19:01.343, 0, NVIDIA GeForce RTX 4090, 100 %, 19912 MiB, 117.99 W, 43, 2760 MHz, 10251 MHz
2026/08/11 12:19:06.344, 0, NVIDIA GeForce RTX 4090, 100 %, 19912 MiB, 117.99 W, 43, 2760 MHz, 10251 MHz
2026/08/11 12:19:11.345, 0, NVIDIA GeForce RTX 4090, 100 %, 19912 MiB, 118.18 W, 43, 2760 MHz, 10251 MHz
2026/08/11 12:19:16.345, 0, NVIDIA GeForce RTX 4090, 100 %, 19912 MiB, 118.44 W, 43, 2760 MHz, 10251 MHz
2026/08/11 12:19:21.346, 0, NVIDIA GeForce RTX 4090, 100 %, 19912 MiB, 118.28 W, 43, 2760 MHz, 10251 MHz
2026/08/11 12:19:26.346, 0, NVIDIA GeForce RTX 4090, 100 %, 19912 MiB, 117.81 W, 43, 2760 MHz, 10251 MHz
2026/08/11 12:19:31.347, 0, NVIDIA GeForce RTX 4090, 100 %, 19912 MiB, 117.72 W, 43, 2760 MHz, 10251 MHz
2026/08/11 12:19:36.347, 0, NVIDIA GeForce RTX 4090, 100 %, 19912 MiB, 117.51 W, 43, 2760 MHz, 10251 MHz
2026/08/11 12:19:41.348, 0, NVIDIA GeForce RTX 4090, 100 %, 19912 MiB, 117.54 W, 43, 2760 MHz, 10251 MHz
2026/08/11 12:19:46.349, 0, NVIDIA GeForce RTX 4090, 100 %, 19912 MiB, 117.87 W, 43, 2760 MHz, 10251 MHz
2026/08/11 12:19:51.349, 0, NVIDIA GeForce RTX 4090, 100 %, 19912 MiB, 117.71 W, 43, 2760 MHz, 10251 MHz
2026/08/11 12:19:56.350, 0, NVIDIA GeForce RTX 4090, 100 %, 19912 MiB, 117.38 W, 43, 2760 MHz, 10251 MHz
2026/08/11 12:20:01.350, 0, NVIDIA GeForce RTX 4090, 100 %, 19912 MiB, 117.81 W, 43, 2760 MHz, 10251 MHz
2026/08/11 12:20:06.351, 0, NVIDIA GeForce RTX 4090, 100 %, 19912 MiB, 117.44 W, 43, 2760 MHz, 10251 MHz
2026/08/11 12:20:11.351, 0, NVIDIA GeForce RTX 4090, 100 %, 19912 MiB, 117.01 W, 43, 2760 MHz, 10251 MHz
2026/08/11 12:20:16.352, 0, NVIDIA GeForce RTX 4090, 100 %, 19912 MiB, 117.43 W, 43, 2760 MHz, 10251 MHz
2026/08/11 12:20:21.352, 0, NVIDIA GeForce RTX 4090, 100 %, 19912 MiB, 117.38 W, 43, 2760 MHz, 10251 MHz
2026/08/11 12:20:26.353, 0, NVIDIA GeForce RTX 4090, 100 %, 19912 MiB, 117.29 W, 43, 2760 MHz, 10251 MHz
2026/08/11 12:20:31.354, 0, NVIDIA GeForce RTX 4090, 100 %, 19912 MiB, 117.41 W, 43, 2760 MHz, 10251 MHz
2026/08/11 12:20:36.354, 0, NVIDIA GeForce RTX 4090, 100 %, 19912 MiB, 117.61 W, 43, 2760 MHz, 10251 MHz
2026/08/11 12:20:41.355, 0, NVIDIA GeForce RTX 4090, 100 %, 19912 MiB, 117.45 W, 43, 2760 MHz, 10251 MHz
2026/08/11 12:20:46.355, 0, NVIDIA GeForce RTX 4090, 100 %, 19912 MiB, 117.32 W, 43, 2760 MHz, 10251 MHz
2026/08/11 12:20:51.358, 0, NVIDIA GeForce RTX 4090, 100 %, 19912 MiB, 117.39 W, 43, 2760 MHz, 10251 MHz
2026/08/11 12:20:56.358, 0, NVIDIA GeForce RTX 4090, 100 %, 19912 MiB, 116.81 W, 43, 2760 MHz, 10251 MHz
2026/08/11 12:21:01.359, 0, NVIDIA GeForce RTX 4090, 100 %, 19912 MiB, 117.48 W, 43, 2760 MHz, 10251 MHz
2026/08/11 12:21:06.359, 0, NVIDIA GeForce RTX 4090, 100 %, 19912 MiB, 117.27 W, 43, 2760 MHz, 10251 MHz
2026/08/11 12:21:11.360, 0, NVIDIA GeForce RTX 4090, 100 %, 19912 MiB, 117.45 W, 43, 2760 MHz, 10251 MHz
2026/08/11 12:21:16.360, 0, NVIDIA GeForce RTX 4090, 100 %, 19912 MiB, 117.41 W, 43, 2760 MHz, 10251 MHz
2026/08/11 12:21:21.361, 0, NVIDIA GeForce RTX 4090, 100 %, 19912 MiB, 117.26 W, 43, 2760 MHz, 10251 MHz
2026/08/11 12:21:26.362, 0, NVIDIA GeForce RTX 4090, 100 %, 19912 MiB, 117.52 W, 43, 2760 MHz, 10251 MHz
2026/08/11 12:21:31.362, 0, NVIDIA GeForce RTX 4090, 100 %, 19912 MiB, 117.67 W, 43, 2760 MHz, 10251 MHz
2026/08/11 12:21:36.363, 0, NVIDIA GeForce RTX 4090, 100 %, 19912 MiB, 117.44 W, 43, 2760 MHz, 10251 MHz
2026/08/11 12:21:41.364, 0, NVIDIA GeForce RTX 4090, 100 %, 19912 MiB, 117.23 W, 43, 2760 MHz, 10251 MHz
2026/08/11 12:21:46.364, 0, NVIDIA GeForce RTX 4090, 100 %, 19912 MiB, 116.93 W, 43, 2760 MHz, 10251 MHz
2026/08/11 12:21:51.365, 0, NVIDIA GeForce RTX 4090, 100 %, 19912 MiB, 116.35 W, 43, 2760 MHz, 10251 MHz
2026/08/11 12:21:56.365, 0, NVIDIA GeForce RTX 4090, 100 %, 19912 MiB, 116.66 W, 43, 2760 MHz, 10251 MHz
2026/08/11 12:22:01.366, 0, NVIDIA GeForce RTX 4090, 100 %, 19912 MiB, 116.78 W, 43, 2760 MHz, 10251 MHz
2026/08/11 12:22:06.367, 0, NVIDIA GeForce RTX 4090, 100 %, 19912 MiB, 116.95 W, 43, 2760 MHz, 10251 MHz
2026/08/11 12:22:11.368, 0, NVIDIA GeForce RTX 4090, 100 %, 19912 MiB, 116.61 W, 43, 2760 MHz, 10251 MHz
2026/08/11 12:22:16.368, 0, NVIDIA GeForce RTX 4090, 100 %, 19912 MiB, 116.83 W, 43, 2760 MHz, 10251 MHz
2026/08/11 12:22:21.369, 0, NVIDIA GeForce RTX 4090, 100 %, 19912 MiB, 116.49 W, 43, 2760 MHz, 10251 MHz
2026/08/11 12:22:26.370, 0, NVIDIA GeForce RTX 4090, 100 %, 19912 MiB, 117.01 W, 43, 2760 MHz, 10251 MHz
2026/08/11 12:22:31.371, 0, NVIDIA GeForce RTX 4090, 100 %, 19912 MiB, 116.49 W, 43, 2760 MHz, 10251 MHz
2026/08/11 12:22:36.372, 0, NVIDIA GeForce RTX 4090, 100 %, 19912 MiB, 116.60 W, 43, 2760 MHz, 10251 MHz
2026/08/11 12:22:41.373, 0, NVIDIA GeForce RTX 4090, 100 %, 19912 MiB, 116.50 W, 43, 2760 MHz, 10251 MHz
2026/08/11 12:22:46.373, 0, NVIDIA GeForce RTX 4090, 100 %, 19912 MiB, 116.57 W, 43, 2760 MHz, 10251 MHz
2026/08/11 12:22:51.374, 0, NVIDIA GeForce RTX 4090, 100 %, 19912 MiB, 116.76 W, 43, 2760 MHz, 10251 MHz
2026/08/11 12:22:56.375, 0, NVIDIA GeForce RTX 4090, 100 %, 19912 MiB, 117.09 W, 42, 2760 MHz, 10251 MHz
2026/08/11 12:23:01.375, 0, NVIDIA GeForce RTX 4090, 100 %, 19912 MiB, 116.34 W, 42, 2760 MHz, 10251 MHz
2026/08/11 12:23:06.376, 0, NVIDIA GeForce RTX 4090, 100 %, 19912 MiB, 116.64 W, 42, 2760 MHz, 10251 MHz
2026/08/11 12:23:11.377, 0, NVIDIA GeForce RTX 4090, 100 %, 19912 MiB, 116.56 W, 42, 2760 MHz, 10251 MHz
2026/08/11 12:23:16.377, 0, NVIDIA GeForce RTX 4090, 100 %, 19912 MiB, 116.14 W, 42, 2760 MHz, 10251 MHz
2026/08/11 12:23:21.378, 0, NVIDIA GeForce RTX 4090, 100 %, 19912 MiB, 115.74 W, 42, 2760 MHz, 10251 MHz
2026/08/11 12:23:26.379, 0, NVIDIA GeForce RTX 4090, 100 %, 19912 MiB, 116.17 W, 42, 2760 MHz, 10251 MHz
2026/08/11 12:23:31.380, 0, NVIDIA GeForce RTX 4090, 100 %, 19912 MiB, 116.40 W, 42, 2760 MHz, 10251 MHz
2026/08/11 12:23:36.380, 0, NVIDIA GeForce RTX 4090, 100 %, 19912 MiB, 116.56 W, 42, 2760 MHz, 10251 MHz
2026/08/11 12:23:41.381, 0, NVIDIA GeForce RTX 4090, 0 %, 19912 MiB, 95.07 W, 41, 2760 MHz, 10251 MHz
2026/08/11 12:23:46.382, 0, NVIDIA GeForce RTX 4090, 0 %, 19912 MiB, 61.07 W, 39, 2520 MHz, 10251 MHz
2026/08/11 12:23:51.383, 0, NVIDIA GeForce RTX 4090, 0 %, 19912 MiB, 61.16 W, 39, 2520 MHz, 10251 MHz
2026/08/11 12:23:56.384, 0, NVIDIA GeForce RTX 4090, 0 %, 19912 MiB, 61.03 W, 38, 2520 MHz, 10251 MHz
2026/08/11 12:24:01.385, 0, NVIDIA GeForce RTX 4090, 0 %, 19912 MiB, 20.75 W, 37, 210 MHz, 405 MHz
2026/08/11 12:24:06.386, 0, NVIDIA GeForce RTX 4090, 0 %, 19912 MiB, 20.98 W, 36, 210 MHz, 405 MHz
2026/08/11 12:24:11.387, 0, NVIDIA GeForce RTX 4090, 0 %, 19912 MiB, 20.64 W, 36, 210 MHz, 405 MHz
2026/08/11 12:24:16.387, 0, NVIDIA GeForce RTX 4090, 0 %, 19912 MiB, 20.49 W, 35, 210 MHz, 405 MHz
2026/08/11 12:24:21.388, 0, NVIDIA GeForce RTX 4090, 0 %, 19912 MiB, 20.35 W, 35, 210 MHz, 405 MHz
2026/08/11 12:24:26.389, 0, NVIDIA GeForce RTX 4090, 0 %, 19912 MiB, 19.75 W, 35, 210 MHz, 405 MHz
2026/08/11 12:24:31.389, 0, NVIDIA GeForce RTX 4090, 0 %, 19912 MiB, 20.52 W, 34, 210 MHz, 405 MHz
2026/08/11 12:24:36.390, 0, NVIDIA GeForce RTX 4090, 0 %, 19912 MiB, 19.92 W, 34, 210 MHz, 405 MHz
2026/08/11 12:24:41.391, 0, NVIDIA GeForce RTX 4090, 0 %, 19912 MiB, 20.34 W, 34, 210 MHz, 405 MHz
2026/08/11 12:24:46.392, 0, NVIDIA GeForce RTX 4090, 0 %, 19912 MiB, 19.88 W, 34, 210 MHz, 405 MHz
2026/08/11 12:24:51.392, 0, NVIDIA GeForce RTX 4090, 0 %, 19912 MiB, 19.14 W, 33, 210 MHz, 405 MHz
2026/08/11 12:24:56.393, 0, NVIDIA GeForce RTX 4090, 0 %, 19912 MiB, 19.42 W, 33, 210 MHz, 405 MHz
2026/08/11 12:25:01.394, 0, NVIDIA GeForce RTX 4090, 0 %, 19912 MiB, 19.81 W, 33, 210 MHz, 405 MHz
2026/08/11 12:25:06.395, 0, NVIDIA GeForce RTX 4090, 0 %, 19912 MiB, 20.21 W, 33, 210 MHz, 405 MHz
2026/08/11 12:25:11.395, 0, NVIDIA GeForce RTX 4090, 0 %, 19912 MiB, 19.95 W, 33, 210 MHz, 405 MHz
2026/08/11 12:25:16.396, 0, NVIDIA GeForce RTX 4090, 0 %, 19912 MiB, 19.70 W, 33, 210 MHz, 405 MHz
2026/08/11 12:25:21.397, 0, NVIDIA GeForce RTX 4090, 0 %, 19912 MiB, 19.80 W, 32, 210 MHz, 405 MHz
2026/08/11 12:25:26.398, 0, NVIDIA GeForce RTX 4090, 0 %, 19912 MiB, 20.16 W, 32, 210 MHz, 405 MHz
2026/08/11 12:25:31.399, 0, NVIDIA GeForce RTX 4090, 0 %, 19912 MiB, 19.83 W, 32, 210 MHz, 405 MHz
2026/08/11 12:25:36.399, 0, NVIDIA GeForce RTX 4090, 0 %, 19912 MiB, 19.73 W, 32, 210 MHz, 405 MHz
2026/08/11 12:25:41.400, 0, NVIDIA GeForce RTX 4090, 0 %, 19912 MiB, 19.76 W, 32, 210 MHz, 405 MHz
2026/08/11 12:25:46.401, 0, NVIDIA GeForce RTX 4090, 0 %, 19912 MiB, 19.95 W, 32, 210 MHz, 405 MHz
2026/08/11 12:25:51.402, 0, NVIDIA GeForce RTX 4090, 0 %, 19912 MiB, 20.10 W, 32, 210 MHz, 405 MHz
2026/08/11 12:25:56.402, 0, NVIDIA GeForce RTX 4090, 0 %, 19912 MiB, 20.35 W, 32, 210 MHz, 405 MHz
2026/08/11 12:26:01.403, 0, NVIDIA GeForce RTX 4090, 0 %, 19912 MiB, 20.09 W, 32, 210 MHz, 405 MHz
2026/08/11 12:26:06.404, 0, NVIDIA GeForce RTX 4090, 0 %, 19912 MiB, 19.90 W, 31, 210 MHz, 405 MHz
2026/08/11 12:26:11.405, 0, NVIDIA GeForce RTX 4090, 0 %, 19912 MiB, 20.49 W, 31, 210 MHz, 405 MHz
2026/08/11 12:26:16.405, 0, NVIDIA GeForce RTX 4090, 0 %, 19912 MiB, 20.17 W, 31, 210 MHz, 405 MHz
2026/08/11 12:26:21.406, 0, NVIDIA GeForce RTX 4090, 0 %, 19912 MiB, 19.81 W, 31, 210 MHz, 405 MHz
2026/08/11 12:26:26.407, 0, NVIDIA GeForce RTX 4090, 0 %, 19912 MiB, 19.92 W, 31, 210 MHz, 405 MHz
2026/08/11 12:26:31.408, 0, NVIDIA GeForce RTX 4090, 0 %, 19912 MiB, 20.13 W, 31, 210 MHz, 405 MHz
2026/08/11 12:26:36.408, 0, NVIDIA GeForce RTX 4090, 0 %, 19912 MiB, 19.88 W, 31, 210 MHz, 405 MHz
2026/08/11 12:26:41.409, 0, NVIDIA GeForce RTX 4090, 0 %, 19912 MiB, 19.96 W, 31, 210 MHz, 405 MHz
2026/08/11 12:26:46.410, 0, NVIDIA GeForce RTX 4090, 0 %, 19912 MiB, 19.49 W, 31, 210 MHz, 405 MHz
2026/08/11 12:26:51.410, 0, NVIDIA GeForce RTX 4090, 0 %, 19912 MiB, 19.92 W, 31, 210 MHz, 405 MHz
2026/08/11 12:26:56.411, 0, NVIDIA GeForce RTX 4090, 0 %, 19912 MiB, 19.58 W, 31, 210 MHz, 405 MHz
2026/08/11 12:27:01.412, 0, NVIDIA GeForce RTX 4090, 0 %, 19912 MiB, 19.81 W, 31, 210 MHz, 405 MHz
2026/08/11 12:27:06.413, 0, NVIDIA GeForce RTX 4090, 0 %, 19912 MiB, 19.69 W, 31, 210 MHz, 405 MHz
2026/08/11 12:27:11.414, 0, NVIDIA GeForce RTX 4090, 0 %, 19912 MiB, 19.94 W, 31, 210 MHz, 405 MHz
2026/08/11 12:27:16.415, 0, NVIDIA GeForce RTX 4090, 0 %, 19912 MiB, 19.60 W, 31, 210 MHz, 405 MHz
2026/08/11 12:27:21.415, 0, NVIDIA GeForce RTX 4090, 0 %, 19912 MiB, 19.81 W, 31, 210 MHz, 405 MHz
2026/08/11 12:27:26.416, 0, NVIDIA GeForce RTX 4090, 0 %, 19912 MiB, 19.56 W, 31, 210 MHz, 405 MHz
2026/08/11 12:27:31.417, 0, NVIDIA GeForce RTX 4090, 0 %, 19912 MiB, 19.54 W, 30, 210 MHz, 405 MHz
2026/08/11 12:27:36.418, 0, NVIDIA GeForce RTX 4090, 0 %, 19912 MiB, 19.46 W, 30, 210 MHz, 405 MHz
2026/08/11 12:27:41.418, 0, NVIDIA GeForce RTX 4090, 0 %, 19912 MiB, 20.00 W, 30, 210 MHz, 405 MHz
2026/08/11 12:27:46.419, 0, NVIDIA GeForce RTX 4090, 0 %, 19912 MiB, 19.63 W, 30, 210 MHz, 405 MHz
2026/08/11 12:27:51.420, 0, NVIDIA GeForce RTX 4090, 0 %, 19912 MiB, 20.24 W, 30, 210 MHz, 405 MHz
2026/08/11 12:27:56.420, 0, NVIDIA GeForce RTX 4090, 0 %, 19912 MiB, 19.90 W, 30, 210 MHz, 405 MHz
2026/08/11 12:28:01.421, 0, NVIDIA GeForce RTX 4090, 0 %, 19912 MiB, 19.91 W, 30, 210 MHz, 405 MHz
2026/08/11 12:28:06.422, 0, NVIDIA GeForce RTX 4090, 0 %, 19912 MiB, 20.19 W, 30, 210 MHz, 405 MHz
2026/08/11 12:28:11.422, 0, NVIDIA GeForce RTX 4090, 0 %, 19912 MiB, 20.49 W, 30, 210 MHz, 405 MHz
2026/08/11 12:28:16.423, 0, NVIDIA GeForce RTX 4090, 0 %, 19912 MiB, 20.51 W, 30, 210 MHz, 405 MHz
2026/08/11 12:28:21.424, 0, NVIDIA GeForce RTX 4090, 0 %, 19912 MiB, 19.99 W, 30, 210 MHz, 405 MHz
2026/08/11 12:28:26.427, 0, NVIDIA GeForce RTX 4090, 0 %, 19912 MiB, 20.05 W, 30, 210 MHz, 405 MHz
2026/08/11 12:28:31.427, 0, NVIDIA GeForce RTX 4090, 0 %, 19912 MiB, 19.95 W, 30, 210 MHz, 405 MHz
2026/08/11 12:28:36.428, 0, NVIDIA GeForce RTX 4090, 0 %, 19912 MiB, 19.74 W, 30, 210 MHz, 405 MHz
2026/08/11 12:28:41.428, 0, NVIDIA GeForce RTX 4090, 0 %, 19912 MiB, 20.12 W, 30, 210 MHz, 405 MHz
2026/08/11 12:28:46.430, 0, NVIDIA GeForce RTX 4090, 0 %, 19912 MiB, 20.04 W, 30, 210 MHz, 405 MHz
2026/08/11 12:28:51.430, 0, NVIDIA GeForce RTX 4090, 0 %, 19912 MiB, 20.30 W, 30, 210 MHz, 405 MHz
2026/08/11 12:28:56.433, 0, NVIDIA GeForce RTX 4090, 0 %, 19912 MiB, 20.00 W, 30, 210 MHz, 405 MHz
2026/08/11 12:29:01.435, 0, NVIDIA GeForce RTX 4090, 0 %, 19912 MiB, 20.11 W, 30, 210 MHz, 405 MHz
2026/08/11 12:29:06.436, 0, NVIDIA GeForce RTX 4090, 0 %, 19912 MiB, 20.01 W, 30, 210 MHz, 405 MHz
2026/08/11 12:29:11.437, 0, NVIDIA GeForce RTX 4090, 0 %, 19912 MiB, 20.02 W, 30, 210 MHz, 405 MHz
2026/08/11 12:29:16.437, 0, NVIDIA GeForce RTX 4090, 0 %, 19912 MiB, 20.03 W, 30, 210 MHz, 405 MHz
2026/08/11 12:29:21.438, 0, NVIDIA GeForce RTX 4090, 0 %, 19912 MiB, 19.88 W, 30, 210 MHz, 405 MHz
2026/08/11 12:29:26.439, 0, NVIDIA GeForce RTX 4090, 0 %, 17864 MiB, 58.80 W, 31, 2520 MHz, 10251 MHz
2026/08/11 12:29:31.440, 0, NVIDIA GeForce RTX 4090, 0 %, 17864 MiB, 58.64 W, 32, 2520 MHz, 10251 MHz
2026/08/11 12:29:36.440, 0, NVIDIA GeForce RTX 4090, 0 %, 17864 MiB, 58.83 W, 32, 2520 MHz, 10251 MHz
2026/08/11 12:29:41.441, 0, NVIDIA GeForce RTX 4090, 0 %, 17864 MiB, 45.87 W, 31, 345 MHz, 810 MHz
2026/08/11 12:29:46.441, 0, NVIDIA GeForce RTX 4090, 0 %, 17864 MiB, 19.90 W, 31, 210 MHz, 405 MHz
2026/08/11 12:29:51.442, 0, NVIDIA GeForce RTX 4090, 0 %, 17864 MiB, 20.40 W, 31, 210 MHz, 405 MHz
2026/08/11 12:29:56.443, 0, NVIDIA GeForce RTX 4090, 0 %, 17864 MiB, 20.16 W, 31, 210 MHz, 405 MHz
2026/08/11 12:30:01.443, 0, NVIDIA GeForce RTX 4090, 0 %, 17864 MiB, 20.04 W, 30, 210 MHz, 405 MHz
2026/08/11 12:30:06.444, 0, NVIDIA GeForce RTX 4090, 0 %, 17864 MiB, 19.93 W, 30, 210 MHz, 405 MHz
2026/08/11 12:30:11.445, 0, NVIDIA GeForce RTX 4090, 0 %, 17864 MiB, 19.74 W, 30, 210 MHz, 405 MHz
2026/08/11 12:30:16.445, 0, NVIDIA GeForce RTX 4090, 0 %, 17864 MiB, 20.41 W, 30, 210 MHz, 405 MHz
2026/08/11 12:30:21.446, 0, NVIDIA GeForce RTX 4090, 0 %, 17864 MiB, 19.79 W, 30, 210 MHz, 405 MHz
2026/08/11 12:30:26.446, 0, NVIDIA GeForce RTX 4090, 0 %, 17864 MiB, 20.10 W, 30, 210 MHz, 405 MHz
2026/08/11 12:30:31.447, 0, NVIDIA GeForce RTX 4090, 0 %, 17864 MiB, 20.29 W, 30, 210 MHz, 405 MHz
2026/08/11 12:30:36.448, 0, NVIDIA GeForce RTX 4090, 0 %, 17864 MiB, 20.01 W, 30, 210 MHz, 405 MHz
2026/08/11 12:30:41.449, 0, NVIDIA GeForce RTX 4090, 0 %, 17864 MiB, 20.32 W, 30, 210 MHz, 405 MHz
2026/08/11 12:30:46.450, 0, NVIDIA GeForce RTX 4090, 0 %, 17864 MiB, 20.37 W, 30, 210 MHz, 405 MHz
2026/08/11 12:30:51.450, 0, NVIDIA GeForce RTX 4090, 0 %, 17864 MiB, 20.39 W, 30, 210 MHz, 405 MHz
2026/08/11 12:30:56.451, 0, NVIDIA GeForce RTX 4090, 0 %, 17864 MiB, 20.29 W, 30, 210 MHz, 405 MHz
2026/08/11 12:31:01.451, 0, NVIDIA GeForce RTX 4090, 0 %, 17864 MiB, 20.23 W, 30, 210 MHz, 405 MHz
2026/08/11 12:31:06.452, 0, NVIDIA GeForce RTX 4090, 0 %, 17864 MiB, 20.46 W, 30, 210 MHz, 405 MHz
2026/08/11 12:31:11.453, 0, NVIDIA GeForce RTX 4090, 0 %, 17864 MiB, 19.95 W, 30, 210 MHz, 405 MHz
2026/08/11 12:31:16.453, 0, NVIDIA GeForce RTX 4090, 0 %, 17864 MiB, 19.84 W, 30, 210 MHz, 405 MHz
2026/08/11 12:31:21.454, 0, NVIDIA GeForce RTX 4090, 0 %, 17864 MiB, 20.03 W, 30, 210 MHz, 405 MHz
2026/08/11 12:31:26.454, 0, NVIDIA GeForce RTX 4090, 0 %, 17864 MiB, 19.37 W, 30, 210 MHz, 405 MHz
2026/08/11 12:31:31.455, 0, NVIDIA GeForce RTX 4090, 0 %, 17864 MiB, 19.73 W, 30, 210 MHz, 405 MHz
2026/08/11 12:31:36.456, 0, NVIDIA GeForce RTX 4090, 0 %, 17864 MiB, 19.48 W, 30, 210 MHz, 405 MHz
2026/08/11 12:31:41.457, 0, NVIDIA GeForce RTX 4090, 0 %, 17864 MiB, 19.35 W, 30, 210 MHz, 405 MHz
2026/08/11 12:31:46.457, 0, NVIDIA GeForce RTX 4090, 0 %, 17864 MiB, 19.34 W, 30, 210 MHz, 405 MHz
2026/08/11 12:31:51.458, 0, NVIDIA GeForce RTX 4090, 0 %, 17864 MiB, 19.39 W, 30, 210 MHz, 405 MHz
2026/08/11 12:31:56.459, 0, NVIDIA GeForce RTX 4090, 0 %, 17864 MiB, 19.39 W, 30, 210 MHz, 405 MHz
2026/08/11 12:32:01.460, 0, NVIDIA GeForce RTX 4090, 0 %, 17864 MiB, 19.53 W, 30, 210 MHz, 405 MHz
2026/08/11 12:32:06.461, 0, NVIDIA GeForce RTX 4090, 0 %, 17864 MiB, 19.54 W, 30, 210 MHz, 405 MHz
2026/08/11 12:32:11.461, 0, NVIDIA GeForce RTX 4090, 0 %, 17864 MiB, 19.30 W, 30, 210 MHz, 405 MHz
2026/08/11 12:32:16.462, 0, NVIDIA GeForce RTX 4090, 0 %, 17864 MiB, 19.56 W, 30, 210 MHz, 405 MHz
2026/08/11 12:32:21.463, 0, NVIDIA GeForce RTX 4090, 0 %, 17864 MiB, 19.50 W, 30, 210 MHz, 405 MHz
2026/08/11 12:32:26.465, 0, NVIDIA GeForce RTX 4090, 0 %, 17864 MiB, 19.79 W, 29, 210 MHz, 405 MHz
2026/08/11 12:32:31.465, 0, NVIDIA GeForce RTX 4090, 0 %, 17864 MiB, 19.56 W, 29, 210 MHz, 405 MHz
2026/08/11 12:32:36.466, 0, NVIDIA GeForce RTX 4090, 0 %, 17864 MiB, 19.57 W, 29, 210 MHz, 405 MHz
2026/08/11 12:32:41.467, 0, NVIDIA GeForce RTX 4090, 0 %, 17864 MiB, 19.74 W, 29, 210 MHz, 405 MHz
2026/08/11 12:32:46.468, 0, NVIDIA GeForce RTX 4090, 0 %, 17864 MiB, 19.57 W, 29, 210 MHz, 405 MHz
2026/08/11 12:32:51.468, 0, NVIDIA GeForce RTX 4090, 0 %, 17864 MiB, 19.52 W, 29, 210 MHz, 405 MHz
2026/08/11 12:32:56.469, 0, NVIDIA GeForce RTX 4090, 0 %, 17864 MiB, 19.39 W, 29, 210 MHz, 405 MHz
2026/08/11 12:33:01.470, 0, NVIDIA GeForce RTX 4090, 0 %, 17864 MiB, 19.85 W, 29, 210 MHz, 405 MHz
2026/08/11 12:33:06.471, 0, NVIDIA GeForce RTX 4090, 0 %, 17864 MiB, 19.74 W, 29, 210 MHz, 405 MHz
2026/08/11 12:33:11.472, 0, NVIDIA GeForce RTX 4090, 0 %, 17864 MiB, 19.67 W, 29, 210 MHz, 405 MHz
2026/08/11 12:33:16.472, 0, NVIDIA GeForce RTX 4090, 0 %, 17864 MiB, 19.60 W, 29, 210 MHz, 405 MHz
2026/08/11 12:33:21.473, 0, NVIDIA GeForce RTX 4090, 0 %, 17864 MiB, 19.67 W, 29, 210 MHz, 405 MHz
2026/08/11 12:33:26.474, 0, NVIDIA GeForce RTX 4090, 0 %, 17864 MiB, 19.21 W, 29, 210 MHz, 405 MHz
2026/08/11 12:33:31.475, 0, NVIDIA GeForce RTX 4090, 0 %, 17864 MiB, 19.82 W, 29, 210 MHz, 405 MHz
2026/08/11 12:33:36.478, 0, NVIDIA GeForce RTX 4090, 0 %, 17864 MiB, 19.44 W, 29, 210 MHz, 405 MHz
2026/08/11 12:33:41.479, 0, NVIDIA GeForce RTX 4090, 0 %, 17864 MiB, 19.65 W, 29, 210 MHz, 405 MHz
2026/08/11 12:33:46.480, 0, NVIDIA GeForce RTX 4090, 0 %, 17864 MiB, 19.70 W, 29, 210 MHz, 405 MHz
2026/08/11 12:33:51.481, 0, NVIDIA GeForce RTX 4090, 0 %, 17864 MiB, 19.66 W, 29, 210 MHz, 405 MHz
2026/08/11 12:33:56.481, 0, NVIDIA GeForce RTX 4090, 0 %, 17864 MiB, 19.57 W, 29, 210 MHz, 405 MHz
2026/08/11 12:34:01.482, 0, NVIDIA GeForce RTX 4090, 0 %, 17864 MiB, 19.60 W, 29, 210 MHz, 405 MHz
2026/08/11 12:34:06.483, 0, NVIDIA GeForce RTX 4090, 0 %, 17864 MiB, 19.89 W, 29, 210 MHz, 405 MHz
2026/08/11 12:34:11.483, 0, NVIDIA GeForce RTX 4090, 0 %, 17864 MiB, 19.73 W, 29, 210 MHz, 405 MHz
2026/08/11 12:34:16.484, 0, NVIDIA GeForce RTX 4090, 0 %, 17864 MiB, 19.84 W, 29, 210 MHz, 405 MHz
2026/08/11 12:34:21.485, 0, NVIDIA GeForce RTX 4090, 0 %, 17864 MiB, 20.04 W, 29, 210 MHz, 405 MHz
2026/08/11 12:34:26.485, 0, NVIDIA GeForce RTX 4090, 0 %, 17864 MiB, 19.77 W, 29, 210 MHz, 405 MHz
2026/08/11 12:34:31.486, 0, NVIDIA GeForce RTX 4090, 0 %, 17864 MiB, 19.74 W, 29, 210 MHz, 405 MHz
2026/08/11 12:34:36.487, 0, NVIDIA GeForce RTX 4090, 0 %, 17864 MiB, 20.10 W, 29, 210 MHz, 405 MHz
2026/08/11 12:34:41.488, 0, NVIDIA GeForce RTX 4090, 0 %, 17864 MiB, 19.82 W, 29, 210 MHz, 405 MHz
2026/08/11 12:34:46.489, 0, NVIDIA GeForce RTX 4090, 0 %, 17864 MiB, 20.03 W, 29, 210 MHz, 405 MHz
2026/08/11 12:34:51.489, 0, NVIDIA GeForce RTX 4090, 0 %, 17864 MiB, 19.90 W, 29, 210 MHz, 405 MHz
2026/08/11 12:34:56.490, 0, NVIDIA GeForce RTX 4090, 0 %, 17864 MiB, 19.79 W, 29, 210 MHz, 405 MHz
2026/08/11 12:35:01.491, 0, NVIDIA GeForce RTX 4090, 0 %, 17864 MiB, 19.77 W, 29, 210 MHz, 405 MHz
2026/08/11 12:35:06.492, 0, NVIDIA GeForce RTX 4090, 0 %, 17864 MiB, 19.76 W, 29, 210 MHz, 405 MHz
2026/08/11 12:35:11.492, 0, NVIDIA GeForce RTX 4090, 0 %, 17864 MiB, 19.51 W, 29, 210 MHz, 405 MHz
2026/08/11 12:35:16.493, 0, NVIDIA GeForce RTX 4090, 0 %, 17864 MiB, 19.85 W, 29, 210 MHz, 405 MHz
2026/08/11 12:35:21.494, 0, NVIDIA GeForce RTX 4090, 0 %, 17864 MiB, 19.83 W, 29, 210 MHz, 405 MHz
2026/08/11 12:35:26.495, 0, NVIDIA GeForce RTX 4090, 0 %, 17864 MiB, 19.48 W, 29, 210 MHz, 405 MHz
2026/08/11 12:35:31.495, 0, NVIDIA GeForce RTX 4090, 0 %, 17864 MiB, 19.64 W, 29, 210 MHz, 405 MHz
2026/08/11 12:35:36.496, 0, NVIDIA GeForce RTX 4090, 0 %, 17864 MiB, 19.87 W, 29, 210 MHz, 405 MHz
2026/08/11 12:35:41.497, 0, NVIDIA GeForce RTX 4090, 0 %, 17864 MiB, 19.63 W, 29, 210 MHz, 405 MHz
2026/08/11 12:35:46.498, 0, NVIDIA GeForce RTX 4090, 0 %, 17864 MiB, 19.64 W, 29, 210 MHz, 405 MHz
2026/08/11 12:35:51.498, 0, NVIDIA GeForce RTX 4090, 0 %, 17864 MiB, 19.81 W, 29, 210 MHz, 405 MHz
2026/08/11 12:35:56.499, 0, NVIDIA GeForce RTX 4090, 0 %, 17864 MiB, 20.01 W, 29, 210 MHz, 405 MHz
2026/08/11 12:36:01.500, 0, NVIDIA GeForce RTX 4090, 0 %, 17864 MiB, 19.56 W, 29, 210 MHz, 405 MHz
2026/08/11 12:36:06.500, 0, NVIDIA GeForce RTX 4090, 0 %, 17864 MiB, 19.46 W, 29, 210 MHz, 405 MHz
2026/08/11 12:36:11.501, 0, NVIDIA GeForce RTX 4090, 0 %, 17864 MiB, 19.67 W, 29, 210 MHz, 405 MHz
2026/08/11 12:36:16.502, 0, NVIDIA GeForce RTX 4090, 0 %, 17864 MiB, 19.68 W, 29, 210 MHz, 405 MHz
2026/08/11 12:36:21.503, 0, NVIDIA GeForce RTX 4090, 0 %, 17864 MiB, 19.77 W, 29, 210 MHz, 405 MHz
2026/08/11 12:36:26.503, 0, NVIDIA GeForce RTX 4090, 0 %, 17864 MiB, 19.79 W, 29, 210 MHz, 405 MHz
2026/08/11 12:36:31.504, 0, NVIDIA GeForce RTX 4090, 0 %, 17864 MiB, 19.51 W, 29, 210 MHz, 405 MHz
2026/08/11 12:36:36.505, 0, NVIDIA GeForce RTX 4090, 0 %, 17864 MiB, 19.98 W, 29, 210 MHz, 405 MHz
2026/08/11 12:36:41.506, 0, NVIDIA GeForce RTX 4090, 0 %, 17864 MiB, 19.94 W, 29, 210 MHz, 405 MHz
2026/08/11 12:36:46.506, 0, NVIDIA GeForce RTX 4090, 0 %, 17864 MiB, 20.06 W, 29, 210 MHz, 405 MHz
2026/08/11 12:36:51.507, 0, NVIDIA GeForce RTX 4090, 0 %, 17864 MiB, 19.50 W, 29, 210 MHz, 405 MHz
2026/08/11 12:36:56.508, 0, NVIDIA GeForce RTX 4090, 0 %, 17864 MiB, 19.83 W, 29, 210 MHz, 405 MHz
2026/08/11 12:37:01.509, 0, NVIDIA GeForce RTX 4090, 0 %, 17864 MiB, 19.64 W, 29, 210 MHz, 405 MHz
2026/08/11 12:37:06.509, 0, NVIDIA GeForce RTX 4090, 0 %, 17864 MiB, 19.65 W, 29, 210 MHz, 405 MHz
2026/08/11 12:37:11.510, 0, NVIDIA GeForce RTX 4090, 0 %, 17864 MiB, 19.92 W, 29, 210 MHz, 405 MHz
2026/08/11 12:37:16.510, 0, NVIDIA GeForce RTX 4090, 0 %, 17864 MiB, 19.75 W, 29, 210 MHz, 405 MHz
2026/08/11 12:37:21.511, 0, NVIDIA GeForce RTX 4090, 0 %, 17864 MiB, 19.96 W, 29, 210 MHz, 405 MHz
2026/08/11 12:37:26.512, 0, NVIDIA GeForce RTX 4090, 0 %, 17864 MiB, 19.69 W, 29, 210 MHz, 405 MHz
2026/08/11 12:37:31.512, 0, NVIDIA GeForce RTX 4090, 0 %, 17864 MiB, 19.62 W, 29, 210 MHz, 405 MHz
2026/08/11 12:37:36.517, 0, NVIDIA GeForce RTX 4090, 0 %, 17864 MiB, 19.67 W, 29, 210 MHz, 405 MHz
2026/08/11 12:37:41.518, 0, NVIDIA GeForce RTX 4090, 0 %, 17864 MiB, 19.58 W, 29, 210 MHz, 405 MHz
2026/08/11 12:37:46.518, 0, NVIDIA GeForce RTX 4090, 0 %, 17864 MiB, 19.39 W, 29, 210 MHz, 405 MHz
2026/08/11 12:37:51.519, 0, NVIDIA GeForce RTX 4090, 0 %, 17864 MiB, 19.24 W, 29, 210 MHz, 405 MHz
2026/08/11 12:37:56.519, 0, NVIDIA GeForce RTX 4090, 0 %, 17864 MiB, 19.13 W, 29, 210 MHz, 405 MHz
2026/08/11 12:38:01.520, 0, NVIDIA GeForce RTX 4090, 0 %, 17864 MiB, 19.96 W, 29, 210 MHz, 405 MHz
2026/08/11 12:38:06.520, 0, NVIDIA GeForce RTX 4090, 0 %, 17864 MiB, 19.44 W, 29, 210 MHz, 405 MHz
2026/08/11 12:38:11.521, 0, NVIDIA GeForce RTX 4090, 0 %, 17864 MiB, 19.73 W, 29, 210 MHz, 405 MHz
2026/08/11 12:38:16.521, 0, NVIDIA GeForce RTX 4090, 0 %, 17864 MiB, 19.86 W, 29, 210 MHz, 405 MHz
2026/08/11 12:38:21.522, 0, NVIDIA GeForce RTX 4090, 0 %, 17864 MiB, 19.95 W, 29, 210 MHz, 405 MHz
2026/08/11 12:38:26.523, 0, NVIDIA GeForce RTX 4090, 0 %, 17864 MiB, 19.58 W, 29, 210 MHz, 405 MHz
2026/08/11 12:38:31.523, 0, NVIDIA GeForce RTX 4090, 0 %, 17864 MiB, 19.76 W, 28, 210 MHz, 405 MHz
2026/08/11 12:38:36.524, 0, NVIDIA GeForce RTX 4090, 0 %, 17864 MiB, 19.72 W, 28, 210 MHz, 405 MHz
2026/08/11 12:38:41.525, 0, NVIDIA GeForce RTX 4090, 0 %, 17864 MiB, 19.62 W, 28, 210 MHz, 405 MHz
2026/08/11 12:38:46.525, 0, NVIDIA GeForce RTX 4090, 0 %, 17864 MiB, 19.64 W, 28, 210 MHz, 405 MHz
2026/08/11 12:38:51.527, 0, NVIDIA GeForce RTX 4090, 0 %, 17864 MiB, 19.36 W, 28, 210 MHz, 405 MHz
2026/08/11 12:38:56.528, 0, NVIDIA GeForce RTX 4090, 0 %, 17864 MiB, 19.13 W, 28, 210 MHz, 405 MHz
2026/08/11 12:39:01.528, 0, NVIDIA GeForce RTX 4090, 0 %, 17864 MiB, 19.57 W, 28, 210 MHz, 405 MHz
2026/08/11 12:39:06.529, 0, NVIDIA GeForce RTX 4090, 0 %, 17864 MiB, 19.56 W, 28, 210 MHz, 405 MHz
2026/08/11 12:39:11.529, 0, NVIDIA GeForce RTX 4090, 0 %, 17864 MiB, 19.02 W, 28, 210 MHz, 405 MHz
2026/08/11 12:39:16.530, 0, NVIDIA GeForce RTX 4090, 0 %, 17864 MiB, 19.23 W, 28, 210 MHz, 405 MHz
2026/08/11 12:39:21.531, 0, NVIDIA GeForce RTX 4090, 82 %, 260 MiB, 62.97 W, 30, 2775 MHz, 10251 MHz
2026/08/11 12:39:26.532, 0, NVIDIA GeForce RTX 4090, 0 %, 1132 MiB, 58.67 W, 30, 2520 MHz, 10251 MHz
2026/08/11 12:39:31.533, 0, NVIDIA GeForce RTX 4090, 3 %, 3404 MiB, 58.60 W, 30, 2520 MHz, 10251 MHz
2026/08/11 12:39:36.535, 0, NVIDIA GeForce RTX 4090, 0 %, 4652 MiB, 58.20 W, 31, 2520 MHz, 10251 MHz
2026/08/11 12:39:41.536, 0, NVIDIA GeForce RTX 4090, 7 %, 5740 MiB, 58.10 W, 31, 2520 MHz, 10251 MHz
2026/08/11 12:39:46.536, 0, NVIDIA GeForce RTX 4090, 7 %, 6828 MiB, 58.21 W, 31, 2520 MHz, 10251 MHz
2026/08/11 12:39:51.537, 0, NVIDIA GeForce RTX 4090, 0 %, 7916 MiB, 57.84 W, 31, 2520 MHz, 10251 MHz
2026/08/11 12:39:56.538, 0, NVIDIA GeForce RTX 4090, 6 %, 9004 MiB, 57.59 W, 31, 2520 MHz, 10251 MHz
2026/08/11 12:40:01.539, 0, NVIDIA GeForce RTX 4090, 0 %, 10156 MiB, 58.17 W, 31, 2520 MHz, 10251 MHz
2026/08/11 12:40:06.539, 0, NVIDIA GeForce RTX 4090, 0 %, 11212 MiB, 58.36 W, 32, 2520 MHz, 10251 MHz
2026/08/11 12:40:11.540, 0, NVIDIA GeForce RTX 4090, 0 %, 12332 MiB, 57.94 W, 32, 2520 MHz, 10251 MHz
2026/08/11 12:40:16.541, 0, NVIDIA GeForce RTX 4090, 2 %, 13452 MiB, 58.50 W, 32, 2520 MHz, 10251 MHz
2026/08/11 12:40:21.541, 0, NVIDIA GeForce RTX 4090, 0 %, 14572 MiB, 58.37 W, 32, 2520 MHz, 10251 MHz
2026/08/11 12:40:26.542, 0, NVIDIA GeForce RTX 4090, 0 %, 15596 MiB, 57.90 W, 32, 2520 MHz, 10251 MHz
2026/08/11 12:40:31.542, 0, NVIDIA GeForce RTX 4090, 3 %, 16588 MiB, 58.13 W, 32, 2520 MHz, 10251 MHz
2026/08/11 12:40:36.543, 0, NVIDIA GeForce RTX 4090, 5 %, 17612 MiB, 58.05 W, 32, 2520 MHz, 10251 MHz
2026/08/11 12:40:41.543, 0, NVIDIA GeForce RTX 4090, 1 %, 18828 MiB, 58.39 W, 32, 2520 MHz, 10251 MHz
2026/08/11 12:40:46.544, 0, NVIDIA GeForce RTX 4090, 100 %, 19916 MiB, 245.79 W, 40, 2760 MHz, 10251 MHz
2026/08/11 12:40:51.545, 0, NVIDIA GeForce RTX 4090, 100 %, 19916 MiB, 234.88 W, 41, 2760 MHz, 10251 MHz
2026/08/11 12:40:56.545, 0, NVIDIA GeForce RTX 4090, 100 %, 19916 MiB, 225.77 W, 42, 2760 MHz, 10251 MHz
2026/08/11 12:41:01.546, 0, NVIDIA GeForce RTX 4090, 100 %, 19940 MiB, 177.57 W, 43, 2760 MHz, 10251 MHz
2026/08/11 12:41:06.546, 0, NVIDIA GeForce RTX 4090, 100 %, 19940 MiB, 242.53 W, 44, 2760 MHz, 10251 MHz
2026/08/11 12:41:11.547, 0, NVIDIA GeForce RTX 4090, 100 %, 19940 MiB, 232.54 W, 45, 2760 MHz, 10251 MHz
2026/08/11 12:41:16.547, 0, NVIDIA GeForce RTX 4090, 100 %, 19940 MiB, 222.98 W, 45, 2760 MHz, 10251 MHz
2026/08/11 12:41:21.548, 0, NVIDIA GeForce RTX 4090, 100 %, 19940 MiB, 217.41 W, 45, 2760 MHz, 10251 MHz
2026/08/11 12:41:26.549, 0, NVIDIA GeForce RTX 4090, 100 %, 19940 MiB, 210.73 W, 46, 2760 MHz, 10251 MHz
2026/08/11 12:41:31.549, 0, NVIDIA GeForce RTX 4090, 100 %, 20068 MiB, 248.22 W, 47, 2760 MHz, 10251 MHz
2026/08/11 12:41:36.550, 0, NVIDIA GeForce RTX 4090, 100 %, 20068 MiB, 236.96 W, 47, 2760 MHz, 10251 MHz
2026/08/11 12:41:41.551, 0, NVIDIA GeForce RTX 4090, 100 %, 20068 MiB, 227.71 W, 48, 2760 MHz, 10251 MHz
2026/08/11 12:41:46.551, 0, NVIDIA GeForce RTX 4090, 100 %, 20068 MiB, 220.30 W, 48, 2760 MHz, 10251 MHz
2026/08/11 12:41:51.552, 0, NVIDIA GeForce RTX 4090, 100 %, 20068 MiB, 213.63 W, 48, 2760 MHz, 10251 MHz
2026/08/11 12:41:56.552, 0, NVIDIA GeForce RTX 4090, 100 %, 20068 MiB, 208.37 W, 48, 2760 MHz, 10251 MHz
2026/08/11 12:42:01.553, 0, NVIDIA GeForce RTX 4090, 100 %, 20068 MiB, 203.81 W, 48, 2760 MHz, 10251 MHz
2026/08/11 12:42:06.553, 0, NVIDIA GeForce RTX 4090, 0 %, 22340 MiB, 97.33 W, 43, 2760 MHz, 10251 MHz
2026/08/11 12:42:11.554, 0, NVIDIA GeForce RTX 4090, 100 %, 20068 MiB, 248.54 W, 49, 2760 MHz, 10251 MHz
2026/08/11 12:42:16.555, 0, NVIDIA GeForce RTX 4090, 100 %, 20068 MiB, 237.12 W, 49, 2760 MHz, 10251 MHz
2026/08/11 12:42:21.555, 0, NVIDIA GeForce RTX 4090, 100 %, 20068 MiB, 227.88 W, 50, 2760 MHz, 10251 MHz
2026/08/11 12:42:26.556, 0, NVIDIA GeForce RTX 4090, 100 %, 20068 MiB, 220.86 W, 49, 2760 MHz, 10251 MHz
2026/08/11 12:42:31.557, 0, NVIDIA GeForce RTX 4090, 100 %, 20068 MiB, 213.63 W, 49, 2760 MHz, 10251 MHz
2026/08/11 12:42:36.557, 0, NVIDIA GeForce RTX 4090, 100 %, 20068 MiB, 208.85 W, 49, 2760 MHz, 10251 MHz
2026/08/11 12:42:41.558, 0, NVIDIA GeForce RTX 4090, 100 %, 20068 MiB, 203.81 W, 49, 2760 MHz, 10251 MHz
2026/08/11 12:42:46.558, 0, NVIDIA GeForce RTX 4090, 100 %, 20068 MiB, 200.01 W, 49, 2760 MHz, 10251 MHz
2026/08/11 12:42:51.559, 0, NVIDIA GeForce RTX 4090, 100 %, 20068 MiB, 196.05 W, 49, 2760 MHz, 10251 MHz
2026/08/11 12:42:56.560, 0, NVIDIA GeForce RTX 4090, 100 %, 20068 MiB, 192.71 W, 49, 2760 MHz, 10251 MHz
2026/08/11 12:43:01.560, 0, NVIDIA GeForce RTX 4090, 100 %, 20068 MiB, 189.40 W, 49, 2760 MHz, 10251 MHz
2026/08/11 12:43:06.561, 0, NVIDIA GeForce RTX 4090, 100 %, 20068 MiB, 186.91 W, 48, 2760 MHz, 10251 MHz
2026/08/11 12:43:11.561, 0, NVIDIA GeForce RTX 4090, 100 %, 20068 MiB, 184.13 W, 48, 2760 MHz, 10251 MHz
2026/08/11 12:43:16.562, 0, NVIDIA GeForce RTX 4090, 100 %, 20068 MiB, 182.04 W, 48, 2760 MHz, 10251 MHz
2026/08/11 12:43:21.563, 0, NVIDIA GeForce RTX 4090, 100 %, 20068 MiB, 179.75 W, 48, 2760 MHz, 10251 MHz
2026/08/11 12:43:26.563, 0, NVIDIA GeForce RTX 4090, 100 %, 20068 MiB, 178.13 W, 48, 2760 MHz, 10251 MHz
2026/08/11 12:43:31.564, 0, NVIDIA GeForce RTX 4090, 100 %, 20068 MiB, 176.13 W, 48, 2760 MHz, 10251 MHz
2026/08/11 12:43:36.564, 0, NVIDIA GeForce RTX 4090, 0 %, 22340 MiB, 68.03 W, 43, 2520 MHz, 10251 MHz
2026/08/11 12:43:41.565, 0, NVIDIA GeForce RTX 4090, 0 %, 22340 MiB, 62.03 W, 42, 2520 MHz, 10251 MHz
2026/08/11 12:43:46.565, 0, NVIDIA GeForce RTX 4090, 100 %, 20324 MiB, 249.58 W, 49, 2760 MHz, 10251 MHz
2026/08/11 12:43:51.566, 0, NVIDIA GeForce RTX 4090, 100 %, 20324 MiB, 238.30 W, 49, 2760 MHz, 10251 MHz
2026/08/11 12:43:56.567, 0, NVIDIA GeForce RTX 4090, 100 %, 20324 MiB, 228.79 W, 49, 2760 MHz, 10251 MHz
2026/08/11 12:44:01.567, 0, NVIDIA GeForce RTX 4090, 100 %, 20324 MiB, 220.83 W, 49, 2760 MHz, 10251 MHz
2026/08/11 12:44:06.568, 0, NVIDIA GeForce RTX 4090, 100 %, 20324 MiB, 215.19 W, 49, 2760 MHz, 10251 MHz
2026/08/11 12:44:11.568, 0, NVIDIA GeForce RTX 4090, 100 %, 20324 MiB, 209.60 W, 49, 2760 MHz, 10251 MHz
2026/08/11 12:44:16.570, 0, NVIDIA GeForce RTX 4090, 100 %, 20324 MiB, 204.86 W, 49, 2760 MHz, 10251 MHz
2026/08/11 12:44:21.570, 0, NVIDIA GeForce RTX 4090, 100 %, 20324 MiB, 200.63 W, 49, 2760 MHz, 10251 MHz
2026/08/11 12:44:26.571, 0, NVIDIA GeForce RTX 4090, 100 %, 20324 MiB, 197.35 W, 49, 2760 MHz, 10251 MHz
2026/08/11 12:44:31.572, 0, NVIDIA GeForce RTX 4090, 100 %, 20324 MiB, 193.47 W, 49, 2760 MHz, 10251 MHz
2026/08/11 12:44:36.574, 0, NVIDIA GeForce RTX 4090, 100 %, 20324 MiB, 190.56 W, 48, 2760 MHz, 10251 MHz
2026/08/11 12:44:41.574, 0, NVIDIA GeForce RTX 4090, 100 %, 20324 MiB, 187.52 W, 48, 2760 MHz, 10251 MHz
2026/08/11 12:44:46.575, 0, NVIDIA GeForce RTX 4090, 100 %, 20324 MiB, 185.17 W, 48, 2760 MHz, 10251 MHz
2026/08/11 12:44:51.575, 0, NVIDIA GeForce RTX 4090, 100 %, 20324 MiB, 182.40 W, 48, 2760 MHz, 10251 MHz
2026/08/11 12:44:56.576, 0, NVIDIA GeForce RTX 4090, 100 %, 20324 MiB, 180.60 W, 48, 2760 MHz, 10251 MHz
2026/08/11 12:45:01.576, 0, NVIDIA GeForce RTX 4090, 100 %, 20324 MiB, 178.53 W, 48, 2760 MHz, 10251 MHz
2026/08/11 12:45:06.577, 0, NVIDIA GeForce RTX 4090, 100 %, 20324 MiB, 176.20 W, 48, 2760 MHz, 10251 MHz
2026/08/11 12:45:11.578, 0, NVIDIA GeForce RTX 4090, 100 %, 20324 MiB, 174.24 W, 48, 2760 MHz, 10251 MHz
2026/08/11 12:45:16.578, 0, NVIDIA GeForce RTX 4090, 100 %, 20324 MiB, 173.05 W, 47, 2760 MHz, 10251 MHz
2026/08/11 12:45:21.579, 0, NVIDIA GeForce RTX 4090, 100 %, 20324 MiB, 171.48 W, 47, 2760 MHz, 10251 MHz
2026/08/11 12:45:26.579, 0, NVIDIA GeForce RTX 4090, 100 %, 20324 MiB, 169.90 W, 47, 2760 MHz, 10251 MHz
2026/08/11 12:45:31.580, 0, NVIDIA GeForce RTX 4090, 100 %, 20324 MiB, 168.32 W, 47, 2760 MHz, 10251 MHz
2026/08/11 12:45:36.581, 0, NVIDIA GeForce RTX 4090, 100 %, 20324 MiB, 167.16 W, 47, 2760 MHz, 10251 MHz
2026/08/11 12:45:41.581, 0, NVIDIA GeForce RTX 4090, 100 %, 20324 MiB, 166.05 W, 47, 2760 MHz, 10251 MHz
2026/08/11 12:45:46.582, 0, NVIDIA GeForce RTX 4090, 100 %, 20324 MiB, 164.62 W, 46, 2760 MHz, 10251 MHz
2026/08/11 12:45:51.582, 0, NVIDIA GeForce RTX 4090, 100 %, 20324 MiB, 163.75 W, 46, 2760 MHz, 10251 MHz
2026/08/11 12:45:56.583, 0, NVIDIA GeForce RTX 4090, 100 %, 20324 MiB, 162.83 W, 46, 2760 MHz, 10251 MHz
2026/08/11 12:46:01.584, 0, NVIDIA GeForce RTX 4090, 100 %, 20324 MiB, 161.88 W, 46, 2760 MHz, 10251 MHz
2026/08/11 12:46:06.584, 0, NVIDIA GeForce RTX 4090, 100 %, 20324 MiB, 161.15 W, 46, 2760 MHz, 10251 MHz
2026/08/11 12:46:11.585, 0, NVIDIA GeForce RTX 4090, 100 %, 20324 MiB, 159.87 W, 46, 2760 MHz, 10251 MHz
2026/08/11 12:46:16.585, 0, NVIDIA GeForce RTX 4090, 100 %, 20324 MiB, 158.14 W, 45, 2760 MHz, 10251 MHz
2026/08/11 12:46:21.586, 0, NVIDIA GeForce RTX 4090, 100 %, 20324 MiB, 157.76 W, 45, 2760 MHz, 10251 MHz
2026/08/11 12:46:26.587, 0, NVIDIA GeForce RTX 4090, 100 %, 20324 MiB, 156.94 W, 45, 2760 MHz, 10251 MHz
2026/08/11 12:46:31.588, 0, NVIDIA GeForce RTX 4090, 100 %, 20324 MiB, 156.10 W, 45, 2760 MHz, 10251 MHz
2026/08/11 12:46:36.588, 0, NVIDIA GeForce RTX 4090, 100 %, 20324 MiB, 155.38 W, 45, 2760 MHz, 10251 MHz
2026/08/11 12:46:41.589, 0, NVIDIA GeForce RTX 4090, 100 %, 20324 MiB, 154.40 W, 45, 2760 MHz, 10251 MHz
2026/08/11 12:46:46.590, 0, NVIDIA GeForce RTX 4090, 100 %, 20324 MiB, 153.80 W, 45, 2760 MHz, 10251 MHz
2026/08/11 12:46:51.590, 0, NVIDIA GeForce RTX 4090, 100 %, 20324 MiB, 153.28 W, 45, 2760 MHz, 10251 MHz
2026/08/11 12:46:56.591, 0, NVIDIA GeForce RTX 4090, 100 %, 20324 MiB, 152.66 W, 44, 2760 MHz, 10251 MHz
2026/08/11 12:47:01.592, 0, NVIDIA GeForce RTX 4090, 100 %, 20324 MiB, 151.59 W, 45, 2760 MHz, 10251 MHz
2026/08/11 12:47:06.592, 0, NVIDIA GeForce RTX 4090, 100 %, 20324 MiB, 151.00 W, 44, 2760 MHz, 10251 MHz
2026/08/11 12:47:11.593, 0, NVIDIA GeForce RTX 4090, 100 %, 20324 MiB, 150.45 W, 44, 2760 MHz, 10251 MHz
2026/08/11 12:47:16.594, 0, NVIDIA GeForce RTX 4090, 100 %, 20324 MiB, 150.57 W, 44, 2760 MHz, 10251 MHz
2026/08/11 12:47:21.594, 0, NVIDIA GeForce RTX 4090, 100 %, 20324 MiB, 149.60 W, 44, 2760 MHz, 10251 MHz
2026/08/11 12:47:26.595, 0, NVIDIA GeForce RTX 4090, 100 %, 20324 MiB, 148.80 W, 44, 2760 MHz, 10251 MHz
2026/08/11 12:47:31.595, 0, NVIDIA GeForce RTX 4090, 100 %, 20324 MiB, 148.43 W, 44, 2760 MHz, 10251 MHz
2026/08/11 12:47:36.596, 0, NVIDIA GeForce RTX 4090, 0 %, 22596 MiB, 61.29 W, 40, 2520 MHz, 10251 MHz
2026/08/11 12:47:41.597, 0, NVIDIA GeForce RTX 4090, 0 %, 22596 MiB, 60.81 W, 39, 2520 MHz, 10251 MHz
2026/08/11 12:47:46.597, 0, NVIDIA GeForce RTX 4090, 0 %, 22596 MiB, 60.76 W, 38, 2520 MHz, 10251 MHz
2026/08/11 12:47:51.598, 0, NVIDIA GeForce RTX 4090, 0 %, 22596 MiB, 33.69 W, 37, 255 MHz, 405 MHz
2026/08/11 12:47:56.599, 0, NVIDIA GeForce RTX 4090, 0 %, 22596 MiB, 20.65 W, 36, 210 MHz, 405 MHz
2026/08/11 12:48:01.599, 0, NVIDIA GeForce RTX 4090, 0 %, 22596 MiB, 20.00 W, 35, 210 MHz, 405 MHz
2026/08/11 12:48:06.600, 0, NVIDIA GeForce RTX 4090, 0 %, 22596 MiB, 19.50 W, 35, 210 MHz, 405 MHz
2026/08/11 12:48:11.600, 0, NVIDIA GeForce RTX 4090, 100 %, 20836 MiB, 173.31 W, 42, 2760 MHz, 10251 MHz
2026/08/11 12:48:16.601, 0, NVIDIA GeForce RTX 4090, 100 %, 20836 MiB, 241.33 W, 44, 2760 MHz, 10251 MHz
2026/08/11 12:48:21.602, 0, NVIDIA GeForce RTX 4090, 100 %, 20836 MiB, 230.77 W, 44, 2760 MHz, 10251 MHz
2026/08/11 12:48:26.602, 0, NVIDIA GeForce RTX 4090, 100 %, 20836 MiB, 223.07 W, 45, 2760 MHz, 10251 MHz
2026/08/11 12:48:31.603, 0, NVIDIA GeForce RTX 4090, 100 %, 20836 MiB, 215.91 W, 45, 2760 MHz, 10251 MHz
2026/08/11 12:48:36.604, 0, NVIDIA GeForce RTX 4090, 100 %, 20836 MiB, 209.52 W, 45, 2760 MHz, 10251 MHz
2026/08/11 12:48:41.605, 0, NVIDIA GeForce RTX 4090, 100 %, 20836 MiB, 204.95 W, 46, 2760 MHz, 10251 MHz
2026/08/11 12:48:46.605, 0, NVIDIA GeForce RTX 4090, 100 %, 20836 MiB, 200.68 W, 46, 2760 MHz, 10251 MHz
2026/08/11 12:48:51.606, 0, NVIDIA GeForce RTX 4090, 100 %, 20836 MiB, 196.77 W, 46, 2760 MHz, 10251 MHz
2026/08/11 12:48:56.607, 0, NVIDIA GeForce RTX 4090, 100 %, 20836 MiB, 192.78 W, 46, 2760 MHz, 10251 MHz
2026/08/11 12:49:01.608, 0, NVIDIA GeForce RTX 4090, 100 %, 20836 MiB, 190.56 W, 46, 2760 MHz, 10251 MHz
2026/08/11 12:49:06.608, 0, NVIDIA GeForce RTX 4090, 100 %, 20836 MiB, 187.50 W, 46, 2760 MHz, 10251 MHz
2026/08/11 12:49:11.609, 0, NVIDIA GeForce RTX 4090, 100 %, 20836 MiB, 184.85 W, 46, 2760 MHz, 10251 MHz
2026/08/11 12:49:16.609, 0, NVIDIA GeForce RTX 4090, 100 %, 20836 MiB, 182.30 W, 46, 2760 MHz, 10251 MHz
2026/08/11 12:49:21.610, 0, NVIDIA GeForce RTX 4090, 100 %, 20836 MiB, 179.95 W, 46, 2760 MHz, 10251 MHz
2026/08/11 12:49:26.611, 0, NVIDIA GeForce RTX 4090, 100 %, 20836 MiB, 178.68 W, 46, 2760 MHz, 10251 MHz
2026/08/11 12:49:31.611, 0, NVIDIA GeForce RTX 4090, 100 %, 20836 MiB, 176.71 W, 46, 2760 MHz, 10251 MHz
2026/08/11 12:49:36.612, 0, NVIDIA GeForce RTX 4090, 100 %, 20836 MiB, 175.13 W, 46, 2760 MHz, 10251 MHz
2026/08/11 12:49:41.613, 0, NVIDIA GeForce RTX 4090, 100 %, 20836 MiB, 173.10 W, 46, 2760 MHz, 10251 MHz
2026/08/11 12:49:46.614, 0, NVIDIA GeForce RTX 4090, 100 %, 20836 MiB, 171.79 W, 45, 2760 MHz, 10251 MHz
2026/08/11 12:49:51.615, 0, NVIDIA GeForce RTX 4090, 100 %, 20836 MiB, 170.26 W, 46, 2760 MHz, 10251 MHz
2026/08/11 12:49:56.616, 0, NVIDIA GeForce RTX 4090, 100 %, 20836 MiB, 168.60 W, 46, 2760 MHz, 10251 MHz
2026/08/11 12:50:01.616, 0, NVIDIA GeForce RTX 4090, 100 %, 20836 MiB, 167.01 W, 45, 2760 MHz, 10251 MHz
2026/08/11 12:50:06.617, 0, NVIDIA GeForce RTX 4090, 100 %, 20836 MiB, 166.28 W, 45, 2760 MHz, 10251 MHz
2026/08/11 12:50:11.618, 0, NVIDIA GeForce RTX 4090, 100 %, 20836 MiB, 165.16 W, 45, 2760 MHz, 10251 MHz
2026/08/11 12:50:16.619, 0, NVIDIA GeForce RTX 4090, 100 %, 20836 MiB, 163.94 W, 45, 2760 MHz, 10251 MHz
2026/08/11 12:50:21.619, 0, NVIDIA GeForce RTX 4090, 100 %, 20836 MiB, 162.66 W, 45, 2760 MHz, 10251 MHz
2026/08/11 12:50:26.620, 0, NVIDIA GeForce RTX 4090, 100 %, 20836 MiB, 162.03 W, 45, 2760 MHz, 10251 MHz
2026/08/11 12:50:31.621, 0, NVIDIA GeForce RTX 4090, 100 %, 20836 MiB, 160.32 W, 45, 2760 MHz, 10251 MHz
2026/08/11 12:50:36.622, 0, NVIDIA GeForce RTX 4090, 100 %, 20836 MiB, 159.73 W, 45, 2760 MHz, 10251 MHz
2026/08/11 12:50:41.622, 0, NVIDIA GeForce RTX 4090, 100 %, 20836 MiB, 159.18 W, 45, 2760 MHz, 10251 MHz
2026/08/11 12:50:46.623, 0, NVIDIA GeForce RTX 4090, 100 %, 20836 MiB, 157.94 W, 45, 2760 MHz, 10251 MHz
2026/08/11 12:50:51.624, 0, NVIDIA GeForce RTX 4090, 100 %, 20836 MiB, 157.93 W, 45, 2760 MHz, 10251 MHz
2026/08/11 12:50:56.625, 0, NVIDIA GeForce RTX 4090, 100 %, 20836 MiB, 156.64 W, 44, 2760 MHz, 10251 MHz
2026/08/11 12:51:01.625, 0, NVIDIA GeForce RTX 4090, 100 %, 20836 MiB, 155.74 W, 44, 2760 MHz, 10251 MHz
2026/08/11 12:51:06.626, 0, NVIDIA GeForce RTX 4090, 100 %, 20836 MiB, 155.43 W, 44, 2760 MHz, 10251 MHz
2026/08/11 12:51:11.627, 0, NVIDIA GeForce RTX 4090, 100 %, 20836 MiB, 154.42 W, 44, 2760 MHz, 10251 MHz
2026/08/11 12:51:16.628, 0, NVIDIA GeForce RTX 4090, 100 %, 20836 MiB, 153.82 W, 44, 2760 MHz, 10251 MHz
2026/08/11 12:51:21.628, 0, NVIDIA GeForce RTX 4090, 100 %, 20836 MiB, 152.68 W, 44, 2760 MHz, 10251 MHz
2026/08/11 12:51:26.629, 0, NVIDIA GeForce RTX 4090, 100 %, 20836 MiB, 152.25 W, 44, 2760 MHz, 10251 MHz
2026/08/11 12:51:31.630, 0, NVIDIA GeForce RTX 4090, 100 %, 20836 MiB, 151.37 W, 44, 2760 MHz, 10251 MHz
2026/08/11 12:51:36.630, 0, NVIDIA GeForce RTX 4090, 100 %, 20836 MiB, 151.37 W, 44, 2760 MHz, 10251 MHz
2026/08/11 12:51:41.631, 0, NVIDIA GeForce RTX 4090, 100 %, 20836 MiB, 150.75 W, 44, 2760 MHz, 10251 MHz
2026/08/11 12:51:46.631, 0, NVIDIA GeForce RTX 4090, 100 %, 20836 MiB, 150.18 W, 44, 2760 MHz, 10251 MHz
2026/08/11 12:51:51.632, 0, NVIDIA GeForce RTX 4090, 100 %, 20836 MiB, 149.77 W, 44, 2760 MHz, 10251 MHz
2026/08/11 12:51:56.632, 0, NVIDIA GeForce RTX 4090, 100 %, 20836 MiB, 149.05 W, 44, 2760 MHz, 10251 MHz
2026/08/11 12:52:01.633, 0, NVIDIA GeForce RTX 4090, 100 %, 20836 MiB, 148.57 W, 44, 2760 MHz, 10251 MHz
2026/08/11 12:52:06.634, 0, NVIDIA GeForce RTX 4090, 100 %, 20836 MiB, 147.80 W, 44, 2760 MHz, 10251 MHz
2026/08/11 12:52:11.634, 0, NVIDIA GeForce RTX 4090, 100 %, 20836 MiB, 147.16 W, 44, 2760 MHz, 10251 MHz
2026/08/11 12:52:16.635, 0, NVIDIA GeForce RTX 4090, 100 %, 20836 MiB, 147.04 W, 44, 2760 MHz, 10251 MHz
2026/08/11 12:52:21.636, 0, NVIDIA GeForce RTX 4090, 100 %, 20836 MiB, 146.82 W, 43, 2760 MHz, 10251 MHz
2026/08/11 12:52:26.637, 0, NVIDIA GeForce RTX 4090, 100 %, 20836 MiB, 146.44 W, 43, 2760 MHz, 10251 MHz
2026/08/11 12:52:31.637, 0, NVIDIA GeForce RTX 4090, 100 %, 20836 MiB, 145.84 W, 44, 2760 MHz, 10251 MHz
2026/08/11 12:52:36.638, 0, NVIDIA GeForce RTX 4090, 100 %, 20836 MiB, 145.57 W, 43, 2760 MHz, 10251 MHz
2026/08/11 12:52:41.639, 0, NVIDIA GeForce RTX 4090, 100 %, 20836 MiB, 144.84 W, 43, 2760 MHz, 10251 MHz
2026/08/11 12:52:46.640, 0, NVIDIA GeForce RTX 4090, 100 %, 20836 MiB, 144.90 W, 43, 2760 MHz, 10251 MHz
2026/08/11 12:52:51.640, 0, NVIDIA GeForce RTX 4090, 100 %, 20836 MiB, 143.93 W, 43, 2760 MHz, 10251 MHz
2026/08/11 12:52:56.641, 0, NVIDIA GeForce RTX 4090, 100 %, 20836 MiB, 143.82 W, 43, 2760 MHz, 10251 MHz
2026/08/11 12:53:01.642, 0, NVIDIA GeForce RTX 4090, 100 %, 20836 MiB, 143.49 W, 43, 2760 MHz, 10251 MHz
2026/08/11 12:53:06.642, 0, NVIDIA GeForce RTX 4090, 100 %, 20836 MiB, 143.10 W, 43, 2760 MHz, 10251 MHz
2026/08/11 12:53:11.643, 0, NVIDIA GeForce RTX 4090, 100 %, 20836 MiB, 142.62 W, 43, 2760 MHz, 10251 MHz
2026/08/11 12:53:16.644, 0, NVIDIA GeForce RTX 4090, 100 %, 20836 MiB, 142.38 W, 43, 2760 MHz, 10251 MHz
2026/08/11 12:53:21.645, 0, NVIDIA GeForce RTX 4090, 100 %, 20836 MiB, 142.08 W, 43, 2760 MHz, 10251 MHz
2026/08/11 12:53:26.645, 0, NVIDIA GeForce RTX 4090, 100 %, 20836 MiB, 141.95 W, 43, 2760 MHz, 10251 MHz
2026/08/11 12:53:31.646, 0, NVIDIA GeForce RTX 4090, 100 %, 20836 MiB, 141.35 W, 43, 2760 MHz, 10251 MHz
2026/08/11 12:53:36.647, 0, NVIDIA GeForce RTX 4090, 100 %, 20836 MiB, 141.05 W, 43, 2760 MHz, 10251 MHz
2026/08/11 12:53:41.647, 0, NVIDIA GeForce RTX 4090, 100 %, 20836 MiB, 141.12 W, 43, 2760 MHz, 10251 MHz
2026/08/11 12:53:46.648, 0, NVIDIA GeForce RTX 4090, 100 %, 20836 MiB, 140.49 W, 43, 2760 MHz, 10251 MHz
2026/08/11 12:53:51.649, 0, NVIDIA GeForce RTX 4090, 100 %, 20836 MiB, 140.53 W, 43, 2760 MHz, 10251 MHz
2026/08/11 12:53:56.650, 0, NVIDIA GeForce RTX 4090, 100 %, 20836 MiB, 140.30 W, 43, 2760 MHz, 10251 MHz
2026/08/11 12:54:01.650, 0, NVIDIA GeForce RTX 4090, 100 %, 20836 MiB, 139.50 W, 43, 2760 MHz, 10251 MHz
2026/08/11 12:54:06.651, 0, NVIDIA GeForce RTX 4090, 100 %, 20836 MiB, 139.49 W, 43, 2760 MHz, 10251 MHz
2026/08/11 12:54:11.652, 0, NVIDIA GeForce RTX 4090, 100 %, 20836 MiB, 139.09 W, 42, 2760 MHz, 10251 MHz
2026/08/11 12:54:16.653, 0, NVIDIA GeForce RTX 4090, 100 %, 20836 MiB, 138.34 W, 42, 2760 MHz, 10251 MHz
2026/08/11 12:54:21.654, 0, NVIDIA GeForce RTX 4090, 99 %, 20836 MiB, 138.61 W, 42, 2760 MHz, 10251 MHz
2026/08/11 12:54:26.654, 0, NVIDIA GeForce RTX 4090, 100 %, 20836 MiB, 137.59 W, 43, 2760 MHz, 10251 MHz
2026/08/11 12:54:31.655, 0, NVIDIA GeForce RTX 4090, 100 %, 20836 MiB, 138.14 W, 42, 2760 MHz, 10251 MHz
2026/08/11 12:54:36.656, 0, NVIDIA GeForce RTX 4090, 100 %, 20836 MiB, 138.30 W, 42, 2760 MHz, 10251 MHz
2026/08/11 12:54:41.657, 0, NVIDIA GeForce RTX 4090, 100 %, 20836 MiB, 137.66 W, 43, 2760 MHz, 10251 MHz
2026/08/11 12:54:46.657, 0, NVIDIA GeForce RTX 4090, 100 %, 20836 MiB, 137.71 W, 42, 2760 MHz, 10251 MHz
2026/08/11 12:54:51.659, 0, NVIDIA GeForce RTX 4090, 100 %, 20836 MiB, 136.97 W, 42, 2760 MHz, 10251 MHz
2026/08/11 12:54:56.659, 0, NVIDIA GeForce RTX 4090, 100 %, 20836 MiB, 136.77 W, 42, 2760 MHz, 10251 MHz
2026/08/11 12:55:01.660, 0, NVIDIA GeForce RTX 4090, 100 %, 20836 MiB, 137.41 W, 42, 2760 MHz, 10251 MHz
2026/08/11 12:55:06.661, 0, NVIDIA GeForce RTX 4090, 100 %, 20836 MiB, 136.87 W, 42, 2760 MHz, 10251 MHz
2026/08/11 12:55:11.662, 0, NVIDIA GeForce RTX 4090, 100 %, 20836 MiB, 136.45 W, 42, 2760 MHz, 10251 MHz
2026/08/11 12:55:16.663, 0, NVIDIA GeForce RTX 4090, 100 %, 20836 MiB, 136.28 W, 42, 2760 MHz, 10251 MHz
2026/08/11 12:55:21.664, 0, NVIDIA GeForce RTX 4090, 100 %, 20836 MiB, 136.01 W, 42, 2760 MHz, 10251 MHz
2026/08/11 12:55:26.664, 0, NVIDIA GeForce RTX 4090, 100 %, 20836 MiB, 135.69 W, 42, 2760 MHz, 10251 MHz
2026/08/11 12:55:31.665, 0, NVIDIA GeForce RTX 4090, 100 %, 20836 MiB, 135.11 W, 42, 2760 MHz, 10251 MHz
2026/08/11 12:55:36.667, 0, NVIDIA GeForce RTX 4090, 100 %, 20836 MiB, 135.19 W, 42, 2760 MHz, 10251 MHz
2026/08/11 12:55:41.667, 0, NVIDIA GeForce RTX 4090, 100 %, 20836 MiB, 135.06 W, 42, 2760 MHz, 10251 MHz
2026/08/11 12:55:46.668, 0, NVIDIA GeForce RTX 4090, 100 %, 20836 MiB, 134.75 W, 42, 2760 MHz, 10251 MHz
2026/08/11 12:55:51.669, 0, NVIDIA GeForce RTX 4090, 100 %, 20836 MiB, 134.85 W, 42, 2760 MHz, 10251 MHz
2026/08/11 12:55:56.669, 0, NVIDIA GeForce RTX 4090, 100 %, 20836 MiB, 134.61 W, 42, 2760 MHz, 10251 MHz
2026/08/11 12:56:01.670, 0, NVIDIA GeForce RTX 4090, 100 %, 20836 MiB, 134.37 W, 42, 2760 MHz, 10251 MHz
2026/08/11 12:56:06.671, 0, NVIDIA GeForce RTX 4090, 100 %, 20836 MiB, 134.09 W, 42, 2760 MHz, 10251 MHz
2026/08/11 12:56:11.672, 0, NVIDIA GeForce RTX 4090, 100 %, 20836 MiB, 134.06 W, 42, 2760 MHz, 10251 MHz
2026/08/11 12:56:16.673, 0, NVIDIA GeForce RTX 4090, 100 %, 20836 MiB, 133.95 W, 42, 2760 MHz, 10251 MHz
2026/08/11 12:56:21.673, 0, NVIDIA GeForce RTX 4090, 100 %, 20836 MiB, 133.64 W, 42, 2760 MHz, 10251 MHz
2026/08/11 12:56:26.674, 0, NVIDIA GeForce RTX 4090, 100 %, 20836 MiB, 133.49 W, 42, 2760 MHz, 10251 MHz
2026/08/11 12:56:31.675, 0, NVIDIA GeForce RTX 4090, 100 %, 20836 MiB, 133.00 W, 42, 2760 MHz, 10251 MHz
2026/08/11 12:56:36.675, 0, NVIDIA GeForce RTX 4090, 100 %, 20836 MiB, 133.09 W, 42, 2760 MHz, 10251 MHz
2026/08/11 12:56:41.676, 0, NVIDIA GeForce RTX 4090, 100 %, 20836 MiB, 132.35 W, 42, 2760 MHz, 10251 MHz
2026/08/11 12:56:46.677, 0, NVIDIA GeForce RTX 4090, 100 %, 20836 MiB, 132.58 W, 42, 2760 MHz, 10251 MHz
2026/08/11 12:56:51.677, 0, NVIDIA GeForce RTX 4090, 100 %, 20836 MiB, 132.31 W, 41, 2760 MHz, 10251 MHz
2026/08/11 12:56:56.678, 0, NVIDIA GeForce RTX 4090, 100 %, 20836 MiB, 132.44 W, 41, 2760 MHz, 10251 MHz
2026/08/11 12:57:01.679, 0, NVIDIA GeForce RTX 4090, 100 %, 20836 MiB, 132.35 W, 41, 2760 MHz, 10251 MHz
2026/08/11 12:57:06.679, 0, NVIDIA GeForce RTX 4090, 100 %, 20836 MiB, 132.13 W, 41, 2760 MHz, 10251 MHz
2026/08/11 12:57:11.680, 0, NVIDIA GeForce RTX 4090, 100 %, 20836 MiB, 132.14 W, 41, 2760 MHz, 10251 MHz
2026/08/11 12:57:16.681, 0, NVIDIA GeForce RTX 4090, 100 %, 20836 MiB, 132.17 W, 42, 2760 MHz, 10251 MHz
2026/08/11 12:57:21.681, 0, NVIDIA GeForce RTX 4090, 100 %, 20836 MiB, 131.50 W, 41, 2760 MHz, 10251 MHz
2026/08/11 12:57:26.682, 0, NVIDIA GeForce RTX 4090, 100 %, 20836 MiB, 131.80 W, 41, 2760 MHz, 10251 MHz
2026/08/11 12:57:31.683, 0, NVIDIA GeForce RTX 4090, 100 %, 20836 MiB, 132.01 W, 42, 2760 MHz, 10251 MHz
2026/08/11 12:57:36.683, 0, NVIDIA GeForce RTX 4090, 100 %, 20836 MiB, 131.10 W, 41, 2760 MHz, 10251 MHz
2026/08/11 12:57:41.684, 0, NVIDIA GeForce RTX 4090, 100 %, 20836 MiB, 130.96 W, 41, 2760 MHz, 10251 MHz
2026/08/11 12:57:46.684, 0, NVIDIA GeForce RTX 4090, 100 %, 20836 MiB, 130.93 W, 41, 2760 MHz, 10251 MHz
2026/08/11 12:57:51.685, 0, NVIDIA GeForce RTX 4090, 100 %, 20836 MiB, 130.52 W, 41, 2760 MHz, 10251 MHz
2026/08/11 12:57:56.686, 0, NVIDIA GeForce RTX 4090, 100 %, 20836 MiB, 130.67 W, 41, 2760 MHz, 10251 MHz
2026/08/11 12:58:01.687, 0, NVIDIA GeForce RTX 4090, 100 %, 20836 MiB, 130.34 W, 41, 2760 MHz, 10251 MHz
2026/08/11 12:58:06.687, 0, NVIDIA GeForce RTX 4090, 100 %, 20836 MiB, 129.49 W, 41, 2760 MHz, 10251 MHz
2026/08/11 12:58:11.688, 0, NVIDIA GeForce RTX 4090, 100 %, 20836 MiB, 129.96 W, 41, 2760 MHz, 10251 MHz
2026/08/11 12:58:16.689, 0, NVIDIA GeForce RTX 4090, 100 %, 20836 MiB, 130.22 W, 41, 2760 MHz, 10251 MHz
2026/08/11 12:58:21.689, 0, NVIDIA GeForce RTX 4090, 100 %, 20836 MiB, 129.74 W, 41, 2760 MHz, 10251 MHz
2026/08/11 12:58:26.690, 0, NVIDIA GeForce RTX 4090, 100 %, 20836 MiB, 129.67 W, 41, 2760 MHz, 10251 MHz
2026/08/11 12:58:31.691, 0, NVIDIA GeForce RTX 4090, 100 %, 20836 MiB, 129.51 W, 41, 2760 MHz, 10251 MHz
2026/08/11 12:58:36.692, 0, NVIDIA GeForce RTX 4090, 100 %, 20836 MiB, 129.52 W, 41, 2760 MHz, 10251 MHz
2026/08/11 12:58:41.693, 0, NVIDIA GeForce RTX 4090, 100 %, 20836 MiB, 129.03 W, 41, 2760 MHz, 10251 MHz
2026/08/11 12:58:46.694, 0, NVIDIA GeForce RTX 4090, 100 %, 20836 MiB, 129.21 W, 41, 2760 MHz, 10251 MHz
2026/08/11 12:58:51.694, 0, NVIDIA GeForce RTX 4090, 100 %, 20836 MiB, 128.98 W, 41, 2760 MHz, 10251 MHz
2026/08/11 12:58:56.695, 0, NVIDIA GeForce RTX 4090, 100 %, 20836 MiB, 128.50 W, 41, 2760 MHz, 10251 MHz
2026/08/11 12:59:01.696, 0, NVIDIA GeForce RTX 4090, 100 %, 20836 MiB, 128.80 W, 41, 2760 MHz, 10251 MHz
2026/08/11 12:59:06.697, 0, NVIDIA GeForce RTX 4090, 100 %, 20836 MiB, 128.28 W, 41, 2760 MHz, 10251 MHz
2026/08/11 12:59:11.698, 0, NVIDIA GeForce RTX 4090, 100 %, 20836 MiB, 127.87 W, 41, 2760 MHz, 10251 MHz
2026/08/11 12:59:16.698, 0, NVIDIA GeForce RTX 4090, 100 %, 20836 MiB, 128.47 W, 41, 2760 MHz, 10251 MHz
2026/08/11 12:59:21.699, 0, NVIDIA GeForce RTX 4090, 100 %, 20836 MiB, 128.01 W, 41, 2760 MHz, 10251 MHz
2026/08/11 12:59:26.700, 0, NVIDIA GeForce RTX 4090, 100 %, 20836 MiB, 128.19 W, 41, 2760 MHz, 10251 MHz
2026/08/11 12:59:31.700, 0, NVIDIA GeForce RTX 4090, 100 %, 20836 MiB, 128.01 W, 41, 2760 MHz, 10251 MHz
2026/08/11 12:59:36.701, 0, NVIDIA GeForce RTX 4090, 100 %, 20836 MiB, 128.23 W, 41, 2760 MHz, 10251 MHz
2026/08/11 12:59:41.702, 0, NVIDIA GeForce RTX 4090, 0 %, 23108 MiB, 71.07 W, 38, 2520 MHz, 10251 MHz
2026/08/11 12:59:46.702, 0, NVIDIA GeForce RTX 4090, 0 %, 23108 MiB, 60.05 W, 37, 2520 MHz, 10251 MHz
2026/08/11 12:59:51.703, 0, NVIDIA GeForce RTX 4090, 0 %, 23108 MiB, 60.04 W, 36, 2520 MHz, 10251 MHz
2026/08/11 12:59:56.704, 0, NVIDIA GeForce RTX 4090, 0 %, 23108 MiB, 53.08 W, 35, 420 MHz, 810 MHz
2026/08/11 13:00:01.705, 0, NVIDIA GeForce RTX 4090, 0 %, 23108 MiB, 20.05 W, 34, 210 MHz, 405 MHz
2026/08/11 13:00:06.706, 0, NVIDIA GeForce RTX 4090, 0 %, 23108 MiB, 19.90 W, 34, 210 MHz, 405 MHz
2026/08/11 13:00:11.706, 0, NVIDIA GeForce RTX 4090, 0 %, 23108 MiB, 19.37 W, 33, 210 MHz, 405 MHz
2026/08/11 13:00:16.707, 0, NVIDIA GeForce RTX 4090, 0 %, 23108 MiB, 19.16 W, 33, 210 MHz, 405 MHz
2026/08/11 13:00:21.708, 0, NVIDIA GeForce RTX 4090, 0 %, 23108 MiB, 19.69 W, 32, 210 MHz, 405 MHz
2026/08/11 13:00:26.708, 0, NVIDIA GeForce RTX 4090, 0 %, 23108 MiB, 19.89 W, 32, 210 MHz, 405 MHz
2026/08/11 13:00:31.709, 0, NVIDIA GeForce RTX 4090, 0 %, 23108 MiB, 19.83 W, 32, 210 MHz, 405 MHz
2026/08/11 13:00:36.710, 0, NVIDIA GeForce RTX 4090, 0 %, 23108 MiB, 20.09 W, 31, 210 MHz, 405 MHz
2026/08/11 13:00:41.710, 0, NVIDIA GeForce RTX 4090, 0 %, 23108 MiB, 19.96 W, 31, 210 MHz, 405 MHz
2026/08/11 13:00:46.711, 0, NVIDIA GeForce RTX 4090, 0 %, 23108 MiB, 19.79 W, 31, 210 MHz, 405 MHz
2026/08/11 13:00:51.712, 0, NVIDIA GeForce RTX 4090, 0 %, 23108 MiB, 19.49 W, 31, 210 MHz, 405 MHz
2026/08/11 13:00:56.713, 0, NVIDIA GeForce RTX 4090, 0 %, 23108 MiB, 19.48 W, 30, 210 MHz, 405 MHz
2026/08/11 13:01:01.713, 0, NVIDIA GeForce RTX 4090, 0 %, 23108 MiB, 19.83 W, 30, 210 MHz, 405 MHz
2026/08/11 13:01:06.714, 0, NVIDIA GeForce RTX 4090, 0 %, 23108 MiB, 19.43 W, 30, 210 MHz, 405 MHz
2026/08/11 13:01:11.715, 0, NVIDIA GeForce RTX 4090, 0 %, 23108 MiB, 19.84 W, 30, 210 MHz, 405 MHz
2026/08/11 13:01:16.715, 0, NVIDIA GeForce RTX 4090, 0 %, 23108 MiB, 19.60 W, 30, 210 MHz, 405 MHz
2026/08/11 13:01:21.716, 0, NVIDIA GeForce RTX 4090, 0 %, 23108 MiB, 19.30 W, 30, 210 MHz, 405 MHz
2026/08/11 13:01:26.717, 0, NVIDIA GeForce RTX 4090, 0 %, 23108 MiB, 19.47 W, 29, 210 MHz, 405 MHz
2026/08/11 13:01:31.717, 0, NVIDIA GeForce RTX 4090, 0 %, 23108 MiB, 19.32 W, 29, 210 MHz, 405 MHz
2026/08/11 13:01:36.719, 0, NVIDIA GeForce RTX 4090, 0 %, 23108 MiB, 19.22 W, 29, 210 MHz, 405 MHz
2026/08/11 13:01:41.720, 0, NVIDIA GeForce RTX 4090, 0 %, 23108 MiB, 19.15 W, 29, 210 MHz, 405 MHz
2026/08/11 13:01:46.720, 0, NVIDIA GeForce RTX 4090, 0 %, 23108 MiB, 19.05 W, 29, 210 MHz, 405 MHz
2026/08/11 13:01:51.721, 0, NVIDIA GeForce RTX 4090, 0 %, 23108 MiB, 18.84 W, 29, 210 MHz, 405 MHz
2026/08/11 13:01:56.722, 0, NVIDIA GeForce RTX 4090, 0 %, 23108 MiB, 19.18 W, 29, 210 MHz, 405 MHz
2026/08/11 13:02:01.723, 0, NVIDIA GeForce RTX 4090, 0 %, 23108 MiB, 18.66 W, 29, 210 MHz, 405 MHz
2026/08/11 13:02:06.723, 0, NVIDIA GeForce RTX 4090, 0 %, 23108 MiB, 19.03 W, 29, 210 MHz, 405 MHz
2026/08/11 13:02:11.724, 0, NVIDIA GeForce RTX 4090, 0 %, 23108 MiB, 18.78 W, 29, 210 MHz, 405 MHz
2026/08/11 13:02:16.731, 0, NVIDIA GeForce RTX 4090, 0 %, 19716 MiB, 57.83 W, 30, 2520 MHz, 10251 MHz
2026/08/11 13:02:21.732, 0, NVIDIA GeForce RTX 4090, 0 %, 19716 MiB, 57.66 W, 30, 2520 MHz, 10251 MHz
2026/08/11 13:02:26.733, 0, NVIDIA GeForce RTX 4090, 0 %, 19716 MiB, 57.76 W, 30, 2520 MHz, 10251 MHz
2026/08/11 13:02:31.733, 0, NVIDIA GeForce RTX 4090, 0 %, 19716 MiB, 22.18 W, 29, 210 MHz, 405 MHz
2026/08/11 13:02:36.734, 0, NVIDIA GeForce RTX 4090, 0 %, 19716 MiB, 18.82 W, 29, 210 MHz, 405 MHz
2026/08/11 13:02:41.735, 0, NVIDIA GeForce RTX 4090, 0 %, 19716 MiB, 19.05 W, 29, 210 MHz, 405 MHz
2026/08/11 13:02:46.736, 0, NVIDIA GeForce RTX 4090, 0 %, 19716 MiB, 19.35 W, 29, 210 MHz, 405 MHz
2026/08/11 13:02:51.736, 0, NVIDIA GeForce RTX 4090, 0 %, 19716 MiB, 19.68 W, 29, 210 MHz, 405 MHz
2026/08/11 13:02:56.737, 0, NVIDIA GeForce RTX 4090, 0 %, 19716 MiB, 19.58 W, 29, 210 MHz, 405 MHz
2026/08/11 13:03:01.738, 0, NVIDIA GeForce RTX 4090, 0 %, 19716 MiB, 19.44 W, 29, 210 MHz, 405 MHz
2026/08/11 13:03:06.739, 0, NVIDIA GeForce RTX 4090, 0 %, 19716 MiB, 19.59 W, 29, 210 MHz, 405 MHz
2026/08/11 13:03:11.740, 0, NVIDIA GeForce RTX 4090, 0 %, 19716 MiB, 19.67 W, 29, 210 MHz, 405 MHz
2026/08/11 13:03:16.740, 0, NVIDIA GeForce RTX 4090, 0 %, 19716 MiB, 19.37 W, 29, 210 MHz, 405 MHz
2026/08/11 13:03:21.741, 0, NVIDIA GeForce RTX 4090, 0 %, 19716 MiB, 19.48 W, 28, 210 MHz, 405 MHz
2026/08/11 13:03:26.742, 0, NVIDIA GeForce RTX 4090, 0 %, 19716 MiB, 19.50 W, 28, 210 MHz, 405 MHz
2026/08/11 13:03:31.744, 0, NVIDIA GeForce RTX 4090, 0 %, 19716 MiB, 19.50 W, 28, 210 MHz, 405 MHz
2026/08/11 13:03:36.745, 0, NVIDIA GeForce RTX 4090, 0 %, 19716 MiB, 19.25 W, 28, 210 MHz, 405 MHz
2026/08/11 13:03:41.745, 0, NVIDIA GeForce RTX 4090, 0 %, 19716 MiB, 18.90 W, 28, 210 MHz, 405 MHz
2026/08/11 13:03:46.746, 0, NVIDIA GeForce RTX 4090, 0 %, 19716 MiB, 19.08 W, 28, 210 MHz, 405 MHz
2026/08/11 13:03:51.747, 0, NVIDIA GeForce RTX 4090, 0 %, 19716 MiB, 18.53 W, 28, 210 MHz, 405 MHz
2026/08/11 13:03:56.748, 0, NVIDIA GeForce RTX 4090, 0 %, 19716 MiB, 18.74 W, 28, 210 MHz, 405 MHz
2026/08/11 13:04:01.749, 0, NVIDIA GeForce RTX 4090, 0 %, 19716 MiB, 18.74 W, 28, 210 MHz, 405 MHz
2026/08/11 13:04:06.749, 0, NVIDIA GeForce RTX 4090, 0 %, 19716 MiB, 18.56 W, 28, 210 MHz, 405 MHz
2026/08/11 13:04:11.750, 0, NVIDIA GeForce RTX 4090, 0 %, 19716 MiB, 18.76 W, 28, 210 MHz, 405 MHz
2026/08/11 13:04:16.750, 0, NVIDIA GeForce RTX 4090, 0 %, 19716 MiB, 19.05 W, 28, 210 MHz, 405 MHz
2026/08/11 13:04:21.751, 0, NVIDIA GeForce RTX 4090, 0 %, 19716 MiB, 19.26 W, 28, 210 MHz, 405 MHz
2026/08/11 13:04:26.751, 0, NVIDIA GeForce RTX 4090, 0 %, 19716 MiB, 19.07 W, 28, 210 MHz, 405 MHz
2026/08/11 13:04:31.752, 0, NVIDIA GeForce RTX 4090, 0 %, 19716 MiB, 19.04 W, 28, 210 MHz, 405 MHz
2026/08/11 13:04:36.753, 0, NVIDIA GeForce RTX 4090, 0 %, 19716 MiB, 19.34 W, 28, 210 MHz, 405 MHz
2026/08/11 13:04:41.753, 0, NVIDIA GeForce RTX 4090, 0 %, 19716 MiB, 18.78 W, 28, 210 MHz, 405 MHz
2026/08/11 13:04:46.754, 0, NVIDIA GeForce RTX 4090, 0 %, 19716 MiB, 19.19 W, 28, 210 MHz, 405 MHz
2026/08/11 13:04:51.754, 0, NVIDIA GeForce RTX 4090, 0 %, 19716 MiB, 19.06 W, 28, 210 MHz, 405 MHz
2026/08/11 13:04:56.755, 0, NVIDIA GeForce RTX 4090, 0 %, 19716 MiB, 19.09 W, 28, 210 MHz, 405 MHz
2026/08/11 13:05:01.755, 0, NVIDIA GeForce RTX 4090, 0 %, 19716 MiB, 19.35 W, 28, 210 MHz, 405 MHz
2026/08/11 13:05:06.756, 0, NVIDIA GeForce RTX 4090, 0 %, 19716 MiB, 18.89 W, 28, 210 MHz, 405 MHz
2026/08/11 13:05:11.757, 0, NVIDIA GeForce RTX 4090, 0 %, 19716 MiB, 19.01 W, 28, 210 MHz, 405 MHz
2026/08/11 13:05:16.757, 0, NVIDIA GeForce RTX 4090, 0 %, 19716 MiB, 18.93 W, 28, 210 MHz, 405 MHz
2026/08/11 13:05:21.758, 0, NVIDIA GeForce RTX 4090, 0 %, 19716 MiB, 19.05 W, 28, 210 MHz, 405 MHz
2026/08/11 13:05:26.759, 0, NVIDIA GeForce RTX 4090, 0 %, 19716 MiB, 19.39 W, 28, 210 MHz, 405 MHz
2026/08/11 13:05:31.760, 0, NVIDIA GeForce RTX 4090, 0 %, 19716 MiB, 19.24 W, 28, 210 MHz, 405 MHz
2026/08/11 13:05:36.760, 0, NVIDIA GeForce RTX 4090, 0 %, 19716 MiB, 19.33 W, 28, 210 MHz, 405 MHz
2026/08/11 13:05:41.761, 0, NVIDIA GeForce RTX 4090, 0 %, 19716 MiB, 19.05 W, 28, 210 MHz, 405 MHz
2026/08/11 13:05:46.762, 0, NVIDIA GeForce RTX 4090, 0 %, 19716 MiB, 19.32 W, 28, 210 MHz, 405 MHz
2026/08/11 13:05:51.763, 0, NVIDIA GeForce RTX 4090, 0 %, 19716 MiB, 19.07 W, 28, 210 MHz, 405 MHz
2026/08/11 13:05:56.763, 0, NVIDIA GeForce RTX 4090, 0 %, 19716 MiB, 19.22 W, 28, 210 MHz, 405 MHz
2026/08/11 13:06:01.764, 0, NVIDIA GeForce RTX 4090, 0 %, 19716 MiB, 19.55 W, 28, 210 MHz, 405 MHz
2026/08/11 13:06:06.765, 0, NVIDIA GeForce RTX 4090, 0 %, 19716 MiB, 19.02 W, 28, 210 MHz, 405 MHz
2026/08/11 13:06:11.766, 0, NVIDIA GeForce RTX 4090, 0 %, 19716 MiB, 19.11 W, 28, 210 MHz, 405 MHz
2026/08/11 13:06:16.766, 0, NVIDIA GeForce RTX 4090, 0 %, 19716 MiB, 19.33 W, 28, 210 MHz, 405 MHz
2026/08/11 13:06:21.767, 0, NVIDIA GeForce RTX 4090, 0 %, 19716 MiB, 19.22 W, 28, 210 MHz, 405 MHz
2026/08/11 13:06:26.768, 0, NVIDIA GeForce RTX 4090, 0 %, 19716 MiB, 19.34 W, 28, 210 MHz, 405 MHz
2026/08/11 13:06:31.768, 0, NVIDIA GeForce RTX 4090, 0 %, 19716 MiB, 19.33 W, 28, 210 MHz, 405 MHz
2026/08/11 13:06:36.769, 0, NVIDIA GeForce RTX 4090, 0 %, 19716 MiB, 19.02 W, 28, 210 MHz, 405 MHz
2026/08/11 13:06:41.770, 0, NVIDIA GeForce RTX 4090, 0 %, 19716 MiB, 18.82 W, 28, 210 MHz, 405 MHz
2026/08/11 13:06:46.770, 0, NVIDIA GeForce RTX 4090, 0 %, 19716 MiB, 19.04 W, 28, 210 MHz, 405 MHz
2026/08/11 13:06:51.771, 0, NVIDIA GeForce RTX 4090, 0 %, 19716 MiB, 18.74 W, 28, 210 MHz, 405 MHz
2026/08/11 13:06:56.772, 0, NVIDIA GeForce RTX 4090, 0 %, 19716 MiB, 18.87 W, 28, 210 MHz, 405 MHz
2026/08/11 13:07:01.773, 0, NVIDIA GeForce RTX 4090, 0 %, 19716 MiB, 19.13 W, 28, 210 MHz, 405 MHz
2026/08/11 13:07:06.774, 0, NVIDIA GeForce RTX 4090, 0 %, 19716 MiB, 19.24 W, 28, 210 MHz, 405 MHz
2026/08/11 13:07:11.774, 0, NVIDIA GeForce RTX 4090, 0 %, 19716 MiB, 18.97 W, 28, 210 MHz, 405 MHz
2026/08/11 13:07:16.775, 0, NVIDIA GeForce RTX 4090, 0 %, 19716 MiB, 19.17 W, 28, 210 MHz, 405 MHz
2026/08/11 13:07:21.776, 0, NVIDIA GeForce RTX 4090, 0 %, 19716 MiB, 19.50 W, 28, 210 MHz, 405 MHz
2026/08/11 13:07:26.777, 0, NVIDIA GeForce RTX 4090, 0 %, 19716 MiB, 19.15 W, 28, 210 MHz, 405 MHz
2026/08/11 13:07:31.778, 0, NVIDIA GeForce RTX 4090, 0 %, 19716 MiB, 19.00 W, 28, 210 MHz, 405 MHz
2026/08/11 13:07:36.778, 0, NVIDIA GeForce RTX 4090, 0 %, 19716 MiB, 19.08 W, 28, 210 MHz, 405 MHz
2026/08/11 13:07:41.779, 0, NVIDIA GeForce RTX 4090, 0 %, 19716 MiB, 19.14 W, 28, 210 MHz, 405 MHz
2026/08/11 13:07:46.779, 0, NVIDIA GeForce RTX 4090, 0 %, 19716 MiB, 18.94 W, 28, 210 MHz, 405 MHz
2026/08/11 13:07:51.780, 0, NVIDIA GeForce RTX 4090, 0 %, 19716 MiB, 19.09 W, 28, 210 MHz, 405 MHz
2026/08/11 13:07:56.781, 0, NVIDIA GeForce RTX 4090, 0 %, 19716 MiB, 57.28 W, 29, 2520 MHz, 10251 MHz
2026/08/11 13:08:01.782, 0, NVIDIA GeForce RTX 4090, 0 %, 19716 MiB, 57.33 W, 30, 2520 MHz, 10251 MHz
2026/08/11 13:08:06.783, 0, NVIDIA GeForce RTX 4090, 0 %, 19716 MiB, 57.83 W, 30, 2520 MHz, 10251 MHz
2026/08/11 13:08:11.783, 0, NVIDIA GeForce RTX 4090, 0 %, 19716 MiB, 25.49 W, 29, 225 MHz, 405 MHz
2026/08/11 13:08:16.784, 0, NVIDIA GeForce RTX 4090, 0 %, 19716 MiB, 19.05 W, 29, 210 MHz, 405 MHz
2026/08/11 13:08:21.785, 0, NVIDIA GeForce RTX 4090, 0 %, 19716 MiB, 18.68 W, 29, 210 MHz, 405 MHz
2026/08/11 13:08:26.785, 0, NVIDIA GeForce RTX 4090, 0 %, 19716 MiB, 19.00 W, 28, 210 MHz, 405 MHz
2026/08/11 13:08:31.786, 0, NVIDIA GeForce RTX 4090, 0 %, 19716 MiB, 18.68 W, 28, 210 MHz, 405 MHz
2026/08/11 13:08:36.787, 0, NVIDIA GeForce RTX 4090, 0 %, 19716 MiB, 19.04 W, 28, 210 MHz, 405 MHz
2026/08/11 13:08:41.787, 0, NVIDIA GeForce RTX 4090, 0 %, 19716 MiB, 19.21 W, 28, 210 MHz, 405 MHz
2026/08/11 13:08:46.788, 0, NVIDIA GeForce RTX 4090, 0 %, 19716 MiB, 19.27 W, 28, 210 MHz, 405 MHz
2026/08/11 13:08:51.789, 0, NVIDIA GeForce RTX 4090, 0 %, 19716 MiB, 19.01 W, 28, 210 MHz, 405 MHz
2026/08/11 13:08:56.790, 0, NVIDIA GeForce RTX 4090, 0 %, 19716 MiB, 19.11 W, 28, 210 MHz, 405 MHz
2026/08/11 13:09:01.790, 0, NVIDIA GeForce RTX 4090, 0 %, 19716 MiB, 18.95 W, 28, 210 MHz, 405 MHz
2026/08/11 13:09:06.791, 0, NVIDIA GeForce RTX 4090, 0 %, 19716 MiB, 18.92 W, 28, 210 MHz, 405 MHz
2026/08/11 13:09:11.791, 0, NVIDIA GeForce RTX 4090, 0 %, 19716 MiB, 19.30 W, 28, 210 MHz, 405 MHz
2026/08/11 13:09:16.792, 0, NVIDIA GeForce RTX 4090, 0 %, 19716 MiB, 18.65 W, 28, 210 MHz, 405 MHz
2026/08/11 13:09:21.793, 0, NVIDIA GeForce RTX 4090, 0 %, 19716 MiB, 19.17 W, 28, 210 MHz, 405 MHz
2026/08/11 13:09:26.793, 0, NVIDIA GeForce RTX 4090, 0 %, 19716 MiB, 19.17 W, 28, 210 MHz, 405 MHz
2026/08/11 13:09:31.794, 0, NVIDIA GeForce RTX 4090, 0 %, 19716 MiB, 18.96 W, 28, 210 MHz, 405 MHz
2026/08/11 13:09:36.795, 0, NVIDIA GeForce RTX 4090, 0 %, 19716 MiB, 19.01 W, 28, 210 MHz, 405 MHz
2026/08/11 13:09:41.795, 0, NVIDIA GeForce RTX 4090, 0 %, 19716 MiB, 19.01 W, 28, 210 MHz, 405 MHz
2026/08/11 13:09:46.796, 0, NVIDIA GeForce RTX 4090, 0 %, 19716 MiB, 18.69 W, 28, 210 MHz, 405 MHz
2026/08/11 13:09:51.797, 0, NVIDIA GeForce RTX 4090, 0 %, 19716 MiB, 19.05 W, 28, 210 MHz, 405 MHz
2026/08/11 13:09:56.798, 0, NVIDIA GeForce RTX 4090, 0 %, 19716 MiB, 19.31 W, 28, 210 MHz, 405 MHz
2026/08/11 13:10:01.798, 0, NVIDIA GeForce RTX 4090, 0 %, 19716 MiB, 19.22 W, 28, 210 MHz, 405 MHz
2026/08/11 13:10:06.799, 0, NVIDIA GeForce RTX 4090, 0 %, 19716 MiB, 19.23 W, 28, 210 MHz, 405 MHz
2026/08/11 13:10:11.800, 0, NVIDIA GeForce RTX 4090, 0 %, 19716 MiB, 19.61 W, 28, 210 MHz, 405 MHz
2026/08/11 13:10:16.800, 0, NVIDIA GeForce RTX 4090, 0 %, 19716 MiB, 19.32 W, 28, 210 MHz, 405 MHz
2026/08/11 13:10:21.801, 0, NVIDIA GeForce RTX 4090, 0 %, 19716 MiB, 19.19 W, 28, 210 MHz, 405 MHz
2026/08/11 13:10:26.802, 0, NVIDIA GeForce RTX 4090, 0 %, 19716 MiB, 19.42 W, 28, 210 MHz, 405 MHz
2026/08/11 13:10:31.803, 0, NVIDIA GeForce RTX 4090, 0 %, 19716 MiB, 19.14 W, 28, 210 MHz, 405 MHz
2026/08/11 13:10:36.804, 0, NVIDIA GeForce RTX 4090, 0 %, 19716 MiB, 19.73 W, 28, 210 MHz, 405 MHz
2026/08/11 13:10:41.804, 0, NVIDIA GeForce RTX 4090, 0 %, 19716 MiB, 19.75 W, 28, 210 MHz, 405 MHz
2026/08/11 13:10:46.805, 0, NVIDIA GeForce RTX 4090, 0 %, 19716 MiB, 19.74 W, 28, 210 MHz, 405 MHz
2026/08/11 13:10:51.806, 0, NVIDIA GeForce RTX 4090, 0 %, 19716 MiB, 19.71 W, 28, 210 MHz, 405 MHz
2026/08/11 13:10:56.807, 0, NVIDIA GeForce RTX 4090, 0 %, 19716 MiB, 19.52 W, 28, 210 MHz, 405 MHz
2026/08/11 13:11:01.808, 0, NVIDIA GeForce RTX 4090, 0 %, 19716 MiB, 19.28 W, 28, 210 MHz, 405 MHz
2026/08/11 13:11:06.809, 0, NVIDIA GeForce RTX 4090, 0 %, 19716 MiB, 19.88 W, 28, 210 MHz, 405 MHz
2026/08/11 13:11:11.809, 0, NVIDIA GeForce RTX 4090, 0 %, 19716 MiB, 19.51 W, 28, 210 MHz, 405 MHz
2026/08/11 13:11:16.810, 0, NVIDIA GeForce RTX 4090, 0 %, 19716 MiB, 19.19 W, 28, 210 MHz, 405 MHz
2026/08/11 13:11:21.811, 0, NVIDIA GeForce RTX 4090, 0 %, 19716 MiB, 19.05 W, 28, 210 MHz, 405 MHz
2026/08/11 13:11:26.812, 0, NVIDIA GeForce RTX 4090, 0 %, 19716 MiB, 19.13 W, 27, 210 MHz, 405 MHz
2026/08/11 13:11:31.812, 0, NVIDIA GeForce RTX 4090, 0 %, 19716 MiB, 19.14 W, 27, 210 MHz, 405 MHz
2026/08/11 13:11:36.813, 0, NVIDIA GeForce RTX 4090, 0 %, 19716 MiB, 19.58 W, 27, 210 MHz, 405 MHz
2026/08/11 13:11:41.814, 0, NVIDIA GeForce RTX 4090, 0 %, 19716 MiB, 19.32 W, 27, 210 MHz, 405 MHz
2026/08/11 13:11:46.815, 0, NVIDIA GeForce RTX 4090, 0 %, 19716 MiB, 19.70 W, 27, 210 MHz, 405 MHz
2026/08/11 13:11:51.816, 0, NVIDIA GeForce RTX 4090, 0 %, 19716 MiB, 19.38 W, 27, 210 MHz, 405 MHz
2026/08/11 13:11:56.816, 0, NVIDIA GeForce RTX 4090, 0 %, 19716 MiB, 18.96 W, 27, 210 MHz, 405 MHz
2026/08/11 13:12:01.817, 0, NVIDIA GeForce RTX 4090, 0 %, 19716 MiB, 19.29 W, 27, 210 MHz, 405 MHz
2026/08/11 13:12:06.818, 0, NVIDIA GeForce RTX 4090, 0 %, 19716 MiB, 19.16 W, 27, 210 MHz, 405 MHz
2026/08/11 13:12:11.818, 0, NVIDIA GeForce RTX 4090, 0 %, 19716 MiB, 19.30 W, 27, 210 MHz, 405 MHz
2026/08/11 13:12:16.819, 0, NVIDIA GeForce RTX 4090, 0 %, 19716 MiB, 19.44 W, 27, 210 MHz, 405 MHz
2026/08/11 13:12:21.820, 0, NVIDIA GeForce RTX 4090, 0 %, 19716 MiB, 19.32 W, 27, 210 MHz, 405 MHz
2026/08/11 13:12:26.820, 0, NVIDIA GeForce RTX 4090, 0 %, 19716 MiB, 19.06 W, 27, 210 MHz, 405 MHz
2026/08/11 13:12:31.821, 0, NVIDIA GeForce RTX 4090, 0 %, 19716 MiB, 19.31 W, 27, 210 MHz, 405 MHz
2026/08/11 13:12:36.822, 0, NVIDIA GeForce RTX 4090, 0 %, 19716 MiB, 18.91 W, 27, 210 MHz, 405 MHz
2026/08/11 13:12:41.823, 0, NVIDIA GeForce RTX 4090, 0 %, 19716 MiB, 19.40 W, 27, 210 MHz, 405 MHz
2026/08/11 13:12:46.823, 0, NVIDIA GeForce RTX 4090, 0 %, 19716 MiB, 19.42 W, 27, 210 MHz, 405 MHz
2026/08/11 13:12:51.824, 0, NVIDIA GeForce RTX 4090, 0 %, 19716 MiB, 19.09 W, 27, 210 MHz, 405 MHz
2026/08/11 13:12:56.825, 0, NVIDIA GeForce RTX 4090, 0 %, 19716 MiB, 19.18 W, 27, 210 MHz, 405 MHz
2026/08/11 13:13:01.826, 0, NVIDIA GeForce RTX 4090, 0 %, 19716 MiB, 19.04 W, 27, 210 MHz, 405 MHz
2026/08/11 13:13:06.827, 0, NVIDIA GeForce RTX 4090, 0 %, 19716 MiB, 19.14 W, 27, 210 MHz, 405 MHz
2026/08/11 13:13:11.828, 0, NVIDIA GeForce RTX 4090, 0 %, 19716 MiB, 19.20 W, 27, 210 MHz, 405 MHz
2026/08/11 13:13:16.829, 0, NVIDIA GeForce RTX 4090, 0 %, 19716 MiB, 19.38 W, 27, 210 MHz, 405 MHz
2026/08/11 13:13:21.829, 0, NVIDIA GeForce RTX 4090, 0 %, 19716 MiB, 19.29 W, 27, 210 MHz, 405 MHz
2026/08/11 13:13:26.830, 0, NVIDIA GeForce RTX 4090, 0 %, 19716 MiB, 19.17 W, 27, 210 MHz, 405 MHz
2026/08/11 13:13:31.831, 0, NVIDIA GeForce RTX 4090, 0 %, 19716 MiB, 18.98 W, 27, 210 MHz, 405 MHz
2026/08/11 13:13:36.832, 0, NVIDIA GeForce RTX 4090, 0 %, 19716 MiB, 19.06 W, 27, 210 MHz, 405 MHz
2026/08/11 13:13:41.832, 0, NVIDIA GeForce RTX 4090, 0 %, 19716 MiB, 19.06 W, 27, 210 MHz, 405 MHz
2026/08/11 13:13:46.833, 0, NVIDIA GeForce RTX 4090, 0 %, 19716 MiB, 18.90 W, 27, 210 MHz, 405 MHz
2026/08/11 13:13:51.834, 0, NVIDIA GeForce RTX 4090, 0 %, 19716 MiB, 19.17 W, 27, 210 MHz, 405 MHz
2026/08/11 13:13:56.834, 0, NVIDIA GeForce RTX 4090, 0 %, 19716 MiB, 19.20 W, 27, 210 MHz, 405 MHz
2026/08/11 13:14:01.835, 0, NVIDIA GeForce RTX 4090, 0 %, 19716 MiB, 19.30 W, 27, 210 MHz, 405 MHz
2026/08/11 13:14:06.836, 0, NVIDIA GeForce RTX 4090, 0 %, 19716 MiB, 18.93 W, 27, 210 MHz, 405 MHz
2026/08/11 13:14:11.837, 0, NVIDIA GeForce RTX 4090, 0 %, 19716 MiB, 19.18 W, 27, 210 MHz, 405 MHz
2026/08/11 13:14:16.837, 0, NVIDIA GeForce RTX 4090, 0 %, 19716 MiB, 19.18 W, 27, 210 MHz, 405 MHz
2026/08/11 13:14:21.838, 0, NVIDIA GeForce RTX 4090, 0 %, 19716 MiB, 19.45 W, 27, 210 MHz, 405 MHz
2026/08/11 13:14:26.839, 0, NVIDIA GeForce RTX 4090, 0 %, 19716 MiB, 19.31 W, 27, 210 MHz, 405 MHz
2026/08/11 13:14:31.839, 0, NVIDIA GeForce RTX 4090, 0 %, 19716 MiB, 19.14 W, 27, 210 MHz, 405 MHz
2026/08/11 13:14:36.840, 0, NVIDIA GeForce RTX 4090, 0 %, 19716 MiB, 19.28 W, 27, 210 MHz, 405 MHz
2026/08/11 13:14:41.841, 0, NVIDIA GeForce RTX 4090, 0 %, 19716 MiB, 19.27 W, 27, 210 MHz, 405 MHz
2026/08/11 13:14:46.841, 0, NVIDIA GeForce RTX 4090, 0 %, 19716 MiB, 19.44 W, 27, 210 MHz, 405 MHz
2026/08/11 13:14:51.842, 0, NVIDIA GeForce RTX 4090, 0 %, 19716 MiB, 19.33 W, 27, 210 MHz, 405 MHz
2026/08/11 13:14:56.843, 0, NVIDIA GeForce RTX 4090, 0 %, 19716 MiB, 19.14 W, 27, 210 MHz, 405 MHz
2026/08/11 13:15:01.843, 0, NVIDIA GeForce RTX 4090, 0 %, 19716 MiB, 19.31 W, 27, 210 MHz, 405 MHz
2026/08/11 13:15:06.844, 0, NVIDIA GeForce RTX 4090, 0 %, 19716 MiB, 19.16 W, 27, 210 MHz, 405 MHz
2026/08/11 13:15:11.845, 0, NVIDIA GeForce RTX 4090, 0 %, 19716 MiB, 19.62 W, 27, 210 MHz, 405 MHz
2026/08/11 13:15:16.846, 0, NVIDIA GeForce RTX 4090, 0 %, 19716 MiB, 19.44 W, 27, 210 MHz, 405 MHz
2026/08/11 13:15:21.846, 0, NVIDIA GeForce RTX 4090, 0 %, 19716 MiB, 19.33 W, 27, 210 MHz, 405 MHz
2026/08/11 13:15:26.847, 0, NVIDIA GeForce RTX 4090, 0 %, 19716 MiB, 19.27 W, 27, 210 MHz, 405 MHz
2026/08/11 13:15:31.848, 0, NVIDIA GeForce RTX 4090, 0 %, 19716 MiB, 19.49 W, 27, 210 MHz, 405 MHz
2026/08/11 13:15:36.849, 0, NVIDIA GeForce RTX 4090, 0 %, 19716 MiB, 19.58 W, 27, 210 MHz, 405 MHz
2026/08/11 13:15:41.849, 0, NVIDIA GeForce RTX 4090, 0 %, 19716 MiB, 19.28 W, 27, 210 MHz, 405 MHz
2026/08/11 13:15:46.850, 0, NVIDIA GeForce RTX 4090, 0 %, 19716 MiB, 19.06 W, 27, 210 MHz, 405 MHz
2026/08/11 13:15:51.851, 0, NVIDIA GeForce RTX 4090, 0 %, 19716 MiB, 19.13 W, 27, 210 MHz, 405 MHz
2026/08/11 13:15:56.851, 0, NVIDIA GeForce RTX 4090, 0 %, 19716 MiB, 19.04 W, 27, 210 MHz, 405 MHz
2026/08/11 13:16:01.852, 0, NVIDIA GeForce RTX 4090, 0 %, 19716 MiB, 19.09 W, 27, 210 MHz, 405 MHz
2026/08/11 13:16:06.853, 0, NVIDIA GeForce RTX 4090, 0 %, 19716 MiB, 19.05 W, 28, 210 MHz, 405 MHz
2026/08/11 13:16:11.853, 0, NVIDIA GeForce RTX 4090, 0 %, 19716 MiB, 19.28 W, 28, 210 MHz, 405 MHz
2026/08/11 13:16:16.854, 0, NVIDIA GeForce RTX 4090, 0 %, 19716 MiB, 19.57 W, 28, 210 MHz, 405 MHz
2026/08/11 13:16:21.854, 0, NVIDIA GeForce RTX 4090, 0 %, 19716 MiB, 19.33 W, 28, 210 MHz, 405 MHz
2026/08/11 13:16:26.855, 0, NVIDIA GeForce RTX 4090, 0 %, 19716 MiB, 19.30 W, 28, 210 MHz, 405 MHz
2026/08/11 13:16:31.856, 0, NVIDIA GeForce RTX 4090, 0 %, 19716 MiB, 18.94 W, 28, 210 MHz, 405 MHz
2026/08/11 13:16:36.857, 0, NVIDIA GeForce RTX 4090, 0 %, 19716 MiB, 19.12 W, 28, 210 MHz, 405 MHz
2026/08/11 13:16:41.858, 0, NVIDIA GeForce RTX 4090, 0 %, 19716 MiB, 19.23 W, 28, 210 MHz, 405 MHz
2026/08/11 13:16:46.859, 0, NVIDIA GeForce RTX 4090, 0 %, 19716 MiB, 18.93 W, 28, 210 MHz, 405 MHz
2026/08/11 13:16:51.859, 0, NVIDIA GeForce RTX 4090, 0 %, 19716 MiB, 19.00 W, 28, 210 MHz, 405 MHz
2026/08/11 13:16:56.860, 0, NVIDIA GeForce RTX 4090, 0 %, 19716 MiB, 19.26 W, 28, 210 MHz, 405 MHz
2026/08/11 13:17:01.861, 0, NVIDIA GeForce RTX 4090, 0 %, 19716 MiB, 19.36 W, 28, 210 MHz, 405 MHz
2026/08/11 13:17:06.861, 0, NVIDIA GeForce RTX 4090, 0 %, 19716 MiB, 19.31 W, 28, 210 MHz, 405 MHz
2026/08/11 13:17:11.862, 0, NVIDIA GeForce RTX 4090, 0 %, 19716 MiB, 19.02 W, 28, 210 MHz, 405 MHz
2026/08/11 13:17:16.863, 0, NVIDIA GeForce RTX 4090, 0 %, 19716 MiB, 18.98 W, 28, 210 MHz, 405 MHz
2026/08/11 13:17:21.863, 0, NVIDIA GeForce RTX 4090, 0 %, 19716 MiB, 19.20 W, 28, 210 MHz, 405 MHz
2026/08/11 13:17:26.864, 0, NVIDIA GeForce RTX 4090, 0 %, 19716 MiB, 19.39 W, 28, 210 MHz, 405 MHz
2026/08/11 13:17:31.865, 0, NVIDIA GeForce RTX 4090, 0 %, 19716 MiB, 19.34 W, 28, 210 MHz, 405 MHz
2026/08/11 13:17:36.865, 0, NVIDIA GeForce RTX 4090, 0 %, 19716 MiB, 19.39 W, 28, 210 MHz, 405 MHz
2026/08/11 13:17:41.866, 0, NVIDIA GeForce RTX 4090, 0 %, 19716 MiB, 19.14 W, 28, 210 MHz, 405 MHz
2026/08/11 13:17:46.867, 0, NVIDIA GeForce RTX 4090, 0 %, 19716 MiB, 19.21 W, 28, 210 MHz, 405 MHz
2026/08/11 13:17:51.867, 0, NVIDIA GeForce RTX 4090, 0 %, 19716 MiB, 19.08 W, 28, 210 MHz, 405 MHz
2026/08/11 13:17:56.868, 0, NVIDIA GeForce RTX 4090, 0 %, 1 MiB, 58.03 W, 29, 555 MHz, 5001 MHz
2026/08/11 13:18:01.869, 0, NVIDIA GeForce RTX 4090, 0 %, 1 MiB, 18.99 W, 28, 210 MHz, 405 MHz
2026/08/11 13:18:06.869, 0, NVIDIA GeForce RTX 4090, 0 %, 1 MiB, 19.44 W, 28, 210 MHz, 405 MHz
2026/08/11 13:18:11.870, 0, NVIDIA GeForce RTX 4090, 0 %, 1 MiB, 19.05 W, 28, 210 MHz, 405 MHz
2026/08/11 13:18:16.871, 0, NVIDIA GeForce RTX 4090, 0 %, 1 MiB, 19.08 W, 28, 210 MHz, 405 MHz
2026/08/11 13:18:21.872, 0, NVIDIA GeForce RTX 4090, 0 %, 1 MiB, 19.15 W, 28, 210 MHz, 405 MHz
